participant_id,trial,Age,Gender,Height,Mass,BMI,n_frames,duration_sec,right_knee_rom_deg,left_knee_rom_deg,right_hip_rom_deg,left_hip_rom_deg,step_duration_sec,stride_duration_sec,cadence_steps_min,knee_rom_asymmetry_pct,step_time_asymmetry_pct,trunk_lean_deg
51,json_l_comf_01,25,F,169.5,65.73,22.88,123,1.23,103.11,112.0,98.71,90.52,0.37,0.74,162.16,8.26,13.84,4.98
51,json_l_comf_02,25,F,169.5,65.73,22.88,125,1.25,101.72,104.94,105.72,107.67,0.57,1.14,105.26,3.12,77.19,4.01
51,json_l_comf_03,25,F,169.5,65.73,22.88,122,1.22,105.96,111.6,107.11,122.27,0.46,0.92,130.43,5.19,2.2,5.62
51,json_l_comf_04,25,F,169.5,65.73,22.88,124,1.24,105.87,105.75,117.06,121.39,0.38,0.76,157.89,0.12,26.09,3.33
51,json_l_comf_05,25,F,169.5,65.73,22.88,123,1.23,105.19,107.74,127.45,121.18,0.42,0.83,144.58,2.4,55.42,5.89
51,json_l_comf_06,25,F,169.5,65.73,22.88,127,1.27,101.22,105.17,104.64,143.15,0.32,0.64,187.5,3.82,28.57,3.31
51,json_l_comf_07,25,F,169.5,65.73,22.88,123,1.23,105.68,112.32,112.94,126.2,0.57,1.13,106.19,6.09,37.17,5.73
51,json_l_comf_08,25,F,169.5,65.73,22.88,124,1.24,101.13,107.36,115.45,96.32,0.35,0.7,171.43,5.98,45.45,3.26
51,json_l_comf_09,25,F,169.5,65.73,22.88,123,1.23,105.91,110.51,119.91,114.88,0.57,1.15,104.35,4.25,40.0,4.03
51,json_l_comf_10,25,F,169.5,65.73,22.88,122,1.22,106.81,109.1,135.43,127.67,0.6,1.19,100.84,2.12,45.38,4.79
51,json_l_fast_01,25,F,169.5,65.73,22.88,115,1.15,95.61,66.44,104.5,115.39,0.54,1.08,111.11,36.0,88.89,5.9
51,json_l_fast_02,25,F,169.5,65.73,22.88,114,1.14,133.37,134.78,104.55,115.71,0.7,1.4,85.71,1.05,34.29,6.11
51,json_l_fast_03,25,F,169.5,65.73,22.88,114,1.14,107.39,130.24,99.34,111.58,0.62,1.23,97.56,19.23,4.88,6.13
51,json_l_fast_04,25,F,169.5,65.73,22.88,115,1.15,93.72,114.25,72.05,111.17,0.48,0.96,125.0,19.74,58.33,8.66
51,json_l_fast_05,25,F,169.5,65.73,22.88,117,1.17,91.78,113.55,71.47,115.74,0.48,0.97,123.71,21.2,55.67,7.53
51,json_l_fast_06,25,F,169.5,65.73,22.88,114,1.14,96.31,116.61,72.44,109.07,0.48,0.96,125.0,19.07,45.83,18.96
51,json_l_fast_07,25,F,169.5,65.73,22.88,114,1.14,58.58,90.71,55.93,101.02,0.58,1.16,103.45,43.04,65.52,24.61
51,json_l_fast_08,25,F,169.5,65.73,22.88,115,1.15,91.19,114.15,77.95,110.58,0.52,1.03,116.5,22.37,17.48,22.12
51,json_l_fast_09,25,F,169.5,65.73,22.88,114,1.14,94.04,117.57,70.99,107.91,0.56,1.13,106.19,22.24,15.93,23.54
51,json_l_fast_10,25,F,169.5,65.73,22.88,116,1.16,92.7,115.14,67.49,97.78,0.5,0.99,121.21,21.59,46.46,17.33
51,json_l_slow_01,25,F,169.5,65.73,22.88,125,1.25,104.61,109.97,88.0,118.25,0.53,1.06,113.21,4.99,30.19,4.91
51,json_l_slow_02,25,F,169.5,65.73,22.88,126,1.26,97.35,96.01,77.6,98.36,0.52,1.05,114.29,1.38,20.95,23.97
51,json_l_slow_03,25,F,169.5,65.73,22.88,128,1.28,104.39,110.2,81.88,114.71,0.57,1.15,104.35,5.41,12.17,22.76
51,json_l_slow_04,25,F,169.5,65.73,22.88,128,1.28,107.75,107.31,83.76,123.89,0.6,1.2,100.0,0.41,20.0,4.87
51,json_l_slow_05,25,F,169.5,65.73,22.88,130,1.3,112.86,110.94,115.24,116.77,0.57,1.15,104.35,1.72,19.13,3.34
51,json_l_slow_06,25,F,169.5,65.73,22.88,130,1.3,111.0,106.38,111.23,122.75,0.32,0.64,187.5,4.25,48.78,11.0
51,json_l_slow_07,25,F,169.5,65.73,22.88,127,1.27,101.95,79.81,91.75,127.5,0.46,0.92,130.43,24.36,24.49,4.99
51,json_l_slow_08,25,F,169.5,65.73,22.88,128,1.28,88.41,63.56,90.9,106.24,0.5,0.99,121.21,32.7,38.38,4.02
51,json_l_slow_09,25,F,169.5,65.73,22.88,128,1.28,93.72,58.14,91.06,105.6,0.46,0.92,130.43,46.86,50.98,4.01
51,json_l_slow_10,25,F,169.5,65.73,22.88,128,1.28,108.41,100.0,104.24,118.21,0.43,0.86,139.53,8.07,9.94,3.98
51,json_r_comf_01,25,F,169.5,65.73,22.88,120,1.2,104.0,103.46,90.41,98.97,0.4,0.81,148.15,0.52,9.41,5.59
51,json_r_comf_02,25,F,169.5,65.73,22.88,120,1.2,100.46,106.75,83.14,86.34,0.35,0.7,171.43,6.06,33.96,2.55
51,json_r_comf_03,25,F,169.5,65.73,22.88,120,1.2,57.89,58.48,99.42,75.8,0.52,1.04,115.38,1.01,35.29,1.76
51,json_r_comf_04,25,F,169.5,65.73,22.88,121,1.21,101.63,114.1,85.5,75.29,0.35,0.7,171.43,11.56,16.67,4.26
51,json_r_comf_05,25,F,169.5,65.73,22.88,120,1.2,90.27,101.47,88.36,80.57,0.35,0.7,171.43,11.69,0.0,5.43
51,json_r_comf_06,25,F,169.5,65.73,22.88,119,1.19,102.75,111.77,99.59,97.02,0.38,0.76,157.89,8.4,1.31,4.38
51,json_r_comf_07,25,F,169.5,65.73,22.88,122,1.22,101.21,106.11,94.47,82.77,0.32,0.64,187.5,4.72,59.34,4.37
51,json_r_comf_08,25,F,169.5,65.73,22.88,120,1.2,101.87,107.98,98.8,101.27,0.41,0.82,146.34,5.82,50.24,5.12
51,json_r_comf_09,25,F,169.5,65.73,22.88,120,1.2,103.63,111.76,88.21,100.25,0.38,0.76,157.89,7.55,0.0,4.28
51,json_r_comf_10,25,F,169.5,65.73,22.88,120,1.2,103.36,109.86,95.28,86.64,0.33,0.66,181.82,6.1,2.99,5.02
51,json_r_fast_01,25,F,169.5,65.73,22.88,116,1.16,105.97,69.45,85.25,90.27,0.5,1.0,120.0,41.63,20.56,4.08
51,json_r_fast_02,25,F,169.5,65.73,22.88,62,0.62,89.96,50.01,40.07,78.09,0.48,0.96,125.0,57.08,24.04,25.87
51,json_r_fast_03,25,F,169.5,65.73,22.88,116,1.16,104.84,100.69,75.85,84.25,0.6,1.21,99.17,4.04,18.18,3.27
51,json_r_fast_04,25,F,169.5,65.73,22.88,108,1.08,102.03,98.36,86.19,85.53,0.56,1.12,107.14,3.67,7.14,4.31
51,json_r_fast_05,25,F,169.5,65.73,22.88,92,0.92,104.29,92.0,81.37,88.68,0.5,1.0,120.0,12.52,12.0,4.19
51,json_r_fast_06,25,F,169.5,65.73,22.88,116,1.16,104.16,91.16,83.03,89.82,0.33,0.66,181.82,13.31,3.08,4.31
51,json_r_fast_07,25,F,169.5,65.73,22.88,116,1.16,105.89,97.31,88.09,98.7,0.48,0.96,125.0,8.44,27.49,4.93
51,json_r_fast_08,25,F,169.5,65.73,22.88,119,1.19,99.29,69.14,92.5,89.74,0.48,0.96,125.0,35.81,24.04,6.54
51,json_r_fast_09,25,F,169.5,65.73,22.88,116,1.16,56.32,59.37,66.51,68.91,0.58,1.16,103.45,5.26,10.34,2.52
51,json_r_fast_10,25,F,169.5,65.73,22.88,114,1.14,72.49,72.57,85.93,78.39,0.36,0.71,169.01,0.11,23.6,2.51
51,json_r_fast_11,25,F,169.5,65.73,22.88,116,1.16,56.97,57.56,90.0,81.78,0.36,0.73,164.38,1.03,18.87,3.37
51,json_r_fast_12,25,F,169.5,65.73,22.88,117,1.17,105.57,102.23,86.1,79.47,0.38,0.77,155.84,3.21,17.75,3.29
51,json_r_fast_13,25,F,169.5,65.73,22.88,114,1.14,105.75,101.89,96.6,65.76,0.52,1.04,115.38,3.71,15.54,4.32
51,json_r_slow_01,25,F,169.5,65.73,22.88,130,1.3,102.77,106.6,101.35,84.63,0.37,0.74,162.16,3.65,0.0,1.71
51,json_r_slow_02,25,F,169.5,65.73,22.88,129,1.29,100.93,103.65,97.68,96.81,0.35,0.7,171.43,2.66,47.51,2.51
51,json_r_slow_03,25,F,169.5,65.73,22.88,127,1.27,98.82,107.64,84.01,98.47,0.46,0.92,130.43,8.54,36.0,1.74
51,json_r_slow_04,25,F,169.5,65.73,22.88,128,1.28,98.16,101.35,91.84,90.44,0.58,1.16,103.45,3.2,10.34,3.35
51,json_r_slow_05,25,F,169.5,65.73,22.88,129,1.29,100.96,113.29,94.53,76.07,0.34,0.68,176.47,11.51,5.88,1.69
51,json_r_slow_06,25,F,169.5,65.73,22.88,127,1.27,102.77,112.2,93.27,100.43,0.37,0.74,162.16,8.77,44.07,2.45
51,json_r_slow_07,25,F,169.5,65.73,22.88,127,1.27,96.2,99.07,85.6,98.73,0.62,1.23,97.56,2.94,30.89,3.2
51,json_r_slow_08,25,F,169.5,65.73,22.88,127,1.27,99.62,98.17,94.01,93.74,0.43,0.86,139.53,1.47,57.82,2.54
51,json_r_slow_09,25,F,169.5,65.73,22.88,126,1.26,93.88,95.52,71.15,79.05,0.59,1.18,101.69,1.73,0.0,3.71
51,json_r_slow_10,25,F,169.5,65.73,22.88,127,1.27,96.83,99.98,81.57,86.81,0.36,0.72,166.67,3.2,69.19,4.27
51,json_r_slow_11,25,F,169.5,65.73,22.88,130,1.3,107.51,115.69,99.05,99.18,0.58,1.17,102.56,7.34,15.38,2.41
50,json_l_comf_01,34,M,174.2,96.3,31.73,112,1.12,57.19,27.74,39.51,31.21,0.62,1.25,96.0,69.35,11.2,1.73
50,json_l_comf_02,34,M,174.2,96.3,31.73,110,1.1,45.08,47.45,52.13,18.45,0.61,1.22,98.36,5.12,9.84,0.03
50,json_l_comf_03,34,M,174.2,96.3,31.73,110,1.1,44.14,55.48,41.67,21.52,0.6,1.2,100.0,22.77,33.33,0.03
50,json_l_comf_04,34,M,174.2,96.3,31.73,111,1.11,35.77,58.35,47.54,30.92,0.37,0.74,162.16,47.99,16.73,3.47
50,json_l_comf_05,34,M,174.2,96.3,31.73,111,1.11,47.75,60.57,47.4,48.89,0.54,1.08,111.11,23.67,74.07,1.86
50,json_l_comf_06,34,M,174.2,96.3,31.73,112,1.12,45.96,62.54,47.97,42.22,0.39,0.78,153.85,30.57,16.73,2.59
50,json_l_comf_07,34,M,174.2,96.3,31.73,112,1.12,59.01,57.62,45.83,46.71,0.37,0.74,162.16,2.38,7.79,2.18
50,json_l_comf_08,34,M,174.2,96.3,31.73,111,1.11,55.79,59.38,51.57,41.36,0.35,0.7,171.43,6.23,9.66,1.71
50,json_l_comf_09,34,M,174.2,96.3,31.73,111,1.11,52.91,57.66,47.93,47.71,0.42,0.84,142.86,8.6,24.39,1.69
50,json_l_comf_10,34,M,174.2,96.3,31.73,113,1.13,41.64,63.91,42.6,44.47,0.54,1.08,111.11,42.19,16.73,2.44
50,json_l_fast_01,34,M,174.2,96.3,31.73,104,1.04,57.47,59.79,46.97,52.76,0.54,1.09,110.09,3.95,16.51,1.87
50,json_l_fast_02,34,M,174.2,96.3,31.73,106,1.06,57.39,59.9,55.04,47.67,0.66,1.32,90.91,4.28,16.73,2.23
50,json_l_fast_03,34,M,174.2,96.3,31.73,105,1.05,56.82,54.09,50.05,43.38,0.55,1.09,110.09,4.93,34.86,3.41
50,json_l_fast_04,34,M,174.2,96.3,31.73,106,1.06,56.91,57.44,52.06,47.58,0.52,1.05,114.29,0.93,36.19,3.44
50,json_l_fast_05,34,M,174.2,96.3,31.73,106,1.06,49.03,57.28,51.3,35.5,0.36,0.72,166.67,15.51,25.64,4.42
50,json_l_fast_06,34,M,174.2,96.3,31.73,107,1.07,56.41,61.87,46.19,53.98,0.75,1.5,80.0,9.23,16.73,1.72
50,json_l_fast_07,34,M,174.2,96.3,31.73,107,1.07,51.75,63.41,51.31,47.52,0.52,1.04,115.38,20.24,80.77,1.74
50,json_l_fast_08,34,M,174.2,96.3,31.73,106,1.06,54.86,59.62,51.66,38.16,0.35,0.7,171.43,8.32,24.2,3.25
50,json_l_fast_09,34,M,174.2,96.3,31.73,106,1.06,58.15,60.29,46.28,61.34,0.5,1.0,120.6,3.63,16.73,1.78
50,json_l_fast_10,34,M,174.2,96.3,31.73,106,1.06,54.13,59.1,54.32,38.68,0.35,0.7,171.43,8.78,2.82,2.65
50,json_l_fast_11,34,M,174.2,96.3,31.73,109,1.09,56.62,60.07,51.13,40.31,0.38,0.76,157.89,5.92,5.41,1.78
50,json_l_slow_01,34,M,174.2,96.3,31.73,115,1.15,48.5,62.16,47.08,44.31,0.52,1.04,115.38,24.68,16.73,0.91
50,json_l_slow_02,34,M,174.2,96.3,31.73,114,1.14,57.34,60.43,44.68,46.09,0.42,0.84,142.86,5.26,13.02,1.31
50,json_l_slow_03,34,M,174.2,96.3,31.73,116,1.16,47.73,59.74,42.07,52.66,0.36,0.72,166.67,22.34,16.73,1.74
50,json_l_slow_04,34,M,174.2,96.3,31.73,115,1.15,52.2,59.25,44.73,49.71,0.42,0.84,142.86,12.67,10.0,0.93
50,json_l_slow_05,34,M,174.2,96.3,31.73,116,1.16,41.34,59.75,42.18,47.91,0.44,0.88,136.36,36.43,16.73,0.92
50,json_l_slow_06,34,M,174.2,96.3,31.73,116,1.16,56.52,59.46,45.7,51.04,0.37,0.74,162.16,5.06,6.54,0.91
50,json_l_slow_07,34,M,174.2,96.3,31.73,116,1.16,52.38,60.12,49.44,53.35,0.5,1.0,120.0,13.76,23.83,1.72
50,json_l_slow_08,34,M,174.2,96.3,31.73,115,1.15,51.39,58.36,41.05,52.76,0.41,0.82,146.34,12.7,22.49,1.63
50,json_l_slow_09,34,M,174.2,96.3,31.73,117,1.17,56.0,54.95,45.18,49.86,0.42,0.84,142.86,1.89,9.52,0.9
50,json_l_slow_10,34,M,174.2,96.3,31.73,117,1.17,53.84,57.91,51.69,55.04,0.44,0.88,136.36,7.29,9.52,1.67
50,json_l_slow_11,34,M,174.2,96.3,31.73,118,1.18,50.26,59.78,41.91,47.43,0.4,0.8,150.0,17.31,2.53,0.96
50,json_r_comf_01,34,M,174.2,96.3,31.73,109,1.09,60.69,56.38,83.85,78.38,0.59,1.18,101.69,7.36,23.73,2.53
50,json_r_comf_02,34,M,174.2,96.3,31.73,110,1.1,63.03,56.93,66.79,63.32,0.44,0.87,137.93,10.17,27.22,5.33
50,json_r_comf_03,34,M,174.2,96.3,31.73,111,1.11,64.31,50.17,99.09,54.04,0.47,0.94,127.66,24.71,16.22,2.66
50,json_r_comf_04,34,M,174.2,96.3,31.73,110,1.1,58.34,53.33,83.17,78.48,0.51,1.02,117.65,8.98,26.34,2.69
50,json_r_comf_05,34,M,174.2,96.3,31.73,111,1.11,62.6,55.45,89.11,76.38,0.42,0.83,144.58,12.11,39.52,4.52
50,json_r_comf_06,34,M,174.2,96.3,31.73,109,1.09,61.94,56.92,88.76,78.28,0.44,0.88,136.36,8.44,16.73,3.33
50,json_r_comf_07,34,M,174.2,96.3,31.73,111,1.11,58.67,55.81,99.91,80.91,0.55,1.1,109.09,5.01,10.91,3.43
50,json_r_comf_08,34,M,174.2,96.3,31.73,111,1.11,61.55,60.48,89.13,90.21,0.45,0.91,131.87,1.74,2.22,0.96
50,json_r_comf_09,34,M,174.2,96.3,31.73,110,1.1,61.42,56.65,88.47,83.02,0.53,1.06,113.21,8.07,11.32,2.73
50,json_r_comf_10,34,M,174.2,96.3,31.73,110,1.1,57.31,55.15,96.96,56.98,0.56,1.12,107.14,3.84,16.73,3.54
50,json_r_comf_11,34,M,174.2,96.3,31.73,111,1.11,63.16,54.62,98.52,73.54,0.44,0.87,137.93,14.5,34.48,2.64
50,json_r_comf_12,34,M,174.2,96.3,31.73,112,1.12,59.14,54.88,77.55,59.77,0.32,0.64,187.5,7.46,16.73,4.25
50,json_r_comf_13,34,M,174.2,96.3,31.73,110,1.1,63.07,48.24,93.39,77.67,0.44,0.89,134.83,26.65,20.22,3.05
50,json_r_comf_14,34,M,174.2,96.3,31.73,112,1.12,58.16,52.92,75.7,58.33,0.42,0.85,141.18,9.44,40.0,4.12
50,json_r_fast_01,34,M,174.2,96.3,31.73,108,1.08,61.44,48.63,48.84,58.57,0.45,0.9,133.33,23.27,16.73,4.76
50,json_r_fast_02,34,M,174.2,96.3,31.73,105,1.05,56.35,54.39,78.24,56.62,0.41,0.82,146.34,3.55,16.73,2.69
50,json_r_fast_03,34,M,174.2,96.3,31.73,105,1.05,56.22,71.08,127.37,115.24,0.53,1.06,113.21,23.34,16.73,1.74
50,json_r_fast_04,34,M,174.2,96.3,31.73,106,1.06,66.0,56.03,101.27,67.43,0.52,1.04,115.38,16.36,16.73,1.72
50,json_r_fast_05,34,M,174.2,96.3,31.73,107,1.07,65.35,56.44,101.99,94.03,0.48,0.96,125.0,14.63,33.33,1.75
50,json_r_fast_06,34,M,174.2,96.3,31.73,109,1.09,62.86,58.29,89.72,57.79,0.5,0.99,121.21,7.54,2.02,1.7
50,json_r_fast_07,34,M,174.2,96.3,31.73,109,1.09,62.77,68.54,130.11,95.19,0.45,0.9,133.33,8.78,22.22,1.73
50,json_r_fast_08,34,M,174.2,96.3,31.73,108,1.08,60.28,61.2,83.45,68.9,0.53,1.06,113.21,1.51,3.77,1.71
50,json_r_fast_09,34,M,174.2,96.3,31.73,108,1.08,62.77,57.88,101.42,75.53,0.53,1.06,113.21,8.11,7.55,1.7
50,json_r_fast_10,34,M,174.2,96.3,31.73,109,1.09,58.73,56.87,92.34,85.15,0.62,1.23,97.56,3.22,14.63,1.63
50,json_r_slow_01,34,M,174.2,96.3,31.73,113,1.13,56.16,56.05,80.6,71.43,0.57,1.14,105.26,0.19,16.73,3.56
50,json_r_slow_02,34,M,174.2,96.3,31.73,112,1.12,58.94,50.25,69.68,57.81,0.32,0.64,187.5,15.92,57.47,1.86
50,json_r_slow_03,34,M,174.2,96.3,31.73,115,1.15,58.35,55.41,90.21,61.71,0.53,1.06,113.21,5.17,19.61,0.91
50,json_r_slow_04,34,M,174.2,96.3,31.73,115,1.15,57.55,57.33,92.95,112.58,0.58,1.17,102.56,0.38,5.13,2.68
50,json_r_slow_05,34,M,174.2,96.3,31.73,115,1.15,56.87,58.52,63.4,52.91,0.59,1.18,101.69,2.86,16.95,3.4
50,json_r_slow_06,34,M,174.2,96.3,31.73,114,1.14,62.95,53.18,103.19,118.99,0.58,1.16,103.45,16.82,29.6,2.63
50,json_r_slow_07,34,M,174.2,96.3,31.73,114,1.14,58.43,54.88,83.4,62.22,0.55,1.1,109.09,6.25,16.73,2.56
50,json_r_slow_08,34,M,174.2,96.3,31.73,116,1.16,58.4,58.13,82.81,101.08,0.57,1.14,105.26,0.47,16.73,2.67
50,json_r_slow_09,34,M,174.2,96.3,31.73,115,1.15,59.78,56.47,96.79,100.58,0.52,1.04,115.38,5.69,38.46,3.7
50,json_r_slow_10,34,M,174.2,96.3,31.73,115,1.15,56.01,56.73,75.64,67.2,0.56,1.11,108.11,1.28,1.8,1.87
50,json_r_slow_11,34,M,174.2,96.3,31.73,116,1.16,60.44,52.56,72.79,75.46,0.57,1.15,104.35,13.95,5.22,2.65
49,json_l_comf_01,68,M,174.5,80.63,26.48,117,1.17,61.94,59.12,65.47,64.28,0.49,0.98,122.45,4.64,4.08,1.63
49,json_l_comf_02,68,M,174.5,80.63,26.48,118,1.18,56.09,56.64,48.98,49.48,0.36,0.72,166.67,0.97,35.58,1.63
49,json_l_comf_03,68,M,174.5,80.63,26.48,117,1.17,57.8,59.16,71.05,74.96,0.52,1.03,116.5,2.33,71.84,1.62
49,json_l_comf_04,68,M,174.5,80.63,26.48,117,1.17,49.6,56.95,75.33,51.47,0.34,0.68,176.47,13.79,8.45,3.17
49,json_l_comf_05,68,M,174.5,80.63,26.48,114,1.14,47.3,59.93,103.71,69.71,0.39,0.78,153.85,23.54,35.84,2.06
49,json_l_comf_06,68,M,174.5,80.63,26.48,114,1.14,43.12,58.48,81.64,63.07,0.36,0.72,166.67,30.23,35.58,2.12
49,json_l_comf_07,68,M,174.5,80.63,26.48,116,1.16,36.91,52.14,38.56,27.67,0.42,0.83,144.58,34.2,35.58,1.6
49,json_l_comf_08,68,M,174.5,80.63,26.48,116,1.16,57.41,59.67,61.65,66.46,0.46,0.92,130.43,3.87,43.81,0.85
49,json_l_comf_09,68,M,174.5,80.63,26.48,117,1.17,58.51,57.98,60.77,62.29,0.48,0.95,126.32,0.9,2.11,1.59
49,json_l_comf_10,68,M,174.5,80.63,26.48,116,1.16,57.07,57.74,70.37,75.3,0.6,1.2,100.0,1.17,35.58,0.87
48,json_l_comf_01,36,M,171.5,68.42,23.26,116,1.16,65.08,66.69,49.41,84.94,0.62,1.24,96.77,2.45,25.81,3.91
48,json_l_comf_02,36,M,171.5,68.42,23.26,117,1.17,59.94,71.4,45.88,91.11,0.57,1.14,105.26,17.45,20.3,3.9
48,json_l_comf_03,36,M,171.5,68.42,23.26,115,1.15,62.06,63.98,48.2,91.09,0.38,0.76,157.89,3.04,20.3,3.99
48,json_l_comf_04,36,M,171.5,68.42,23.26,115,1.15,61.31,68.02,47.65,90.59,0.37,0.74,162.16,10.38,20.3,4.02
48,json_l_comf_05,36,M,171.5,68.42,23.26,114,1.14,62.87,64.91,45.1,93.67,0.32,0.64,187.5,3.19,32.68,3.3
48,json_l_comf_06,36,M,171.5,68.42,23.26,116,1.16,65.62,64.01,49.78,93.49,0.65,1.3,92.31,2.5,20.3,2.59
48,json_l_comf_07,36,M,171.5,68.42,23.26,115,1.15,65.03,60.49,53.27,90.94,0.36,0.72,166.67,7.25,53.76,3.12
48,json_l_comf_08,36,M,171.5,68.42,23.26,116,1.16,59.08,56.42,45.05,73.62,0.39,0.78,153.85,4.6,47.83,3.32
48,json_l_comf_09,36,M,171.5,68.42,23.26,114,1.14,60.04,61.72,52.54,53.67,0.63,1.26,95.24,2.76,29.6,2.36
48,json_l_comf_10,36,M,171.5,68.42,23.26,116,1.16,64.91,61.96,50.65,42.56,0.51,1.02,117.65,4.65,13.61,1.76
48,json_l_fast_01,36,M,171.5,68.42,23.26,113,1.13,60.15,63.09,46.93,62.8,0.44,0.87,137.93,4.78,48.28,4.08
48,json_l_fast_02,36,M,171.5,68.42,23.26,117,1.17,60.97,64.67,52.64,87.3,0.66,1.33,90.23,5.89,1.5,1.73
48,json_l_fast_03,36,M,171.5,68.42,23.26,112,1.12,64.15,62.8,55.76,69.98,0.33,0.66,181.82,2.14,21.62,4.04
48,json_l_fast_04,36,M,171.5,68.42,23.26,113,1.13,74.87,78.93,82.47,112.45,0.38,0.75,160.0,5.28,20.3,5.11
48,json_l_fast_05,36,M,171.5,68.42,23.26,112,1.12,75.8,76.78,79.46,106.72,0.33,0.66,181.82,1.29,20.3,4.22
48,json_l_fast_06,36,M,171.5,68.42,23.26,116,1.16,73.14,79.43,88.12,110.31,0.37,0.74,162.16,8.25,20.3,3.42
48,json_l_fast_07,36,M,171.5,68.42,23.26,116,1.16,82.55,88.02,92.76,110.57,0.52,1.03,116.5,6.42,29.13,4.84
48,json_l_fast_08,36,M,171.5,68.42,23.26,114,1.14,78.94,87.34,85.23,97.26,0.37,0.74,162.16,10.11,16.22,9.04
48,json_l_fast_09,36,M,171.5,68.42,23.26,114,1.14,86.32,88.99,98.42,110.2,0.52,1.03,116.5,3.04,40.78,4.87
48,json_l_fast_10,36,M,171.5,68.42,23.26,116,1.16,79.22,86.56,85.92,111.06,0.47,0.94,127.66,8.85,42.55,4.88
48,json_l_slow_01,36,M,171.5,68.42,23.26,122,1.22,59.45,59.68,43.36,44.07,0.52,1.04,115.38,0.38,30.77,4.07
48,json_l_slow_02,36,M,171.5,68.42,23.26,124,1.24,57.79,61.78,47.44,39.49,0.34,0.68,176.47,6.67,17.45,4.31
48,json_l_slow_03,36,M,171.5,68.42,23.26,124,1.24,59.17,60.09,45.69,45.09,0.52,1.03,116.5,1.54,71.84,4.2
48,json_l_slow_04,36,M,171.5,68.42,23.26,126,1.26,57.42,56.66,45.02,35.1,0.71,1.42,84.51,1.34,36.22,3.95
48,json_l_slow_05,36,M,171.5,68.42,23.26,122,1.22,58.91,57.89,44.66,41.31,0.3,0.6,200.0,1.75,18.18,4.28
48,json_l_slow_06,36,M,171.5,68.42,23.26,124,1.24,59.64,59.64,46.34,37.43,0.72,1.44,83.33,0.0,38.76,4.02
48,json_l_slow_07,36,M,171.5,68.42,23.26,124,1.24,59.66,58.26,43.12,37.18,0.43,0.86,139.53,2.38,31.02,4.93
48,json_l_slow_08,36,M,171.5,68.42,23.26,124,1.24,58.7,59.19,47.79,46.18,0.53,1.06,113.21,0.83,20.3,2.46
48,json_l_slow_09,36,M,171.5,68.42,23.26,126,1.26,58.26,63.0,43.34,41.52,0.5,1.01,118.81,7.81,20.3,5.17
48,json_l_slow_10,36,M,171.5,68.42,23.26,125,1.25,58.13,56.45,46.29,40.87,0.62,1.23,97.56,2.93,34.15,3.46
48,json_r_comf_01,36,M,171.5,68.42,23.26,114,1.14,66.66,58.94,66.49,54.05,0.62,1.24,96.77,12.3,0.0,4.05
48,json_r_comf_02,36,M,171.5,68.42,23.26,114,1.14,61.29,58.66,86.26,58.01,0.45,0.91,131.87,4.39,19.78,4.07
48,json_r_comf_03,36,M,171.5,68.42,23.26,115,1.15,62.9,59.01,71.25,43.82,0.52,1.03,116.5,6.38,33.01,5.29
48,json_r_comf_04,36,M,171.5,68.42,23.26,117,1.17,63.29,58.98,91.49,65.64,0.59,1.18,101.69,7.04,16.95,3.26
48,json_r_comf_05,36,M,171.5,68.42,23.26,119,1.19,62.46,52.05,82.95,54.77,0.55,1.1,109.09,18.18,7.27,3.6
48,json_r_comf_06,36,M,171.5,68.42,23.26,115,1.15,61.44,59.8,92.54,60.17,0.58,1.17,102.56,2.7,11.97,3.38
48,json_r_comf_07,36,M,171.5,68.42,23.26,117,1.17,58.8,56.23,87.31,67.23,0.58,1.16,103.45,4.46,10.34,3.56
48,json_r_comf_08,36,M,171.5,68.42,23.26,119,1.19,66.66,70.07,88.11,84.49,0.6,1.21,99.17,5.0,8.26,3.77
48,json_r_comf_09,36,M,171.5,68.42,23.26,121,1.21,67.72,63.95,70.83,78.25,0.52,1.04,115.38,5.73,0.0,3.76
48,json_r_comf_10,36,M,171.5,68.42,23.26,116,1.16,63.47,60.61,91.6,70.56,0.57,1.14,105.26,4.61,10.53,4.21
48,json_r_comf_11,36,M,171.5,68.42,23.26,119,1.19,63.02,66.5,85.76,84.17,0.48,0.96,125.0,5.38,20.83,3.76
48,json_r_fast_01,36,M,171.5,68.42,23.26,110,1.1,60.97,56.49,67.67,46.97,0.4,0.79,151.9,7.63,12.66,4.59
48,json_r_fast_02,36,M,171.5,68.42,23.26,113,1.13,58.72,69.85,57.96,84.98,0.47,0.94,127.66,17.31,20.3,3.43
48,json_r_fast_03,36,M,171.5,68.42,23.26,113,1.13,56.58,57.84,57.44,63.69,0.41,0.82,146.34,2.2,20.3,4.01
48,json_r_fast_04,36,M,171.5,68.42,23.26,111,1.11,61.17,57.59,84.76,78.13,0.46,0.91,131.87,6.02,2.2,2.58
48,json_r_fast_05,36,M,171.5,68.42,23.26,113,1.13,61.0,55.81,95.56,67.54,0.48,0.95,126.32,8.89,14.74,4.07
48,json_r_fast_06,36,M,171.5,68.42,23.26,112,1.12,55.39,63.95,85.19,85.74,0.52,1.05,114.29,14.36,1.9,2.5
48,json_r_fast_07,36,M,171.5,68.42,23.26,111,1.11,58.11,62.49,59.8,53.05,0.56,1.12,107.14,7.26,21.78,3.27
48,json_r_fast_08,36,M,171.5,68.42,23.26,112,1.12,61.68,65.37,61.99,79.93,0.48,0.97,123.71,5.81,2.06,3.37
48,json_r_fast_09,36,M,171.5,68.42,23.26,115,1.15,61.87,68.9,69.99,102.62,0.41,0.82,146.34,10.75,39.02,3.36
48,json_r_fast_10,36,M,171.5,68.42,23.26,114,1.14,62.37,65.24,73.38,89.39,0.44,0.87,137.93,4.5,6.9,1.66
48,json_r_fast_11,36,M,171.5,68.42,23.26,114,1.14,59.97,68.3,77.04,68.96,0.55,1.1,109.09,12.99,0.0,2.55
48,json_r_slow_01,36,M,171.5,68.42,23.26,122,1.22,60.24,58.48,65.69,50.1,0.58,1.17,102.56,2.96,11.97,4.63
48,json_r_slow_02,36,M,171.5,68.42,23.26,122,1.22,63.67,56.3,82.53,63.43,0.52,1.05,114.29,12.28,5.71,4.38
48,json_r_slow_03,36,M,171.5,68.42,23.26,124,1.24,55.81,56.13,59.55,55.99,0.47,0.94,127.66,0.58,20.3,4.9
48,json_r_slow_04,36,M,171.5,68.42,23.26,128,1.28,58.92,56.57,85.02,78.77,0.66,1.32,90.91,4.06,18.18,5.13
48,json_r_slow_05,36,M,171.5,68.42,23.26,122,1.22,56.54,58.17,74.1,79.97,0.45,0.91,131.87,2.84,50.55,4.08
48,json_r_slow_06,36,M,171.5,68.42,23.26,125,1.25,58.84,56.92,75.82,45.73,0.49,0.98,122.45,3.32,20.3,4.97
48,json_r_slow_07,36,M,171.5,68.42,23.26,127,1.27,58.56,56.89,54.17,57.46,0.43,0.86,139.53,2.88,32.56,4.19
48,json_r_slow_08,36,M,171.5,68.42,23.26,128,1.28,56.44,55.97,80.61,47.85,0.67,1.34,89.55,0.83,23.88,5.98
48,json_r_slow_09,36,M,171.5,68.42,23.26,122,1.22,60.15,62.69,67.62,85.05,0.5,1.0,120.0,4.14,20.3,5.82
48,json_r_slow_10,36,M,171.5,68.42,23.26,129,1.29,55.34,64.91,63.53,101.68,0.4,0.81,148.15,15.91,51.85,5.04
47,json_l_comf_01,30,F,165.8,61.06,22.21,116,1.16,60.5,52.69,54.06,29.33,0.32,0.63,190.48,13.79,24.46,1.75
47,json_l_comf_02,30,F,165.8,61.06,22.21,117,1.17,65.63,61.55,54.88,68.99,0.46,0.92,130.43,6.43,12.72,2.53
47,json_l_comf_03,30,F,165.8,61.06,22.21,114,1.14,61.39,64.13,65.95,54.75,0.35,0.7,171.43,4.37,10.81,2.73
47,json_l_comf_04,30,F,165.8,61.06,22.21,117,1.17,62.52,58.92,57.6,46.75,0.38,0.76,157.89,5.92,1.31,1.78
47,json_l_comf_05,30,F,165.8,61.06,22.21,116,1.16,58.88,60.13,58.18,63.29,0.36,0.72,166.67,2.09,12.99,3.05
47,json_l_comf_06,30,F,165.8,61.06,22.21,114,1.14,60.53,65.0,76.8,58.24,0.41,0.82,146.34,7.11,34.78,1.74
47,json_l_comf_07,30,F,165.8,61.06,22.21,116,1.16,60.67,61.36,62.95,56.64,0.33,0.66,181.82,1.12,46.15,2.14
47,json_l_comf_08,30,F,165.8,61.06,22.21,113,1.13,58.77,51.85,57.7,46.57,0.52,1.05,114.29,12.51,70.48,1.79
47,json_l_comf_09,30,F,165.8,61.06,22.21,114,1.14,61.92,58.88,71.81,61.16,0.47,0.94,127.66,5.02,19.57,2.65
47,json_l_comf_10,30,F,165.8,61.06,22.21,115,1.15,61.97,61.18,73.39,64.21,0.56,1.12,107.14,1.29,26.48,4.2
47,json_l_fast_01,30,F,165.8,61.06,22.21,109,1.09,60.73,56.47,64.45,58.8,0.55,1.09,110.09,7.26,34.86,3.99
47,json_l_fast_02,30,F,165.8,61.06,22.21,109,1.09,61.71,55.78,59.02,51.34,0.48,0.96,125.0,10.09,14.53,2.87
47,json_l_fast_03,30,F,165.8,61.06,22.21,110,1.1,56.05,60.87,56.6,48.58,0.44,0.89,134.83,8.24,19.57,3.35
47,json_l_fast_04,30,F,165.8,61.06,22.21,109,1.09,59.29,63.64,62.11,52.41,0.47,0.94,127.66,7.08,19.57,3.63
47,json_l_fast_05,30,F,165.8,61.06,22.21,108,1.08,63.95,56.25,63.98,54.84,0.45,0.9,133.33,12.82,19.57,3.63
47,json_l_fast_06,30,F,165.8,61.06,22.21,110,1.1,60.16,60.6,62.93,62.1,0.42,0.83,144.58,0.73,21.69,2.25
47,json_l_fast_07,30,F,165.8,61.06,22.21,107,1.07,58.78,59.71,67.12,61.66,0.42,0.85,141.18,1.55,19.57,4.09
47,json_l_fast_08,30,F,165.8,61.06,22.21,109,1.09,58.04,61.93,59.04,58.99,0.34,0.68,176.47,6.48,17.45,1.83
47,json_l_fast_09,30,F,165.8,61.06,22.21,110,1.1,59.19,57.02,59.86,53.58,0.42,0.84,142.86,3.75,9.52,4.87
47,json_l_fast_10,30,F,165.8,61.06,22.21,110,1.1,58.15,55.92,65.05,60.21,0.53,1.06,113.21,3.91,19.57,2.54
47,json_l_slow_01,30,F,165.8,61.06,22.21,117,1.17,60.01,56.63,69.04,69.69,0.5,1.0,120.0,5.79,40.0,4.21
47,json_l_slow_02,30,F,165.8,61.06,22.21,118,1.18,59.21,61.53,60.85,63.11,0.36,0.73,164.38,3.84,40.0,2.16
47,json_l_slow_03,30,F,165.8,61.06,22.21,121,1.21,60.21,64.54,62.63,70.24,0.4,0.81,148.15,6.93,19.57,2.92
47,json_l_slow_04,30,F,165.8,61.06,22.21,117,1.17,62.75,65.67,112.88,117.2,0.44,0.88,136.36,4.55,4.65,3.51
47,json_l_slow_05,30,F,165.8,61.06,22.21,116,1.16,61.7,61.15,60.7,61.65,0.44,0.88,136.36,0.89,40.91,3.68
47,json_l_slow_06,30,F,165.8,61.06,22.21,116,1.16,62.18,56.91,77.07,106.86,0.44,0.88,136.36,8.86,13.76,3.51
47,json_l_slow_07,30,F,165.8,61.06,22.21,115,1.15,64.57,64.45,69.17,62.31,0.46,0.92,130.43,0.18,21.71,3.46
47,json_l_slow_08,30,F,165.8,61.06,22.21,117,1.17,60.91,58.44,57.86,53.02,0.42,0.85,141.18,4.14,40.0,3.59
47,json_l_slow_09,30,F,165.8,61.06,22.21,118,1.18,60.42,62.98,81.98,75.77,0.39,0.78,153.85,4.15,19.57,3.06
47,json_l_slow_10,30,F,165.8,61.06,22.21,117,1.17,58.27,62.93,63.62,65.03,0.36,0.71,169.01,7.69,40.0,2.44
47,json_r_comf_01,30,F,165.8,61.06,22.21,115,1.15,58.98,56.09,79.28,64.83,0.4,0.79,151.9,5.01,43.04,6.42
47,json_r_comf_02,30,F,165.8,61.06,22.21,116,1.16,53.85,54.67,83.31,57.36,0.57,1.15,104.35,1.5,8.7,3.72
47,json_r_comf_03,30,F,165.8,61.06,22.21,115,1.15,52.75,73.98,79.51,85.77,0.58,1.16,103.45,33.52,3.45,4.25
47,json_r_comf_04,30,F,165.8,61.06,22.21,118,1.18,60.61,50.96,105.46,64.71,0.6,1.21,99.17,17.29,1.65,3.4
47,json_r_comf_05,30,F,165.8,61.06,22.21,116,1.16,56.63,56.85,88.32,80.94,0.58,1.16,103.45,0.4,13.79,3.12
47,json_r_comf_06,30,F,165.8,61.06,22.21,118,1.18,49.63,55.46,98.49,68.93,0.62,1.23,97.56,11.11,14.63,2.5
47,json_r_comf_07,30,F,165.8,61.06,22.21,114,1.14,56.53,56.23,88.57,53.23,0.6,1.2,100.0,0.54,0.0,3.61
47,json_r_comf_08,30,F,165.8,61.06,22.21,117,1.17,49.97,55.16,97.13,90.39,0.62,1.24,96.77,9.87,9.68,1.81
47,json_r_comf_09,30,F,165.8,61.06,22.21,121,1.21,52.6,55.71,113.89,86.36,0.45,0.9,133.33,5.73,13.33,3.62
47,json_r_comf_10,30,F,165.8,61.06,22.21,118,1.18,51.25,53.43,109.73,79.37,0.34,0.68,176.47,4.16,44.31,2.72
47,json_r_fast_01,30,F,165.8,61.06,22.21,110,1.1,60.02,52.78,81.57,55.51,0.58,1.16,103.45,12.83,3.45,4.1
47,json_r_fast_02,30,F,165.8,61.06,22.21,110,1.1,57.4,50.34,104.81,59.87,0.53,1.06,113.21,13.11,0.0,3.47
47,json_r_fast_03,30,F,165.8,61.06,22.21,110,1.1,59.79,54.94,104.56,60.55,0.42,0.83,144.58,8.45,7.23,3.72
47,json_r_fast_04,30,F,165.8,61.06,22.21,112,1.12,53.91,53.41,99.07,97.14,0.42,0.84,142.86,0.94,19.57,3.44
47,json_r_fast_05,30,F,165.8,61.06,22.21,110,1.1,58.42,52.48,101.19,69.84,0.32,0.64,187.5,10.71,19.57,2.75
47,json_r_fast_06,30,F,165.8,61.06,22.21,110,1.1,58.94,55.42,90.49,75.32,0.44,0.87,137.93,6.15,29.89,3.89
47,json_r_fast_07,30,F,165.8,61.06,22.21,112,1.12,55.02,54.11,83.57,75.92,0.44,0.88,136.36,1.67,19.57,4.98
47,json_r_fast_08,30,F,165.8,61.06,22.21,109,1.09,55.97,54.8,85.91,56.03,0.55,1.09,110.09,2.12,5.5,3.38
47,json_r_fast_09,30,F,165.8,61.06,22.21,108,1.08,56.43,59.21,104.6,72.83,0.52,1.04,115.38,4.81,7.69,2.85
47,json_r_fast_10,30,F,165.8,61.06,22.21,109,1.09,55.35,59.15,100.59,98.19,0.38,0.77,155.84,6.62,33.77,3.57
47,json_r_slow_01,30,F,165.8,61.06,22.21,115,1.15,53.53,59.66,84.94,64.81,0.54,1.07,112.15,10.82,31.78,4.27
47,json_r_slow_02,30,F,165.8,61.06,22.21,112,1.12,58.51,59.87,92.51,86.96,0.53,1.06,113.21,2.29,30.19,0.96
47,json_r_slow_03,30,F,165.8,61.06,22.21,115,1.15,55.47,54.92,88.02,44.84,0.44,0.87,137.93,0.99,48.28,2.61
47,json_r_slow_04,30,F,165.8,61.06,22.21,116,1.16,53.5,55.37,101.35,64.48,0.48,0.96,125.0,3.44,16.67,4.15
47,json_r_slow_05,30,F,165.8,61.06,22.21,115,1.15,58.53,53.7,82.87,65.2,0.36,0.72,166.67,8.61,27.16,2.61
47,json_r_slow_06,30,F,165.8,61.06,22.21,114,1.14,58.14,49.42,50.33,42.66,0.31,0.62,193.55,16.23,55.62,2.6
47,json_r_slow_07,30,F,165.8,61.06,22.21,114,1.14,58.47,52.62,76.24,58.94,0.61,1.22,98.36,10.52,13.11,2.76
47,json_r_slow_08,30,F,165.8,61.06,22.21,113,1.13,59.56,56.14,101.53,47.78,0.33,0.66,181.82,5.91,52.87,1.89
47,json_r_slow_09,30,F,165.8,61.06,22.21,115,1.15,60.72,47.23,87.86,54.12,0.44,0.88,136.36,24.99,19.57,1.77
47,json_r_slow_10,30,F,165.8,61.06,22.21,129,1.29,57.77,50.21,80.18,53.91,0.39,0.78,153.85,14.01,19.57,3.56
47,json_r_slow_11,30,F,165.8,61.06,22.21,116,1.16,52.93,52.99,102.43,60.15,0.44,0.88,136.36,0.11,22.73,3.49
46,json_l_comf_01,28,F,165.0,64.61,23.73,115,1.15,39.11,11.92,31.0,16.86,0.38,0.76,157.89,106.59,0.0,0.07
46,json_l_comf_02,28,F,165.0,64.61,23.73,111,1.11,59.36,39.34,49.98,55.54,0.39,0.78,153.85,40.58,62.75,3.53
46,json_l_comf_03,28,F,165.0,64.61,23.73,111,1.11,52.96,19.83,45.92,28.62,0.44,0.88,136.36,91.03,66.67,1.76
46,json_l_comf_04,28,F,165.0,64.61,23.73,113,1.13,46.05,19.66,28.13,29.38,0.58,1.16,103.45,80.31,3.45,1.74
46,json_l_comf_05,28,F,165.0,64.61,23.73,112,1.12,60.51,35.71,75.99,61.55,0.55,1.1,109.09,51.53,54.55,1.87
46,json_l_comf_06,28,F,165.0,64.61,23.73,111,1.11,55.41,21.89,53.63,37.1,0.5,1.0,120.0,86.71,18.58,1.81
46,json_l_comf_07,28,F,165.0,64.61,23.73,110,1.1,42.61,15.13,29.2,32.86,0.53,1.06,113.21,95.16,0.0,2.63
46,json_l_comf_08,28,F,165.0,64.61,23.73,111,1.11,59.37,36.13,33.18,27.16,0.32,0.63,190.48,48.67,6.15,1.72
46,json_l_comf_09,28,F,165.0,64.61,23.73,109,1.09,53.17,13.42,27.67,23.07,0.54,1.08,111.11,119.37,0.0,1.78
46,json_l_comf_10,28,F,165.0,64.61,23.73,111,1.11,50.69,13.5,32.62,25.47,0.64,1.29,93.02,115.9,29.46,1.75
46,json_l_fast_01,28,F,165.0,64.61,23.73,105,1.05,58.71,23.07,53.13,30.6,0.56,1.12,107.14,87.17,3.57,5.33
46,json_l_fast_02,28,F,165.0,64.61,23.73,103,1.03,57.8,61.68,49.01,61.39,0.48,0.96,125.0,6.49,11.39,2.67
46,json_l_fast_03,28,F,165.0,64.61,23.73,105,1.05,62.9,62.8,89.34,75.26,0.48,0.97,123.71,0.16,6.19,4.59
46,json_l_fast_04,28,F,165.0,64.61,23.73,103,1.03,61.18,60.97,76.18,75.95,0.43,0.86,139.53,0.34,11.39,3.53
46,json_l_fast_05,28,F,165.0,64.61,23.73,105,1.05,62.13,59.76,73.31,61.88,0.51,1.02,117.65,3.9,25.53,3.62
46,json_l_fast_06,28,F,165.0,64.61,23.73,105,1.05,42.97,47.31,21.59,33.49,0.48,0.96,125.0,9.61,11.39,7.13
46,json_l_fast_07,28,F,165.0,64.61,23.73,105,1.05,57.65,55.77,26.12,33.78,0.55,1.11,108.11,3.31,16.22,1.8
46,json_l_fast_08,28,F,165.0,64.61,23.73,105,1.05,57.47,45.21,34.02,37.58,0.48,0.96,125.0,23.88,37.5,2.77
46,json_l_fast_09,28,F,165.0,64.61,23.73,106,1.06,60.51,58.63,47.26,41.86,0.58,1.17,102.56,3.17,15.38,4.49
46,json_l_fast_10,28,F,165.0,64.61,23.73,104,1.04,62.53,62.25,70.64,75.05,0.41,0.82,146.34,0.45,57.27,4.4
46,json_l_slow_01,28,F,165.0,64.61,23.73,122,1.22,59.2,35.76,54.83,26.44,0.51,1.02,117.65,49.37,63.29,3.53
46,json_l_slow_02,28,F,165.0,64.61,23.73,120,1.2,58.83,59.32,72.66,53.91,0.31,0.62,193.55,0.82,24.82,1.75
46,json_l_slow_03,28,F,165.0,64.61,23.73,125,1.25,61.54,62.05,58.39,44.41,0.47,0.94,127.66,0.83,14.86,4.2
46,json_l_slow_04,28,F,165.0,64.61,23.73,119,1.19,60.08,59.74,86.79,52.71,0.39,0.78,153.85,0.58,11.39,2.83
46,json_l_slow_05,28,F,165.0,64.61,23.73,123,1.23,62.6,39.31,56.99,31.76,0.64,1.27,94.49,45.71,33.07,1.76
46,json_l_slow_06,28,F,165.0,64.61,23.73,119,1.19,64.63,60.12,60.15,50.32,0.43,0.86,139.53,7.24,9.64,3.38
46,json_l_slow_07,28,F,165.0,64.61,23.73,118,1.18,53.22,53.83,50.96,43.21,0.44,0.88,136.36,1.14,62.18,2.74
46,json_l_slow_08,28,F,165.0,64.61,23.73,117,1.17,39.41,41.66,30.63,20.38,0.35,0.7,171.43,5.57,13.7,3.54
46,json_l_slow_09,28,F,165.0,64.61,23.73,116,1.16,59.68,63.55,49.82,51.79,0.4,0.8,150.0,6.27,5.13,3.42
46,json_l_slow_10,28,F,165.0,64.61,23.73,115,1.15,62.08,85.67,48.55,79.3,0.36,0.71,169.01,31.93,0.0,3.56
46,json_l_slow_11,28,F,165.0,64.61,23.73,119,1.19,52.1,44.81,35.55,34.88,0.34,0.68,176.47,15.05,11.76,0.93
46,json_r_comf_01,28,F,165.0,64.61,23.73,121,1.21,61.32,39.13,60.57,65.11,0.64,1.27,94.49,44.17,11.02,4.48
46,json_r_comf_02,28,F,165.0,64.61,23.73,114,1.14,58.45,46.15,60.68,67.48,0.36,0.71,169.01,23.5,2.82,3.66
46,json_r_comf_03,28,F,165.0,64.61,23.73,115,1.15,57.35,33.51,61.56,68.82,0.6,1.2,100.0,52.47,0.0,1.73
46,json_r_comf_04,28,F,165.0,64.61,23.73,114,1.14,62.21,48.59,73.58,81.57,0.5,1.01,118.81,24.57,53.47,2.27
46,json_r_comf_05,28,F,165.0,64.61,23.73,113,1.13,56.34,55.98,75.27,76.8,0.48,0.96,125.0,0.64,11.39,2.64
46,json_r_comf_06,28,F,165.0,64.61,23.73,112,1.12,59.79,56.14,76.73,71.78,0.64,1.29,93.02,6.31,7.75,3.59
46,json_r_comf_07,28,F,165.0,64.61,23.73,112,1.12,60.93,56.95,88.15,84.41,0.42,0.85,141.18,6.74,58.82,2.75
46,json_r_comf_08,28,F,165.0,64.61,23.73,112,1.12,59.24,58.92,77.44,78.04,0.57,1.15,104.35,0.53,12.17,3.51
46,json_r_comf_09,28,F,165.0,64.61,23.73,111,1.11,57.82,58.24,71.81,79.97,0.48,0.96,125.0,0.73,11.39,3.5
46,json_r_comf_10,28,F,165.0,64.61,23.73,111,1.11,60.32,52.52,62.99,72.59,0.52,1.04,115.38,13.83,15.38,2.6
46,json_r_fast_01,28,F,165.0,64.61,23.73,106,1.06,62.93,75.25,101.24,96.48,0.59,1.18,101.69,17.82,44.07,4.46
46,json_r_fast_02,28,F,165.0,64.61,23.73,105,1.05,59.99,55.96,67.41,84.82,0.49,0.98,122.45,6.96,0.0,5.3
46,json_r_fast_03,28,F,165.0,64.61,23.73,106,1.06,89.54,106.9,96.25,86.47,0.37,0.74,162.16,17.67,66.67,4.46
46,json_r_fast_04,28,F,165.0,64.61,23.73,105,1.05,61.51,56.1,74.77,79.27,0.58,1.17,102.56,9.2,46.15,3.64
46,json_r_fast_05,28,F,165.0,64.61,23.73,105,1.05,57.86,56.77,73.24,85.75,0.41,0.82,146.34,1.9,0.0,3.58
46,json_r_fast_06,28,F,165.0,64.61,23.73,104,1.04,61.0,63.92,76.62,88.09,0.66,1.32,90.91,4.67,0.0,3.58
46,json_r_fast_07,28,F,165.0,64.61,23.73,105,1.05,58.15,36.01,87.23,76.79,0.5,1.01,118.81,47.03,5.94,1.74
46,json_r_fast_08,28,F,165.0,64.61,23.73,105,1.05,59.89,39.69,86.08,84.05,0.49,0.98,122.45,40.57,0.0,0.1
46,json_r_fast_09,28,F,165.0,64.61,23.73,105,1.05,59.41,50.52,91.6,84.13,0.64,1.28,93.75,16.17,6.25,5.21
46,json_r_fast_10,28,F,165.0,64.61,23.73,104,1.04,57.89,58.01,95.81,89.74,0.42,0.84,142.86,0.2,0.0,5.48
46,json_r_slow_01,28,F,165.0,64.61,23.73,126,1.26,60.33,54.34,66.17,50.73,0.33,0.67,179.1,10.45,15.17,1.79
46,json_r_slow_02,28,F,165.0,64.61,23.73,128,1.28,58.84,51.89,93.64,99.24,0.56,1.12,107.14,12.56,3.57,1.74
46,json_r_slow_03,28,F,165.0,64.61,23.73,119,1.19,57.28,44.82,91.11,97.92,0.45,0.9,133.33,24.41,0.0,1.78
46,json_r_slow_04,28,F,165.0,64.61,23.73,123,1.23,61.06,28.31,52.85,39.05,0.63,1.26,95.24,73.3,0.0,3.5
46,json_r_slow_05,28,F,165.0,64.61,23.73,120,1.2,58.74,59.74,76.26,91.57,0.42,0.83,144.58,1.69,36.14,2.64
46,json_r_slow_06,28,F,165.0,64.61,23.73,121,1.21,58.74,59.95,51.69,62.38,0.34,0.68,176.47,2.03,17.14,4.58
46,json_r_slow_07,28,F,165.0,64.61,23.73,123,1.23,56.29,54.58,73.41,66.68,0.4,0.8,150.0,3.08,0.0,4.46
46,json_r_slow_08,28,F,165.0,64.61,23.73,120,1.2,53.48,59.23,61.8,60.72,0.4,0.8,150.0,10.21,0.0,5.28
46,json_r_slow_09,28,F,165.0,64.61,23.73,118,1.18,62.18,34.76,47.78,56.27,0.34,0.68,176.47,56.58,11.39,4.7
46,json_r_slow_10,28,F,165.0,64.61,23.73,117,1.17,54.72,60.44,50.27,52.79,0.39,0.78,153.85,9.93,11.39,4.35
46,json_r_slow_11,28,F,165.0,64.61,23.73,118,1.18,61.56,61.95,56.63,74.9,0.43,0.86,139.53,0.63,0.0,4.67
45,json_l_comf_01,26,F,163.0,79.02,29.74,110,1.1,43.93,60.66,24.38,63.04,0.46,0.93,129.03,31.99,25.21,8.84
45,json_l_comf_02,26,F,163.0,79.02,29.74,112,1.12,39.31,41.99,21.22,24.7,0.5,1.0,120.0,6.59,24.0,3.66
45,json_l_comf_03,26,F,163.0,79.02,29.74,113,1.13,50.22,53.45,30.0,49.4,0.51,1.02,117.65,6.23,66.67,3.45
45,json_l_comf_04,26,F,163.0,79.02,29.74,113,1.13,55.45,54.8,30.98,42.53,0.47,0.94,127.66,1.17,25.21,3.39
45,json_l_comf_05,26,F,163.0,79.02,29.74,112,1.12,57.92,57.45,41.52,46.46,0.36,0.72,166.67,0.81,37.58,2.6
45,json_l_comf_06,26,F,163.0,79.02,29.74,112,1.12,56.58,60.71,31.26,52.05,0.53,1.06,113.21,7.05,25.21,2.94
45,json_l_comf_07,26,F,163.0,79.02,29.74,105,1.05,43.2,60.1,54.79,83.46,0.47,0.94,127.66,32.72,20.69,3.77
45,json_l_comf_08,26,F,163.0,79.02,29.74,113,1.13,33.38,60.75,23.47,43.14,0.45,0.9,133.33,58.16,35.56,3.62
45,json_l_comf_09,26,F,163.0,79.02,29.74,114,1.14,35.28,64.7,25.96,52.65,0.42,0.83,144.58,58.86,55.42,4.96
45,json_l_comf_10,26,F,163.0,79.02,29.74,112,1.12,54.01,63.92,34.73,48.45,0.33,0.66,181.82,16.81,42.86,1.69
45,json_l_comf_11,26,F,163.0,79.02,29.74,113,1.13,58.26,62.28,57.5,44.65,0.5,0.99,121.21,6.68,62.63,2.37
45,json_l_fast_01,26,F,163.0,79.02,29.74,109,1.09,54.58,60.32,55.04,54.01,0.52,1.04,115.38,9.99,76.92,1.69
45,json_l_fast_02,26,F,163.0,79.02,29.74,108,1.08,55.36,61.92,39.49,63.24,0.43,0.86,139.53,11.2,25.21,1.9
45,json_l_fast_03,26,F,163.0,79.02,29.74,110,1.1,57.03,61.77,36.34,56.75,0.69,1.38,86.96,7.98,25.21,1.88
45,json_l_fast_04,26,F,163.0,79.02,29.74,107,1.07,59.17,64.33,57.88,52.94,0.31,0.62,193.55,8.36,40.52,1.7
45,json_l_fast_05,26,F,163.0,79.02,29.74,108,1.08,59.97,63.46,56.11,64.43,0.6,1.19,100.84,5.66,25.21,1.7
45,json_l_fast_06,26,F,163.0,79.02,29.74,107,1.07,54.24,47.71,48.82,43.96,0.56,1.12,107.14,12.81,7.14,3.51
45,json_l_fast_07,26,F,163.0,79.02,29.74,107,1.07,54.86,62.19,27.17,51.09,0.44,0.88,136.36,12.52,40.91,3.29
45,json_l_fast_08,26,F,163.0,79.02,29.74,111,1.11,56.13,77.13,30.18,72.79,0.33,0.66,181.82,31.52,25.21,5.11
45,json_l_fast_09,26,F,163.0,79.02,29.74,109,1.09,44.87,54.33,20.02,30.58,0.46,0.93,129.03,19.07,25.21,7.13
45,json_l_fast_10,26,F,163.0,79.02,29.74,109,1.09,49.82,59.35,30.64,55.05,0.42,0.84,142.86,17.45,25.21,5.76
45,json_l_slow_01,26,F,163.0,79.02,29.74,118,1.18,54.67,59.88,35.52,46.87,0.38,0.76,157.89,9.1,2.67,1.72
45,json_l_slow_02,26,F,163.0,79.02,29.74,116,1.16,57.52,60.08,58.15,41.66,0.34,0.69,173.91,4.37,25.21,1.27
45,json_l_slow_03,26,F,163.0,79.02,29.74,119,1.19,59.48,60.71,56.36,46.87,0.56,1.12,107.14,2.05,34.42,1.63
45,json_l_slow_04,26,F,163.0,79.02,29.74,116,1.16,50.31,57.3,24.48,68.85,0.38,0.76,157.89,12.99,46.15,1.89
45,json_l_slow_05,26,F,163.0,79.02,29.74,118,1.18,37.45,60.25,31.5,47.48,0.38,0.76,157.89,46.69,25.21,1.79
45,json_l_slow_06,26,F,163.0,79.02,29.74,117,1.17,53.62,60.07,40.88,44.18,0.45,0.91,131.87,11.35,68.13,1.83
45,json_l_slow_07,26,F,163.0,79.02,29.74,117,1.17,53.15,51.43,30.22,40.98,0.4,0.8,150.0,3.28,40.44,1.78
45,json_l_slow_08,26,F,163.0,79.02,29.74,119,1.19,56.22,56.38,43.36,44.45,0.34,0.69,173.91,0.3,34.84,1.82
45,json_l_slow_09,26,F,163.0,79.02,29.74,119,1.19,56.76,62.1,44.39,47.77,0.46,0.93,129.03,8.98,40.86,3.49
45,json_l_slow_10,26,F,163.0,79.02,29.74,119,1.19,59.22,43.59,32.99,30.42,0.38,0.76,157.89,30.41,55.67,1.84
45,json_r_comf_01,26,F,163.0,79.02,29.74,115,1.15,61.34,57.71,73.9,60.02,0.44,0.88,136.36,6.11,18.18,0.9
45,json_r_comf_02,26,F,163.0,79.02,29.74,114,1.14,59.43,59.11,84.85,51.09,0.46,0.93,129.03,0.54,45.16,0.95
45,json_r_comf_03,26,F,163.0,79.02,29.74,113,1.13,60.04,56.65,60.03,50.27,0.54,1.07,112.15,5.8,1.87,3.51
45,json_r_comf_04,26,F,163.0,79.02,29.74,114,1.14,61.03,57.09,92.08,51.25,0.44,0.88,136.36,6.67,31.82,1.75
45,json_r_comf_05,26,F,163.0,79.02,29.74,114,1.14,59.93,62.89,66.24,62.59,0.42,0.83,144.58,4.81,40.96,2.62
45,json_r_comf_06,26,F,163.0,79.02,29.74,102,1.02,57.69,55.13,54.74,49.0,0.41,0.82,146.34,4.55,4.88,1.72
45,json_r_comf_07,26,F,163.0,79.02,29.74,114,1.14,57.97,61.06,82.3,62.28,0.46,0.93,129.03,5.19,25.21,0.93
45,json_r_comf_08,26,F,163.0,79.02,29.74,113,1.13,63.17,62.12,69.34,52.2,0.46,0.93,129.03,1.68,19.35,3.5
45,json_r_comf_09,26,F,163.0,79.02,29.74,113,1.13,61.3,59.51,79.84,72.1,0.5,1.0,120.0,2.97,20.0,1.77
45,json_r_comf_10,26,F,163.0,79.02,29.74,115,1.15,62.87,62.4,86.1,51.48,0.53,1.06,113.21,0.75,0.0,1.92
45,json_r_comf_11,26,F,163.0,79.02,29.74,114,1.14,59.87,57.72,74.22,55.66,0.52,1.05,114.29,3.66,1.9,2.23
45,json_r_fast_01,26,F,163.0,79.02,29.74,107,1.07,64.52,68.75,82.45,91.83,0.56,1.12,107.14,6.35,3.57,2.79
45,json_r_fast_02,26,F,163.0,79.02,29.74,109,1.09,59.32,58.34,63.71,76.52,0.46,0.93,129.03,1.66,25.21,3.46
45,json_r_fast_03,26,F,163.0,79.02,29.74,108,1.08,62.66,61.1,57.16,78.5,0.54,1.09,110.09,2.53,12.84,5.28
45,json_r_fast_04,26,F,163.0,79.02,29.74,108,1.08,63.7,69.86,57.43,79.48,0.38,0.76,157.89,9.22,25.21,4.47
45,json_r_fast_05,26,F,163.0,79.02,29.74,110,1.1,59.23,59.43,65.25,61.74,0.55,1.09,110.09,0.34,1.83,1.93
45,json_r_fast_06,26,F,163.0,79.02,29.74,108,1.08,61.23,53.92,70.97,57.66,0.47,0.94,127.66,12.69,17.02,1.82
45,json_r_fast_07,26,F,163.0,79.02,29.74,109,1.09,61.95,54.98,85.05,52.08,0.44,0.88,136.36,11.91,54.55,1.8
45,json_r_fast_08,26,F,163.0,79.02,29.74,113,1.13,59.68,56.77,89.5,50.67,0.52,1.04,115.38,5.0,25.21,1.77
45,json_r_fast_09,26,F,163.0,79.02,29.74,109,1.09,59.49,60.36,87.93,55.12,0.48,0.97,123.71,1.44,55.67,1.78
45,json_r_fast_10,26,F,163.0,79.02,29.74,110,1.1,60.18,56.09,76.62,54.21,0.51,1.02,117.65,7.04,3.92,1.79
45,json_r_slow_01,26,F,163.0,79.02,29.74,118,1.18,62.65,60.7,77.77,74.63,0.34,0.68,176.47,3.17,1.46,2.68
45,json_r_slow_02,26,F,163.0,79.02,29.74,116,1.16,61.45,59.18,88.48,60.07,0.44,0.89,134.83,3.77,15.73,1.79
45,json_r_slow_03,26,F,163.0,79.02,29.74,116,1.16,62.75,60.45,90.38,65.22,0.55,1.11,108.11,3.75,19.82,1.81
45,json_r_slow_04,26,F,163.0,79.02,29.74,114,1.14,64.32,59.35,71.61,87.69,0.51,1.02,117.65,8.04,11.4,1.77
45,json_r_slow_05,26,F,163.0,79.02,29.74,116,1.16,59.39,63.22,80.46,80.73,0.5,1.01,118.81,6.25,45.54,1.79
45,json_r_slow_06,26,F,163.0,79.02,29.74,114,1.14,61.21,56.68,78.85,58.94,0.44,0.88,136.36,7.68,31.82,2.31
45,json_r_slow_07,26,F,163.0,79.02,29.74,115,1.15,62.12,60.55,86.18,86.34,0.44,0.87,137.93,2.56,16.09,0.92
45,json_r_slow_08,26,F,163.0,79.02,29.74,118,1.18,63.03,52.21,86.71,57.8,0.43,0.86,139.53,18.78,27.91,1.75
45,json_r_slow_09,26,F,163.0,79.02,29.74,116,1.16,62.15,62.42,92.46,83.59,0.48,0.95,126.32,0.43,10.53,1.79
45,json_r_slow_10,26,F,163.0,79.02,29.74,118,1.18,61.81,56.57,88.29,45.07,0.49,0.98,122.45,8.86,16.33,1.91
45,json_r_slow_11,26,F,163.0,79.02,29.74,116,1.16,62.77,58.62,90.3,70.35,0.47,0.94,127.66,6.83,8.51,1.77
44,json_l_comf_01,21,F,164.5,61.32,22.66,112,1.12,58.24,55.99,69.1,54.36,0.56,1.13,106.19,3.93,19.47,2.57
44,json_l_comf_02,21,F,164.5,61.32,22.66,112,1.12,54.79,56.5,67.11,74.96,0.58,1.17,102.56,3.08,8.55,4.06
44,json_l_comf_03,21,F,164.5,61.32,22.66,111,1.11,56.51,56.51,45.54,32.55,0.5,1.01,118.81,0.01,33.66,5.45
44,json_l_comf_04,21,F,164.5,61.32,22.66,113,1.13,57.14,57.55,57.68,72.6,0.57,1.14,105.26,0.71,10.53,4.35
44,json_l_comf_05,21,F,164.5,61.32,22.66,112,1.12,57.25,60.86,47.8,41.3,0.38,0.75,160.0,6.11,6.54,2.5
44,json_l_comf_06,21,F,164.5,61.32,22.66,110,1.1,56.7,55.58,43.24,47.32,0.52,1.04,115.38,2.0,42.31,5.72
44,json_l_comf_07,21,F,164.5,61.32,22.66,110,1.1,55.29,41.14,33.7,38.2,0.54,1.08,111.11,29.34,37.04,4.04
44,json_l_comf_08,21,F,164.5,61.32,22.66,111,1.11,58.52,56.74,54.99,46.0,0.33,0.66,181.82,3.08,7.41,4.16
44,json_l_comf_09,21,F,164.5,61.32,22.66,110,1.1,55.39,26.71,40.34,36.94,0.62,1.23,97.56,69.86,8.13,2.07
44,json_l_comf_10,21,F,164.5,61.32,22.66,110,1.1,58.52,50.42,47.38,41.05,0.38,0.76,157.89,14.88,61.31,1.92
44,json_l_fast_01,21,F,164.5,61.32,22.66,110,1.1,45.4,22.42,19.66,27.92,0.54,1.08,111.11,67.75,10.53,7.12
44,json_l_fast_02,21,F,164.5,61.32,22.66,110,1.1,87.72,78.96,84.86,103.25,0.69,1.38,86.96,10.51,2.9,5.6
44,json_l_fast_03,21,F,164.5,61.32,22.66,109,1.09,85.71,103.64,67.57,99.53,0.32,0.63,190.48,18.94,10.53,5.54
44,json_l_fast_04,21,F,164.5,61.32,22.66,109,1.09,75.84,74.15,67.87,91.02,0.52,1.02,117.08,2.25,10.53,7.28
44,json_l_fast_05,21,F,164.5,61.32,22.66,110,1.1,76.21,79.26,62.99,104.81,0.59,1.18,101.69,3.92,10.53,7.12
44,json_l_fast_06,21,F,164.5,61.32,22.66,110,1.1,74.92,82.34,61.36,98.78,0.59,1.18,101.69,9.44,10.53,10.88
44,json_l_fast_07,21,F,164.5,61.32,22.66,112,1.12,78.41,89.37,69.28,96.53,0.52,1.05,114.29,13.07,43.81,11.01
44,json_l_fast_08,21,F,164.5,61.32,22.66,110,1.1,73.82,78.91,85.43,119.03,0.66,1.31,91.6,6.67,1.53,7.34
44,json_l_fast_09,21,F,164.5,61.32,22.66,110,1.1,70.84,71.1,56.41,77.38,0.63,1.26,95.24,0.36,10.53,9.11
44,json_l_fast_10,21,F,164.5,61.32,22.66,109,1.09,72.18,70.04,84.82,118.38,0.32,0.64,187.5,3.01,14.49,4.14
44,json_l_slow_01,21,F,164.5,61.32,22.66,115,1.15,52.05,12.09,39.84,24.75,0.72,1.44,83.33,124.59,0.0,1.8
44,json_l_slow_02,21,F,164.5,61.32,22.66,113,1.13,54.11,44.06,46.55,39.62,0.36,0.72,166.67,20.48,0.0,5.08
44,json_l_slow_03,21,F,164.5,61.32,22.66,116,1.16,55.51,51.44,43.06,48.23,0.64,1.28,93.75,7.62,15.62,3.63
44,json_l_slow_04,21,F,164.5,61.32,22.66,114,1.14,54.89,38.74,45.81,52.93,0.49,0.98,122.45,34.5,8.16,4.92
44,json_l_slow_05,21,F,164.5,61.32,22.66,113,1.13,54.1,55.29,44.17,40.15,0.35,0.7,171.43,2.18,7.19,5.76
44,json_l_slow_06,21,F,164.5,61.32,22.66,117,1.17,52.53,58.07,49.17,53.31,0.51,1.02,117.65,10.03,10.53,3.42
44,json_l_slow_07,21,F,164.5,61.32,22.66,113,1.13,56.28,51.68,68.14,54.02,0.52,1.05,114.29,8.53,5.71,5.2
44,json_l_slow_08,21,F,164.5,61.32,22.66,114,1.14,57.06,43.13,49.27,49.47,0.35,0.7,171.43,27.8,0.0,5.67
44,json_l_slow_09,21,F,164.5,61.32,22.66,113,1.13,55.15,22.11,42.23,59.12,0.59,1.18,101.69,85.51,0.0,5.1
44,json_l_slow_10,21,F,164.5,61.32,22.66,115,1.15,54.37,28.77,40.67,49.71,0.69,1.38,86.96,61.6,0.0,6.67
44,json_r_comf_01,21,F,164.5,61.32,22.66,114,1.14,58.83,54.22,75.87,66.48,0.44,0.88,136.36,8.16,22.73,1.89
44,json_r_comf_02,21,F,164.5,61.32,22.66,91,0.91,53.39,56.74,70.8,91.1,0.55,1.11,108.11,6.09,30.63,1.72
44,json_r_comf_03,21,F,164.5,61.32,22.66,113,1.13,59.28,56.7,76.9,67.48,0.41,0.82,146.34,4.44,19.51,2.63
44,json_r_comf_04,21,F,164.5,61.32,22.66,112,1.12,60.45,58.91,80.2,75.23,0.44,0.89,134.83,2.57,38.2,4.32
44,json_r_comf_05,21,F,164.5,61.32,22.66,113,1.13,56.81,53.2,79.25,93.42,0.42,0.84,142.86,6.56,10.53,2.58
44,json_r_comf_06,21,F,164.5,61.32,22.66,112,1.12,59.66,58.56,81.44,75.22,0.4,0.81,148.15,1.86,41.98,4.01
44,json_r_comf_07,21,F,164.5,61.32,22.66,112,1.12,59.99,56.02,76.44,70.16,0.51,1.02,117.65,6.84,10.53,3.6
44,json_r_comf_08,21,F,164.5,61.32,22.66,113,1.13,59.19,59.16,77.13,93.19,0.53,1.06,113.21,0.05,0.0,4.23
44,json_r_comf_09,21,F,164.5,61.32,22.66,114,1.14,56.2,59.23,71.85,66.0,0.38,0.75,160.0,5.26,34.67,3.59
44,json_r_comf_10,21,F,164.5,61.32,22.66,113,1.13,58.16,58.53,78.78,64.17,0.44,0.88,136.36,0.64,10.53,4.42
44,json_r_comf_11,21,F,164.5,61.32,22.66,111,1.11,61.0,53.65,78.57,78.2,0.43,0.86,139.53,12.82,0.0,4.05
44,json_r_comf_12,21,F,164.5,61.32,22.66,112,1.12,60.53,58.29,80.65,83.89,0.43,0.86,139.53,3.77,37.21,4.31
44,json_r_comf_13,21,F,164.5,61.32,22.66,111,1.11,61.42,56.06,79.81,77.87,0.42,0.83,144.58,9.13,31.33,2.63
44,json_r_fast_01,21,F,164.5,61.32,22.66,111,1.11,56.9,26.18,66.93,51.04,0.58,1.16,103.45,73.96,0.0,3.75
44,json_r_fast_02,21,F,164.5,61.32,22.66,111,1.11,56.27,29.47,73.97,55.17,0.5,1.0,120.0,62.52,0.0,3.62
44,json_r_fast_03,21,F,164.5,61.32,22.66,111,1.11,54.97,40.94,72.13,65.11,0.46,0.92,130.43,29.25,0.0,3.36
44,json_r_fast_04,21,F,164.5,61.32,22.66,110,1.1,55.12,25.74,68.26,60.06,0.52,1.03,116.5,72.66,1.94,3.55
44,json_r_fast_05,21,F,164.5,61.32,22.66,111,1.11,53.79,27.99,48.33,52.36,0.55,1.1,109.09,63.1,0.0,3.69
44,json_r_fast_06,21,F,164.5,61.32,22.66,110,1.1,56.3,26.34,36.54,48.73,0.56,1.12,107.14,72.49,7.14,3.77
44,json_r_fast_07,21,F,164.5,61.32,22.66,110,1.1,55.96,26.71,59.37,59.83,0.54,1.08,111.11,70.77,11.11,3.76
44,json_r_fast_08,21,F,164.5,61.32,22.66,112,1.12,59.5,24.71,59.83,52.86,0.58,1.16,103.45,82.64,3.45,5.52
44,json_r_fast_09,21,F,164.5,61.32,22.66,111,1.11,56.27,50.29,83.85,63.0,0.38,0.76,157.89,11.23,31.58,5.86
44,json_r_fast_10,21,F,164.5,61.32,22.66,111,1.11,60.01,60.76,90.82,68.77,0.53,1.06,113.21,1.25,10.53,4.26
44,json_r_slow_01,21,F,164.5,61.32,22.66,117,1.17,57.44,50.43,77.79,82.92,0.42,0.84,142.86,13.0,33.33,5.4
44,json_r_slow_02,21,F,164.5,61.32,22.66,114,1.14,58.13,54.84,74.59,86.53,0.44,0.87,137.93,5.83,43.68,5.06
44,json_r_slow_03,21,F,164.5,61.32,22.66,111,1.11,56.98,55.64,70.46,55.21,0.55,1.11,108.11,2.38,23.42,5.83
44,json_r_slow_04,21,F,164.5,61.32,22.66,116,1.16,57.56,35.48,71.4,84.89,0.59,1.18,101.69,47.45,0.0,3.46
44,json_r_slow_05,21,F,164.5,61.32,22.66,115,1.15,57.25,17.49,55.82,40.45,0.58,1.16,103.45,106.38,17.24,1.83
44,json_r_slow_06,21,F,164.5,61.32,22.66,114,1.14,60.95,15.14,42.15,45.26,0.57,1.14,105.26,120.4,10.53,1.84
44,json_r_slow_07,21,F,164.5,61.32,22.66,115,1.15,57.05,54.98,85.05,69.36,0.5,1.0,120.0,3.7,8.0,5.2
44,json_r_slow_08,21,F,164.5,61.32,22.66,114,1.14,60.95,54.45,73.06,60.56,0.38,0.77,155.84,11.26,33.77,3.34
44,json_r_slow_09,21,F,164.5,61.32,22.66,113,1.13,61.39,52.25,70.88,52.85,0.4,0.81,148.15,16.08,12.35,2.62
44,json_r_slow_10,21,F,164.5,61.32,22.66,115,1.15,57.01,54.62,77.93,44.84,0.46,0.92,130.43,4.28,10.53,4.29
43,json_l_comf_01,37,M,179.0,61.02,19.05,109,1.09,39.32,49.72,27.31,18.12,0.48,0.95,126.32,23.36,23.16,5.39
43,json_l_comf_02,37,M,179.0,61.02,19.05,112,1.12,49.21,47.37,42.43,47.95,0.5,1.0,120.0,3.8,8.0,6.24
43,json_l_comf_03,37,M,179.0,61.02,19.05,110,1.1,60.66,55.64,44.16,58.56,0.38,0.76,157.89,8.63,8.22,3.76
43,json_l_comf_04,37,M,179.0,61.02,19.05,112,1.12,45.83,52.52,35.43,43.61,0.36,0.72,166.67,13.62,22.22,4.59
43,json_l_comf_05,37,M,179.0,61.02,19.05,114,1.14,36.85,48.05,25.94,26.87,0.48,0.96,125.0,26.38,12.5,6.91
43,json_l_comf_06,37,M,179.0,61.02,19.05,112,1.12,55.72,58.33,49.59,62.32,0.36,0.72,166.67,4.57,12.24,4.97
43,json_l_comf_07,37,M,179.0,61.02,19.05,111,1.11,57.5,60.09,53.99,72.56,0.37,0.74,162.16,4.4,5.26,3.81
43,json_l_comf_08,37,M,179.0,61.02,19.05,110,1.1,41.7,61.24,79.95,69.18,0.42,0.84,142.86,37.97,1.2,3.08
43,json_l_comf_09,37,M,179.0,61.02,19.05,108,1.08,35.29,55.84,32.79,30.0,0.49,0.98,122.45,45.09,32.65,6.88
43,json_l_comf_10,37,M,179.0,61.02,19.05,114,1.14,59.97,60.86,64.92,81.74,0.34,0.69,173.91,1.48,8.7,3.86
43,json_l_fast_01,37,M,179.0,61.02,19.05,102,1.02,58.6,59.26,52.7,75.18,0.4,0.8,150.0,1.12,25.0,4.95
43,json_l_fast_02,37,M,179.0,61.02,19.05,107,1.07,60.56,52.43,61.49,49.79,0.39,0.78,153.85,14.4,17.95,4.05
43,json_l_fast_03,37,M,179.0,61.02,19.05,107,1.07,60.79,58.26,58.05,63.94,0.41,0.82,146.34,4.24,45.83,3.85
43,json_l_fast_04,37,M,179.0,61.02,19.05,107,1.07,54.99,54.51,66.67,79.51,0.68,1.35,88.89,0.89,7.41,5.64
43,json_l_fast_05,37,M,179.0,61.02,19.05,110,1.1,61.67,55.56,49.62,73.77,0.52,1.04,115.38,10.42,27.41,3.7
43,json_l_fast_06,37,M,179.0,61.02,19.05,109,1.09,65.9,48.84,48.77,58.69,0.34,0.68,176.47,29.75,8.45,3.46
43,json_l_fast_07,37,M,179.0,61.02,19.05,110,1.1,60.47,58.75,56.1,70.46,0.47,0.94,127.66,2.88,29.79,4.73
43,json_l_fast_08,37,M,179.0,61.02,19.05,110,1.1,61.93,57.13,47.75,57.49,0.46,0.93,129.03,8.07,19.35,3.48
43,json_l_fast_09,37,M,179.0,61.02,19.05,106,1.06,60.78,46.05,70.21,55.73,0.52,1.04,115.38,27.57,11.54,4.76
43,json_l_fast_10,37,M,179.0,61.02,19.05,106,1.06,56.42,55.37,45.82,47.59,0.5,1.0,120.0,1.89,60.0,1.75
43,json_l_fast_11,37,M,179.0,61.02,19.05,106,1.06,53.31,41.74,48.17,36.77,0.37,0.74,162.16,24.35,51.93,1.56
43,json_l_fast_12,37,M,179.0,61.02,19.05,108,1.08,56.52,50.49,49.48,42.17,0.57,1.14,105.26,11.27,3.51,1.74
43,json_l_slow_01,37,M,179.0,61.02,19.05,119,1.19,54.64,60.34,85.67,82.85,0.36,0.72,166.67,9.92,4.26,1.58
43,json_l_slow_02,37,M,179.0,61.02,19.05,124,1.24,41.34,44.83,55.11,62.81,0.36,0.72,166.67,8.11,80.0,3.63
43,json_l_slow_03,37,M,179.0,61.02,19.05,186,1.86,38.46,52.69,26.33,45.36,0.54,1.08,111.11,31.21,14.93,3.24
43,json_l_slow_04,37,M,179.0,61.02,19.05,120,1.2,46.57,54.37,25.53,41.98,0.52,1.04,115.38,15.45,23.08,3.09
43,json_l_slow_05,37,M,179.0,61.02,19.05,127,1.27,39.18,54.36,34.44,61.49,0.34,0.69,173.91,32.47,13.51,4.66
43,json_l_slow_06,37,M,179.0,61.02,19.05,127,1.27,50.98,59.15,57.56,75.09,0.43,0.86,139.53,14.83,13.04,3.53
43,json_l_slow_07,37,M,179.0,61.02,19.05,124,1.24,32.33,63.25,31.4,53.15,0.34,0.68,176.47,64.71,17.95,3.5
43,json_l_slow_08,37,M,179.0,61.02,19.05,120,1.2,55.34,56.21,36.93,40.72,0.57,1.15,104.35,1.55,40.0,1.67
43,json_l_slow_09,37,M,179.0,61.02,19.05,122,1.22,57.77,58.31,36.03,58.87,0.6,1.2,100.0,0.93,66.67,1.61
43,json_l_slow_10,37,M,179.0,61.02,19.05,123,1.23,30.82,53.42,26.08,65.04,0.45,0.9,133.33,53.66,0.0,3.09
43,json_l_slow_11,37,M,179.0,61.02,19.05,118,1.18,55.33,58.81,37.11,45.96,0.31,0.62,193.55,6.09,82.13,3.76
43,json_l_slow_12,37,M,179.0,61.02,19.05,120,1.2,31.01,59.28,33.14,38.9,0.38,0.76,157.89,62.61,36.84,3.51
43,json_l_slow_13,37,M,179.0,61.02,19.05,118,1.18,36.82,58.71,29.77,30.32,0.53,1.07,112.15,45.84,24.3,5.17
43,json_l_slow_14,37,M,179.0,61.02,19.05,117,1.17,55.14,53.1,36.06,68.0,0.33,0.66,181.82,3.77,79.07,3.28
43,json_r_comf_01,37,M,179.0,61.02,19.05,105,1.05,58.86,58.29,64.58,72.18,0.46,0.93,129.03,0.97,10.75,3.18
43,json_r_comf_02,37,M,179.0,61.02,19.05,109,1.09,63.1,55.47,80.4,91.19,0.49,0.98,122.45,12.88,8.16,3.23
43,json_r_comf_03,37,M,179.0,61.02,19.05,106,1.06,58.59,40.05,89.81,81.07,0.44,0.88,136.36,37.59,0.0,3.16
43,json_r_comf_04,37,M,179.0,61.02,19.05,105,1.05,61.34,52.86,89.6,94.65,0.46,0.92,130.43,14.85,17.95,3.22
43,json_r_comf_05,37,M,179.0,61.02,19.05,107,1.07,61.67,53.32,71.91,80.89,0.44,0.89,134.83,14.52,11.24,2.51
43,json_r_comf_06,37,M,179.0,61.02,19.05,108,1.08,62.52,52.83,86.34,89.76,0.46,0.91,131.87,16.81,2.2,3.09
43,json_r_comf_07,37,M,179.0,61.02,19.05,110,1.1,61.26,56.0,81.92,78.2,0.42,0.83,144.58,8.97,16.87,1.62
43,json_r_comf_08,37,M,179.0,61.02,19.05,112,1.12,58.82,46.64,93.53,75.18,0.44,0.89,134.83,23.09,33.71,3.18
43,json_r_comf_09,37,M,179.0,61.02,19.05,105,1.05,58.35,62.49,100.31,87.56,0.47,0.94,127.66,6.85,59.65,2.47
43,json_r_comf_10,37,M,179.0,61.02,19.05,112,1.12,58.05,47.67,87.02,74.07,0.48,0.96,125.0,19.65,16.67,1.69
43,json_r_comf_11,37,M,179.0,61.02,19.05,110,1.1,59.08,58.11,85.58,74.4,0.41,0.82,146.34,1.67,43.9,1.59
43,json_r_fast_01,37,M,179.0,61.02,19.05,102,1.02,60.51,51.52,75.23,80.5,0.68,1.35,88.89,16.05,19.26,5.17
43,json_r_fast_02,37,M,179.0,61.02,19.05,102,1.02,63.93,59.45,59.44,61.36,0.4,0.8,150.0,7.27,11.92,4.04
43,json_r_fast_03,37,M,179.0,61.02,19.05,108,1.08,62.68,55.8,49.18,79.01,0.35,0.7,171.43,11.61,34.67,3.46
43,json_r_fast_04,37,M,179.0,61.02,19.05,107,1.07,59.93,55.64,82.07,75.36,0.47,0.94,127.66,7.42,42.55,2.43
43,json_r_fast_05,37,M,179.0,61.02,19.05,105,1.05,59.45,60.88,92.51,100.78,0.51,1.02,117.65,2.38,7.84,5.19
43,json_r_fast_06,37,M,179.0,61.02,19.05,110,1.1,59.41,52.09,85.54,83.42,0.48,0.96,125.0,13.14,45.83,3.26
43,json_r_fast_07,37,M,179.0,61.02,19.05,106,1.06,61.69,60.59,76.86,82.11,0.46,0.92,130.43,1.79,39.13,4.37
43,json_r_fast_08,37,M,179.0,61.02,19.05,108,1.08,61.63,55.66,81.88,88.71,0.55,1.1,109.09,10.17,7.27,4.62
43,json_r_fast_09,37,M,179.0,61.02,19.05,105,1.05,62.32,61.51,90.56,80.76,0.32,0.64,187.5,1.31,4.58,5.49
43,json_r_fast_10,37,M,179.0,61.02,19.05,105,1.05,62.32,53.89,81.92,84.05,0.68,1.36,88.24,14.52,17.95,2.7
43,json_r_slow_01,37,M,179.0,61.02,19.05,119,1.19,61.59,51.43,86.14,66.72,0.48,0.96,125.0,17.99,20.83,0.82
43,json_r_slow_02,37,M,179.0,61.02,19.05,122,1.22,57.0,52.14,61.15,65.22,0.56,1.12,107.14,8.92,3.57,0.84
43,json_r_slow_03,37,M,179.0,61.02,19.05,121,1.21,59.56,51.76,86.42,77.12,0.35,0.7,171.43,14.01,24.2,1.5
43,json_r_slow_04,37,M,179.0,61.02,19.05,117,1.17,58.39,47.08,91.59,71.02,0.46,0.93,129.03,21.44,27.96,0.89
43,json_r_slow_05,37,M,179.0,61.02,19.05,129,1.29,57.4,53.99,85.28,95.43,0.6,1.2,100.0,6.12,6.67,1.65
43,json_r_slow_06,37,M,179.0,61.02,19.05,118,1.18,58.77,49.73,90.59,91.01,0.6,1.2,100.0,16.67,3.33,0.84
43,json_r_slow_07,37,M,179.0,61.02,19.05,125,1.25,58.6,56.64,65.6,54.77,0.46,0.92,129.73,3.41,17.95,1.72
43,json_r_slow_08,37,M,179.0,61.02,19.05,119,1.19,54.31,55.38,89.97,89.69,0.56,1.12,107.14,1.95,0.0,2.57
43,json_r_slow_09,37,M,179.0,61.02,19.05,116,1.16,60.83,50.84,95.78,74.22,0.48,0.96,125.0,17.89,29.17,1.71
43,json_r_slow_10,37,M,179.0,61.02,19.05,114,1.14,57.94,50.23,95.56,69.46,0.46,0.92,129.73,14.27,17.95,2.42
43,json_r_slow_11,37,M,179.0,61.02,19.05,121,1.21,58.97,50.32,90.91,90.21,0.42,0.84,142.86,15.84,52.38,2.52
42,json_l_comf_01,20,F,178.0,79.41,25.06,115,1.15,53.58,59.55,66.41,56.66,0.48,0.96,125.0,10.55,4.08,2.32
42,json_l_comf_02,20,F,178.0,79.41,25.06,116,1.16,56.29,58.99,55.24,73.38,0.53,1.06,113.21,4.67,18.56,2.55
42,json_l_comf_03,20,F,178.0,79.41,25.06,116,1.16,55.73,59.25,61.98,56.75,0.56,1.13,106.19,6.11,15.93,1.69
42,json_l_comf_04,20,F,178.0,79.41,25.06,117,1.17,54.44,60.22,58.01,48.47,0.61,1.22,98.36,10.08,21.85,2.3
42,json_l_comf_05,20,F,178.0,79.41,25.06,117,1.17,57.1,60.29,68.51,58.66,0.45,0.9,133.33,5.43,40.0,3.29
42,json_l_comf_06,20,F,178.0,79.41,25.06,117,1.17,52.82,60.99,61.94,67.04,0.63,1.26,95.24,14.36,21.85,3.18
42,json_l_comf_07,20,F,178.0,79.41,25.06,117,1.17,55.2,58.01,63.15,65.9,0.62,1.24,96.77,4.97,22.58,1.67
42,json_l_comf_08,20,F,178.0,79.41,25.06,114,1.14,50.46,60.87,44.26,49.15,0.35,0.7,171.43,18.7,42.04,1.61
42,json_l_comf_09,20,F,178.0,79.41,25.06,118,1.18,57.48,58.0,60.13,60.73,0.55,1.11,108.11,0.89,16.22,3.21
42,json_l_comf_10,20,F,178.0,79.41,25.06,118,1.18,57.11,57.29,69.77,54.3,0.7,1.4,85.71,0.32,5.71,1.56
42,json_l_fast_01,20,F,178.0,79.41,25.06,112,1.12,57.8,60.54,54.47,68.48,0.44,0.88,136.36,4.63,12.05,1.66
42,json_l_fast_02,20,F,178.0,79.41,25.06,110,1.1,55.95,54.71,34.63,33.48,0.61,1.22,98.36,2.23,21.85,1.85
42,json_l_fast_03,20,F,178.0,79.41,25.06,109,1.09,55.45,57.7,45.59,35.95,0.35,0.7,171.43,3.98,41.86,1.76
42,json_l_fast_04,20,F,178.0,79.41,25.06,112,1.12,56.09,59.3,42.22,50.31,0.36,0.72,166.67,5.55,8.0,2.3
42,json_l_fast_05,20,F,178.0,79.41,25.06,110,1.1,49.75,56.89,42.02,29.84,0.42,0.84,142.86,13.39,29.68,1.82
42,json_l_fast_06,20,F,178.0,79.41,25.06,112,1.12,58.14,61.73,54.33,57.57,0.37,0.74,162.16,5.99,21.85,3.44
42,json_l_fast_07,20,F,178.0,79.41,25.06,111,1.11,58.39,59.38,51.42,62.71,0.42,0.83,144.58,1.68,31.33,2.45
42,json_l_fast_08,20,F,178.0,79.41,25.06,112,1.12,59.55,60.4,52.66,45.34,0.56,1.12,107.14,1.41,7.14,1.6
42,json_l_fast_09,20,F,178.0,79.41,25.06,111,1.11,59.5,58.37,56.12,53.35,0.5,1.01,118.81,1.92,1.98,3.16
42,json_l_fast_10,20,F,178.0,79.41,25.06,112,1.12,59.28,61.67,54.2,55.43,0.55,1.09,110.09,3.94,1.83,4.69
42,json_l_fast_11,20,F,178.0,79.41,25.06,112,1.12,60.56,61.83,52.97,56.2,0.44,0.88,136.36,2.08,31.82,3.87
42,json_l_slow_01,20,F,178.0,79.41,25.06,121,1.21,54.6,58.11,80.38,72.17,0.44,0.88,136.36,6.24,21.85,0.87
42,json_l_slow_02,20,F,178.0,79.41,25.06,122,1.22,53.82,54.77,56.29,63.45,0.51,1.02,117.65,1.74,1.98,2.29
42,json_l_slow_03,20,F,178.0,79.41,25.06,121,1.21,54.81,57.37,66.97,70.91,0.66,1.32,90.91,4.57,34.31,2.25
42,json_l_slow_04,20,F,178.0,79.41,25.06,108,1.08,50.0,58.55,54.21,68.17,0.31,0.62,193.55,15.75,21.85,1.88
42,json_l_slow_05,20,F,178.0,79.41,25.06,122,1.22,51.92,59.23,50.98,70.69,0.54,1.08,111.11,13.16,21.85,2.55
42,json_l_slow_06,20,F,178.0,79.41,25.06,121,1.21,57.04,57.27,91.88,74.06,0.6,1.21,99.17,0.41,24.79,2.41
42,json_l_slow_07,20,F,178.0,79.41,25.06,122,1.22,54.3,58.1,51.46,80.39,0.63,1.26,95.24,6.77,36.52,2.46
42,json_l_slow_08,20,F,178.0,79.41,25.06,120,1.2,41.63,59.51,45.43,62.19,0.51,1.02,117.65,35.35,21.85,3.67
42,json_l_slow_09,20,F,178.0,79.41,25.06,119,1.19,44.56,61.79,42.75,47.87,0.59,1.18,101.69,32.4,21.85,3.25
42,json_l_slow_10,20,F,178.0,79.41,25.06,122,1.22,57.68,57.56,65.07,54.51,0.37,0.74,162.16,0.2,20.61,3.07
42,json_l_slow_11,20,F,178.0,79.41,25.06,121,1.21,52.72,57.16,49.99,71.79,0.66,1.31,91.6,8.08,7.63,2.55
42,json_r_comf_01,20,F,178.0,79.41,25.06,116,1.16,59.0,58.22,85.21,75.43,0.53,1.06,113.21,1.33,56.6,2.41
42,json_r_comf_02,20,F,178.0,79.41,25.06,117,1.17,59.14,57.45,69.76,90.54,0.51,1.02,117.65,2.89,21.85,1.76
42,json_r_comf_03,20,F,178.0,79.41,25.06,116,1.16,63.02,57.2,70.86,68.69,0.51,1.02,117.65,9.68,21.85,2.38
42,json_r_comf_04,20,F,178.0,79.41,25.06,116,1.16,61.18,57.55,77.37,63.36,0.32,0.64,187.5,6.12,43.9,1.84
42,json_r_comf_05,20,F,178.0,79.41,25.06,115,1.15,61.07,56.67,94.43,70.9,0.44,0.88,136.36,7.47,54.55,2.6
42,json_r_comf_06,20,F,178.0,79.41,25.06,116,1.16,63.03,40.51,62.15,55.84,0.51,1.02,117.65,43.51,21.85,1.8
42,json_r_comf_07,20,F,178.0,79.41,25.06,115,1.15,61.44,56.96,79.7,104.98,0.6,1.2,100.0,7.56,21.85,3.4
42,json_r_comf_08,20,F,178.0,79.41,25.06,115,1.15,59.12,54.31,95.53,104.58,0.6,1.2,100.0,8.49,3.33,1.79
42,json_r_comf_09,20,F,178.0,79.41,25.06,116,1.16,58.9,55.25,76.58,91.44,0.32,0.63,190.48,6.39,21.85,3.4
42,json_r_comf_10,20,F,178.0,79.41,25.06,116,1.16,58.54,49.22,65.86,66.12,0.31,0.62,193.55,17.29,21.85,1.77
42,json_r_fast_01,20,F,178.0,79.41,25.06,111,1.11,59.16,59.35,82.76,86.19,0.43,0.86,139.53,0.32,8.48,1.52
42,json_r_fast_02,20,F,178.0,79.41,25.06,113,1.13,61.62,60.7,69.05,91.08,0.32,0.64,187.5,1.51,48.78,2.31
42,json_r_fast_03,20,F,178.0,79.41,25.06,112,1.12,60.16,61.55,77.39,76.91,0.52,1.04,115.38,2.3,21.85,3.3
42,json_r_fast_04,20,F,178.0,79.41,25.06,113,1.13,59.93,60.9,88.95,98.52,0.52,1.04,115.38,1.6,21.85,3.03
42,json_r_fast_05,20,F,178.0,79.41,25.06,112,1.12,61.85,60.7,84.29,93.88,0.42,0.85,141.18,1.87,40.0,3.57
42,json_r_fast_06,20,F,178.0,79.41,25.06,112,1.12,61.74,63.22,73.39,78.67,0.51,1.02,117.65,2.36,21.85,3.25
42,json_r_fast_07,20,F,178.0,79.41,25.06,111,1.11,60.41,63.3,64.83,83.91,0.42,0.85,141.18,4.66,35.29,2.36
42,json_r_fast_08,20,F,178.0,79.41,25.06,112,1.12,57.93,45.64,84.87,88.03,0.5,1.0,120.0,23.74,21.85,1.9
42,json_r_fast_09,20,F,178.0,79.41,25.06,113,1.13,60.88,61.33,67.81,89.05,0.51,1.02,117.65,0.72,19.61,1.67
42,json_r_fast_10,20,F,178.0,79.41,25.06,114,1.14,59.77,58.38,75.46,77.22,0.51,1.02,117.65,2.34,27.45,3.53
42,json_r_fast_11,20,F,178.0,79.41,25.06,113,1.13,61.47,58.98,68.06,73.93,0.51,1.02,117.65,4.13,21.85,2.48
42,json_r_slow_01,20,F,178.0,79.41,25.06,124,1.24,60.17,53.91,96.19,94.9,0.39,0.78,153.85,10.99,20.51,1.57
42,json_r_slow_02,20,F,178.0,79.41,25.06,124,1.24,57.58,58.16,74.96,126.05,0.56,1.12,107.14,1.01,21.85,2.43
42,json_r_slow_03,20,F,178.0,79.41,25.06,122,1.22,57.6,56.62,81.59,93.21,0.57,1.14,105.26,1.72,21.85,1.67
42,json_r_slow_04,20,F,178.0,79.41,25.06,122,1.22,60.91,57.62,98.08,86.5,0.5,1.01,118.81,5.56,29.7,0.84
42,json_r_slow_05,20,F,178.0,79.41,25.06,121,1.21,58.75,59.73,85.57,92.42,0.5,0.99,121.21,1.65,62.63,2.57
42,json_r_slow_06,20,F,178.0,79.41,25.06,121,1.21,59.02,57.07,75.84,65.58,0.57,1.14,105.26,3.35,21.85,1.66
42,json_r_slow_07,20,F,178.0,79.41,25.06,123,1.23,60.33,58.45,68.28,67.61,0.6,1.19,100.84,3.17,21.85,2.34
42,json_r_slow_08,20,F,178.0,79.41,25.06,120,1.2,61.37,58.07,76.32,70.63,0.62,1.25,96.0,5.52,17.6,1.55
42,json_r_slow_09,20,F,178.0,79.41,25.06,121,1.21,58.45,60.06,77.54,93.08,0.66,1.33,90.23,2.71,19.55,1.7
42,json_r_slow_10,20,F,178.0,79.41,25.06,121,1.21,57.5,54.84,79.27,95.87,0.46,0.93,129.03,4.74,49.46,3.13
42,json_r_slow_11,20,F,178.0,79.41,25.06,121,1.21,56.78,58.79,72.01,95.83,0.54,1.08,111.11,3.47,7.41,1.58
41,json_l_comf_01,28,M,185.5,85.78,24.93,129,1.29,55.91,58.08,46.2,34.6,0.53,1.07,112.15,3.81,13.08,4.34
41,json_l_comf_02,28,M,185.5,85.78,24.93,130,1.3,56.4,56.55,43.46,49.1,0.55,1.1,109.09,0.26,41.44,4.3
41,json_l_comf_03,28,M,185.5,85.78,24.93,131,1.31,56.98,55.71,44.57,36.29,0.6,1.2,100.0,2.24,31.58,4.61
41,json_l_comf_04,28,M,185.5,85.78,24.93,130,1.3,58.54,56.16,44.79,35.58,0.68,1.37,87.59,4.16,30.66,3.61
41,json_l_comf_05,28,M,185.5,85.78,24.93,131,1.31,56.69,57.52,42.56,37.6,0.61,1.22,98.36,1.45,6.56,5.19
41,json_l_comf_06,28,M,185.5,85.78,24.93,131,1.31,57.92,55.18,47.96,41.23,0.58,1.16,103.45,4.85,28.57,3.69
41,json_l_comf_07,28,M,185.5,85.78,24.93,136,1.36,56.24,57.42,42.84,42.87,0.66,1.33,90.23,2.07,7.52,4.0
41,json_l_comf_08,28,M,185.5,85.78,24.93,133,1.33,59.38,57.28,41.91,42.81,0.72,1.45,82.76,3.61,37.24,3.81
41,json_l_comf_09,28,M,185.5,85.78,24.93,130,1.3,58.93,56.58,45.43,36.13,0.71,1.42,84.51,4.07,36.62,4.39
41,json_l_comf_10,28,M,185.5,85.78,24.93,137,1.37,57.06,54.86,44.22,44.14,0.48,0.96,125.0,3.93,28.1,3.69
41,json_l_fast_01,28,M,185.5,85.78,24.93,117,1.17,60.7,57.76,50.18,41.24,0.46,0.92,130.43,4.97,9.09,4.82
41,json_l_fast_02,28,M,185.5,85.78,24.93,122,1.22,61.38,58.52,54.38,64.89,0.56,1.12,107.14,4.76,54.39,3.84
41,json_l_fast_03,28,M,185.5,85.78,24.93,120,1.2,64.03,58.69,52.17,39.26,0.55,1.09,110.09,8.71,1.83,3.63
41,json_l_fast_04,28,M,185.5,85.78,24.93,122,1.22,62.05,62.09,55.92,43.12,0.66,1.31,91.6,0.05,25.95,4.63
41,json_l_fast_05,28,M,185.5,85.78,24.93,122,1.22,62.4,57.21,54.91,79.91,0.54,1.08,111.11,8.67,57.63,3.05
41,json_l_fast_06,28,M,185.5,85.78,24.93,121,1.21,60.56,57.27,55.89,45.57,0.49,0.98,122.45,5.58,9.63,4.23
41,json_l_fast_07,28,M,185.5,85.78,24.93,121,1.21,58.14,57.52,47.59,43.04,0.55,1.1,109.09,1.07,57.85,4.99
41,json_l_fast_08,28,M,185.5,85.78,24.93,121,1.21,61.4,59.41,53.16,45.21,0.64,1.27,94.49,3.3,26.77,4.18
41,json_l_fast_09,28,M,185.5,85.78,24.93,122,1.22,62.91,58.26,49.5,38.9,0.64,1.29,93.02,7.68,35.66,3.83
41,json_l_fast_10,28,M,185.5,85.78,24.93,122,1.22,61.25,59.58,57.62,40.8,0.52,1.05,114.29,2.75,9.52,3.66
41,json_l_slow_01,28,M,185.5,85.78,24.93,147,1.47,53.12,49.84,40.07,37.68,0.65,1.3,92.31,6.38,3.08,4.99
41,json_l_slow_02,28,M,185.5,85.78,24.93,144,1.44,54.64,53.2,37.85,38.96,0.69,1.38,86.96,2.67,20.29,4.53
41,json_l_slow_03,28,M,185.5,85.78,24.93,144,1.44,49.91,52.27,39.68,35.06,0.69,1.38,86.96,4.62,28.1,5.2
41,json_l_slow_04,28,M,185.5,85.78,24.93,151,1.51,49.06,49.52,41.65,36.83,0.72,1.44,83.33,0.94,16.67,2.93
41,json_l_slow_05,28,M,185.5,85.78,24.93,145,1.45,48.86,54.05,42.12,42.77,0.73,1.46,82.19,10.08,16.44,5.03
41,json_l_slow_06,28,M,185.5,85.78,24.93,140,1.4,51.43,55.03,43.97,37.13,0.64,1.28,93.75,6.75,9.38,4.45
41,json_l_slow_07,28,M,185.5,85.78,24.93,142,1.42,54.34,53.53,41.17,42.42,0.63,1.26,95.24,1.5,43.2,5.08
41,json_l_slow_08,28,M,185.5,85.78,24.93,149,1.49,52.7,51.71,36.7,38.32,0.65,1.3,92.31,1.89,49.65,5.07
41,json_l_slow_09,28,M,185.5,85.78,24.93,136,1.36,52.29,53.41,45.6,44.4,0.65,1.3,92.31,2.11,15.38,4.36
41,json_l_slow_10,28,M,185.5,85.78,24.93,141,1.41,52.67,53.65,41.4,40.19,0.72,1.43,83.92,1.84,1.4,4.28
41,json_r_comf_01,28,M,185.5,85.78,24.93,129,1.29,58.88,46.29,88.74,50.93,0.66,1.31,91.6,23.94,32.06,5.76
41,json_r_comf_02,28,M,185.5,85.78,24.93,132,1.32,58.67,50.1,89.52,52.32,0.59,1.18,101.69,15.75,28.1,6.07
41,json_r_comf_03,28,M,185.5,85.78,24.93,131,1.31,59.02,50.53,89.56,81.47,0.78,1.56,76.92,15.51,20.51,5.25
41,json_r_comf_04,28,M,185.5,85.78,24.93,131,1.31,56.32,55.11,98.51,56.44,0.82,1.63,73.62,2.17,23.31,4.64
41,json_r_comf_05,28,M,185.5,85.78,24.93,132,1.32,56.82,53.38,84.42,88.87,0.78,1.55,77.42,6.23,9.03,4.59
41,json_r_comf_06,28,M,185.5,85.78,24.93,131,1.31,56.17,53.32,95.77,56.39,0.76,1.51,79.47,5.2,6.62,5.1
41,json_r_comf_07,28,M,185.5,85.78,24.93,134,1.34,56.18,51.06,93.06,81.76,0.78,1.56,76.92,9.55,5.13,6.67
41,json_r_comf_08,28,M,185.5,85.78,24.93,135,1.35,56.69,53.31,98.06,54.98,0.75,1.5,80.0,6.13,28.1,5.15
41,json_r_comf_09,28,M,185.5,85.78,24.93,138,1.38,55.15,50.56,85.31,47.67,0.69,1.38,86.96,8.69,26.09,5.34
41,json_r_comf_10,28,M,185.5,85.78,24.93,136,1.36,58.2,51.54,94.22,52.35,0.8,1.6,75.0,12.12,28.1,5.39
41,json_r_fast_01,28,M,185.5,85.78,24.93,125,1.25,59.81,51.33,100.52,75.28,0.54,1.08,111.11,15.25,43.95,5.78
41,json_r_fast_02,28,M,185.5,85.78,24.93,123,1.23,61.65,54.14,102.48,82.2,0.55,1.1,109.09,12.97,39.29,5.19
41,json_r_fast_03,28,M,185.5,85.78,24.93,124,1.24,60.39,50.77,100.78,72.0,0.56,1.12,107.14,17.3,40.0,5.72
41,json_r_fast_04,28,M,185.5,85.78,24.93,124,1.24,60.59,54.44,95.01,55.73,0.54,1.08,111.11,10.68,42.2,5.43
41,json_r_fast_05,28,M,185.5,85.78,24.93,121,1.21,61.72,53.85,91.74,55.06,0.53,1.06,113.21,13.63,59.2,3.65
41,json_r_fast_06,28,M,185.5,85.78,24.93,121,1.21,59.61,55.06,114.59,98.99,0.6,1.21,99.17,7.93,14.88,5.0
41,json_r_fast_07,28,M,185.5,85.78,24.93,119,1.19,62.7,55.85,90.85,62.84,0.53,1.06,113.21,11.55,35.29,4.43
41,json_r_fast_08,28,M,185.5,85.78,24.93,120,1.2,61.78,53.97,103.26,77.52,0.53,1.06,113.21,13.5,42.99,4.47
41,json_r_fast_09,28,M,185.5,85.78,24.93,120,1.2,65.65,53.93,114.18,85.18,0.53,1.06,113.21,19.61,53.16,5.26
41,json_r_fast_10,28,M,185.5,85.78,24.93,121,1.21,59.95,53.91,103.9,116.25,0.53,1.06,113.21,10.6,40.38,4.64
41,json_r_slow_01,28,M,185.5,85.78,24.93,147,1.47,51.37,46.5,81.37,74.37,0.62,1.24,96.77,9.96,28.1,5.35
41,json_r_slow_02,28,M,185.5,85.78,24.93,147,1.47,51.78,50.97,98.69,64.76,0.63,1.26,95.24,1.57,28.1,5.27
41,json_r_slow_03,28,M,185.5,85.78,24.93,141,1.41,54.22,52.0,82.5,57.35,0.8,1.6,75.0,4.18,28.1,6.78
41,json_r_slow_04,28,M,185.5,85.78,24.93,142,1.42,56.06,54.32,94.18,59.35,0.67,1.34,89.55,3.15,28.1,5.94
41,json_r_slow_05,28,M,185.5,85.78,24.93,151,1.51,53.07,49.35,92.52,50.12,0.85,1.7,70.59,7.27,28.1,5.78
41,json_r_slow_06,28,M,185.5,85.78,24.93,152,1.52,51.19,50.42,63.46,42.84,0.85,1.7,70.59,1.52,28.1,6.17
41,json_r_slow_07,28,M,185.5,85.78,24.93,148,1.48,50.28,47.3,78.0,51.49,0.82,1.64,73.17,6.11,28.1,5.45
41,json_r_slow_08,28,M,185.5,85.78,24.93,143,1.43,51.62,48.3,90.68,59.35,0.7,1.39,86.33,6.65,64.75,5.9
41,json_r_slow_09,28,M,185.5,85.78,24.93,144,1.44,53.54,52.62,77.52,90.54,0.81,1.62,74.07,1.75,28.1,5.66
41,json_r_slow_10,28,M,185.5,85.78,24.93,146,1.46,52.99,49.07,81.94,53.72,0.83,1.66,72.29,7.7,28.1,6.15
40,json_l_comf_01,28,M,183.6,136.14,40.39,122,1.22,58.16,52.74,37.46,72.41,0.71,1.42,84.51,9.77,27.2,0.72
40,json_l_comf_02,28,M,183.6,136.14,40.39,121,1.21,43.53,58.21,35.08,33.14,0.5,1.0,120.0,28.86,40.0,0.05
40,json_l_comf_03,28,M,183.6,136.14,40.39,120,1.2,49.7,55.66,33.03,36.91,0.36,0.73,164.38,11.32,25.15,1.97
40,json_l_comf_04,28,M,183.6,136.14,40.39,121,1.21,63.27,56.77,47.58,39.15,0.61,1.22,98.36,10.84,26.23,2.29
40,json_l_comf_05,28,M,183.6,136.14,40.39,121,1.21,67.42,59.05,50.11,86.62,0.62,1.24,96.77,13.25,32.26,1.94
40,json_l_comf_06,28,M,183.6,136.14,40.39,123,1.23,48.46,57.51,26.9,37.41,0.48,0.96,125.0,17.09,27.2,1.95
40,json_l_comf_07,28,M,183.6,136.14,40.39,123,1.23,57.31,68.32,57.28,95.9,0.53,1.06,113.21,17.52,37.74,1.83
40,json_l_comf_08,28,M,183.6,136.14,40.39,120,1.2,58.24,60.21,43.74,38.01,0.33,0.66,181.82,3.33,7.3,1.46
40,json_l_comf_09,28,M,183.6,136.14,40.39,121,1.21,50.4,63.53,43.46,89.17,0.37,0.74,162.16,23.04,23.81,1.85
40,json_l_comf_10,28,M,183.6,136.14,40.39,121,1.21,50.74,62.19,32.33,70.78,0.53,1.06,113.21,20.27,49.06,1.9
40,json_l_fast_01,28,M,183.6,136.14,40.39,110,1.1,61.09,58.68,54.0,53.86,0.32,0.65,184.62,4.01,27.2,0.77
40,json_l_fast_02,28,M,183.6,136.14,40.39,114,1.14,63.35,61.07,55.39,39.96,0.57,1.15,104.35,3.66,67.83,0.77
40,json_l_fast_03,28,M,183.6,136.14,40.39,111,1.11,63.59,57.69,52.29,40.72,0.53,1.06,113.21,9.73,67.92,0.07
40,json_l_fast_04,28,M,183.6,136.14,40.39,112,1.12,51.28,57.3,48.34,38.12,0.42,0.85,141.18,11.09,58.82,0.79
40,json_l_fast_05,28,M,183.6,136.14,40.39,112,1.12,38.59,59.73,32.35,49.53,0.48,0.96,125.0,43.0,27.2,5.28
40,json_l_fast_06,28,M,183.6,136.14,40.39,115,1.15,51.28,77.42,44.59,71.11,0.53,1.06,113.21,40.62,30.19,1.53
40,json_l_fast_07,28,M,183.6,136.14,40.39,111,1.11,51.18,79.07,61.11,75.4,0.5,1.01,118.81,42.83,37.62,1.61
40,json_l_fast_08,28,M,183.6,136.14,40.39,111,1.11,58.53,88.63,60.46,74.89,0.36,0.72,166.67,40.91,37.84,0.09
40,json_l_fast_09,28,M,183.6,136.14,40.39,112,1.12,57.24,79.39,65.34,63.32,0.87,1.74,68.97,32.42,27.2,0.05
40,json_l_fast_10,28,M,183.6,136.14,40.39,113,1.13,49.34,62.75,60.89,32.48,0.42,0.84,142.86,23.94,50.0,0.09
40,json_l_slow_01,28,M,183.6,136.14,40.39,135,1.35,22.78,55.18,29.85,21.21,0.52,1.05,114.29,83.13,32.38,1.85
40,json_l_slow_02,28,M,183.6,136.14,40.39,140,1.4,29.6,52.76,42.42,34.65,0.38,0.76,157.89,56.25,31.95,0.75
40,json_l_slow_03,28,M,183.6,136.14,40.39,138,1.38,24.06,60.51,37.75,34.88,0.52,1.03,116.5,86.22,60.19,1.73
40,json_l_slow_04,28,M,183.6,136.14,40.39,136,1.36,58.57,51.35,46.5,42.88,0.39,0.78,153.85,13.13,23.6,1.65
40,json_l_slow_05,28,M,183.6,136.14,40.39,138,1.38,23.11,51.31,26.13,15.92,0.81,1.62,74.07,75.8,27.2,1.8
40,json_l_slow_06,28,M,183.6,136.14,40.39,136,1.36,34.44,57.17,40.12,40.05,0.38,0.76,157.89,49.62,27.2,0.03
40,json_l_slow_07,28,M,183.6,136.14,40.39,139,1.39,59.52,57.76,49.08,37.47,0.55,1.11,108.11,3.0,52.25,1.52
40,json_l_slow_08,28,M,183.6,136.14,40.39,137,1.37,19.31,50.49,41.45,31.99,0.57,1.15,104.35,89.34,43.48,0.81
40,json_l_slow_09,28,M,183.6,136.14,40.39,138,1.38,24.62,21.89,43.68,11.99,0.69,1.38,86.96,11.72,27.2,1.72
40,json_l_slow_10,28,M,183.6,136.14,40.39,136,1.36,27.46,56.39,47.44,38.62,0.38,0.76,157.89,69.02,36.36,1.53
40,json_r_comf_01,28,M,183.6,136.14,40.39,121,1.21,65.59,57.32,89.13,59.52,0.42,0.84,142.86,13.46,60.29,2.32
40,json_r_comf_02,28,M,183.6,136.14,40.39,120,1.2,62.44,35.9,68.92,46.02,0.54,1.08,111.11,53.98,0.0,1.73
40,json_r_comf_03,28,M,183.6,136.14,40.39,125,1.25,62.87,55.08,53.95,61.03,0.48,0.96,125.0,13.21,27.2,1.88
40,json_r_comf_04,28,M,183.6,136.14,40.39,122,1.22,60.06,25.36,57.22,54.32,0.48,0.96,125.0,81.26,27.2,1.85
40,json_r_comf_05,28,M,183.6,136.14,40.39,126,1.26,59.38,24.75,68.89,47.95,0.56,1.12,107.14,82.3,39.29,1.86
40,json_r_comf_06,28,M,183.6,136.14,40.39,124,1.24,59.44,23.16,59.48,56.22,0.39,0.78,153.85,87.84,0.0,1.84
40,json_r_comf_07,28,M,183.6,136.14,40.39,124,1.24,58.96,31.38,64.07,41.91,0.4,0.81,148.15,61.07,0.0,1.74
40,json_r_comf_08,28,M,183.6,136.14,40.39,124,1.24,61.24,23.4,64.74,42.77,0.4,0.8,150.0,89.41,0.0,1.69
40,json_r_comf_09,28,M,183.6,136.14,40.39,124,1.24,62.31,24.86,73.45,45.35,0.39,0.78,153.85,85.94,66.67,1.58
40,json_r_comf_10,28,M,183.6,136.14,40.39,125,1.25,60.75,20.44,60.56,47.94,0.39,0.78,153.85,99.3,0.0,0.8
40,json_r_fast_01,28,M,183.6,136.14,40.39,116,1.16,63.88,57.39,92.69,69.01,0.33,0.66,181.82,10.7,11.76,1.57
40,json_r_fast_02,28,M,183.6,136.14,40.39,119,1.19,61.3,51.2,76.45,44.62,0.34,0.68,176.47,17.96,1.46,0.8
40,json_r_fast_03,28,M,183.6,136.14,40.39,117,1.17,61.85,29.55,70.95,57.35,0.61,1.22,98.36,70.68,25.93,0.8
40,json_r_fast_04,28,M,183.6,136.14,40.39,115,1.15,60.91,38.65,69.54,76.22,0.57,1.14,105.26,44.72,25.74,0.07
40,json_r_fast_05,28,M,183.6,136.14,40.39,115,1.15,61.08,26.13,77.88,67.93,0.62,1.24,96.77,80.16,42.74,0.78
40,json_r_fast_06,28,M,183.6,136.14,40.39,116,1.16,60.07,23.12,96.7,58.56,0.68,1.36,88.24,88.84,0.0,0.8
40,json_r_fast_07,28,M,183.6,136.14,40.39,116,1.16,57.16,46.21,93.36,74.77,0.36,0.72,166.67,21.19,66.67,0.04
40,json_r_fast_08,28,M,183.6,136.14,40.39,115,1.15,58.01,55.34,76.72,61.74,0.35,0.7,171.43,4.71,12.24,1.63
40,json_r_fast_09,28,M,183.6,136.14,40.39,115,1.15,59.07,71.7,56.64,58.12,0.36,0.73,164.38,19.32,0.0,1.82
40,json_r_fast_10,28,M,183.6,136.14,40.39,117,1.17,54.5,50.01,39.73,46.12,0.37,0.74,162.16,8.58,27.2,1.8
40,json_r_slow_01,28,M,183.6,136.14,40.39,133,1.33,61.34,36.44,82.84,69.4,0.53,1.06,113.21,50.93,56.28,0.79
40,json_r_slow_02,28,M,183.6,136.14,40.39,135,1.35,60.0,48.48,64.39,61.08,0.42,0.85,141.18,21.22,0.0,1.87
40,json_r_slow_03,28,M,183.6,136.14,40.39,135,1.35,55.63,52.03,55.38,70.39,0.48,0.96,125.0,6.69,27.2,1.82
40,json_r_slow_04,28,M,183.6,136.14,40.39,132,1.32,61.6,47.96,80.28,70.15,0.34,0.69,173.91,24.89,2.9,1.48
40,json_r_slow_05,28,M,183.6,136.14,40.39,134,1.34,63.06,28.63,89.2,79.67,0.42,0.85,141.18,75.09,2.38,1.53
40,json_r_slow_06,28,M,183.6,136.14,40.39,134,1.34,56.65,18.82,76.87,52.6,0.5,1.0,120.0,100.27,0.0,0.07
40,json_r_slow_07,28,M,183.6,136.14,40.39,134,1.34,62.29,47.74,66.43,51.9,0.43,0.86,139.53,26.45,4.65,1.52
40,json_r_slow_08,28,M,183.6,136.14,40.39,132,1.32,58.98,48.53,65.39,52.69,0.4,0.8,150.0,19.44,0.0,0.78
40,json_r_slow_09,28,M,183.6,136.14,40.39,131,1.31,61.42,13.78,68.13,48.43,0.56,1.11,108.11,126.7,1.8,1.89
40,json_r_slow_10,28,M,183.6,136.14,40.39,140,1.4,62.91,24.43,72.55,68.27,0.71,1.42,84.51,88.12,28.17,1.56
39,json_l_comf_01,21,F,170.0,63.02,21.81,110,1.1,57.16,53.46,42.85,77.48,0.76,1.51,79.47,6.69,19.87,1.31
39,json_l_comf_02,21,F,170.0,63.02,21.81,112,1.12,48.25,56.29,37.51,37.11,0.39,0.78,153.85,15.38,45.83,1.72
39,json_l_comf_03,21,F,170.0,63.02,21.81,114,1.14,57.74,54.7,52.19,64.3,0.5,1.0,120.0,5.42,0.0,1.8
39,json_l_comf_04,21,F,170.0,63.02,21.81,111,1.11,60.1,55.11,42.09,54.52,0.33,0.66,181.82,8.65,10.07,2.67
39,json_l_comf_05,21,F,170.0,63.02,21.81,111,1.11,35.06,18.15,31.02,26.84,0.51,1.02,117.65,63.56,3.92,9.72
39,json_l_comf_06,21,F,170.0,63.02,21.81,113,1.13,53.0,57.76,41.94,33.04,0.66,1.33,90.23,8.6,31.58,3.6
39,json_l_comf_07,21,F,170.0,63.02,21.81,111,1.11,56.03,40.25,35.02,57.19,0.54,1.09,110.09,32.79,53.21,4.46
39,json_l_comf_08,21,F,170.0,63.02,21.81,112,1.12,55.79,59.08,32.86,73.32,0.56,1.13,106.19,5.74,76.11,3.43
39,json_l_comf_09,21,F,170.0,63.02,21.81,114,1.14,32.16,44.52,19.69,33.09,0.51,1.02,117.65,32.24,7.84,7.88
39,json_l_comf_10,21,F,170.0,63.02,21.81,113,1.13,60.39,57.84,72.72,72.28,0.43,0.86,139.53,4.3,9.76,1.75
39,json_l_comf_11,21,F,170.0,63.02,21.81,112,1.12,54.93,42.4,41.52,38.88,0.36,0.72,166.67,25.74,51.06,3.67
39,json_l_fast_01,21,F,170.0,63.02,21.81,108,1.08,57.04,51.56,55.48,66.95,0.42,0.84,142.86,10.09,32.26,0.94
39,json_l_fast_02,21,F,170.0,63.02,21.81,107,1.07,57.64,47.83,53.18,53.32,0.52,1.04,115.38,18.61,0.0,1.79
39,json_l_fast_03,21,F,170.0,63.02,21.81,108,1.08,58.54,51.73,52.1,68.03,0.44,0.89,134.83,12.35,6.74,0.96
39,json_l_fast_04,21,F,170.0,63.02,21.81,110,1.1,57.93,50.13,42.35,54.24,0.51,1.02,117.65,14.44,7.84,3.56
39,json_l_fast_05,21,F,170.0,63.02,21.81,109,1.09,59.86,53.33,69.4,68.85,0.48,0.96,125.0,11.53,0.0,1.76
39,json_l_fast_06,21,F,170.0,63.02,21.81,112,1.12,39.43,29.5,26.59,29.2,0.64,1.28,93.75,28.8,10.07,5.53
39,json_l_fast_07,21,F,170.0,63.02,21.81,110,1.1,59.31,52.3,58.33,55.56,0.46,0.92,130.43,12.56,8.7,1.81
39,json_l_fast_08,21,F,170.0,63.02,21.81,109,1.09,60.08,54.55,44.41,77.33,0.5,0.99,121.21,9.64,6.06,1.83
39,json_l_fast_09,21,F,170.0,63.02,21.81,111,1.11,54.75,37.85,32.45,53.56,0.55,1.1,109.09,36.52,21.82,1.8
39,json_l_fast_10,21,F,170.0,63.02,21.81,110,1.1,60.08,57.62,54.79,50.53,0.51,1.02,117.65,4.18,0.0,1.34
39,json_l_slow_01,21,F,170.0,63.02,21.81,109,1.09,54.22,49.57,46.78,68.37,0.44,0.88,136.36,8.95,10.07,4.27
39,json_l_slow_02,21,F,170.0,63.02,21.81,111,1.11,55.63,46.47,38.92,50.69,0.62,1.24,96.77,17.94,0.0,5.43
39,json_l_slow_03,21,F,170.0,63.02,21.81,116,1.16,57.7,53.56,110.93,105.31,0.46,0.93,129.03,7.45,49.46,1.76
39,json_l_slow_04,21,F,170.0,63.02,21.81,111,1.11,58.83,49.93,43.73,39.43,0.33,0.66,181.82,16.37,0.0,2.66
39,json_l_slow_05,21,F,170.0,63.02,21.81,115,1.15,50.86,48.09,32.06,45.68,0.35,0.7,171.43,5.59,4.38,8.15
39,json_l_slow_06,21,F,170.0,63.02,21.81,114,1.14,59.73,28.06,40.41,65.63,0.44,0.87,137.93,72.15,5.71,8.11
39,json_l_slow_07,21,F,170.0,63.02,21.81,114,1.14,53.59,44.4,40.59,34.44,0.37,0.74,162.16,18.78,45.16,2.13
39,json_l_slow_08,21,F,170.0,63.02,21.81,112,1.12,61.66,48.76,49.03,53.93,0.35,0.7,171.43,23.36,8.22,1.82
39,json_l_slow_09,21,F,170.0,63.02,21.81,112,1.12,62.8,44.49,39.5,40.6,0.4,0.8,150.0,34.14,37.04,3.83
39,json_l_slow_10,21,F,170.0,63.02,21.81,113,1.13,59.98,28.58,36.23,59.93,0.51,1.02,117.65,70.9,15.87,3.31
39,json_l_slow_11,21,F,170.0,63.02,21.81,113,1.13,60.0,49.71,50.67,67.98,0.47,0.94,127.66,18.76,31.58,1.84
39,json_l_slow_12,21,F,170.0,63.02,21.81,110,1.1,58.3,26.78,32.64,40.01,0.67,1.34,89.55,74.1,35.82,5.34
39,json_l_slow_13,21,F,170.0,63.02,21.81,113,1.13,42.39,38.46,34.18,35.75,0.3,0.6,200.0,9.72,66.67,4.43
39,json_r_comf_01,21,F,170.0,63.02,21.81,112,1.12,60.0,55.89,94.63,100.4,0.5,1.0,120.0,7.11,12.0,3.6
39,json_r_comf_02,21,F,170.0,63.02,21.81,111,1.11,60.43,32.23,68.51,105.1,0.49,0.98,122.45,60.85,12.24,1.88
39,json_r_comf_03,21,F,170.0,63.02,21.81,111,1.11,60.92,31.21,77.48,86.73,0.65,1.3,92.31,64.5,3.08,0.06
39,json_r_comf_04,21,F,170.0,63.02,21.81,112,1.12,56.35,32.13,88.85,87.29,0.68,1.36,88.24,54.76,0.0,2.83
39,json_r_comf_05,21,F,170.0,63.02,21.81,112,1.12,60.53,54.98,105.01,129.67,0.52,1.04,115.38,9.61,30.24,1.92
39,json_r_comf_06,21,F,170.0,63.02,21.81,112,1.12,58.91,56.39,98.22,124.4,0.54,1.09,110.09,4.37,9.17,1.77
39,json_r_comf_07,21,F,170.0,63.02,21.81,111,1.11,61.34,55.28,99.04,126.3,0.53,1.06,113.21,10.39,24.15,1.86
39,json_r_comf_08,21,F,170.0,63.02,21.81,110,1.1,59.29,55.91,108.73,124.73,0.45,0.9,133.33,5.86,26.67,1.89
39,json_r_comf_09,21,F,170.0,63.02,21.81,110,1.1,59.24,54.25,95.33,134.4,0.55,1.09,110.09,8.79,5.5,1.87
39,json_r_comf_10,21,F,170.0,63.02,21.81,112,1.12,61.3,57.53,103.13,118.63,0.55,1.11,108.11,6.34,5.41,2.57
39,json_r_fast_01,21,F,170.0,63.02,21.81,106,1.06,60.65,51.98,88.62,130.02,0.47,0.94,127.66,15.4,34.04,1.89
39,json_r_fast_02,21,F,170.0,63.02,21.81,109,1.09,56.8,53.97,92.93,83.64,0.38,0.77,155.84,5.12,28.57,1.83
39,json_r_fast_03,21,F,170.0,63.02,21.81,111,1.11,59.09,58.92,105.76,93.61,0.52,1.03,116.5,0.29,29.13,1.93
39,json_r_fast_04,21,F,170.0,63.02,21.81,110,1.1,53.88,54.31,105.4,90.91,0.49,0.98,122.45,0.8,12.24,1.86
39,json_r_fast_05,21,F,170.0,63.02,21.81,109,1.09,59.65,46.13,93.81,93.93,0.43,0.86,139.53,25.55,10.07,1.86
39,json_r_fast_06,21,F,170.0,63.02,21.81,109,1.09,60.21,52.89,92.9,71.75,0.45,0.9,133.33,12.96,8.89,1.89
39,json_r_fast_07,21,F,170.0,63.02,21.81,108,1.08,56.0,56.3,95.56,114.32,0.49,0.98,122.45,0.53,10.07,2.63
39,json_r_fast_08,21,F,170.0,63.02,21.81,111,1.11,57.73,56.84,100.99,89.87,0.56,1.12,107.14,1.54,0.0,1.84
39,json_r_fast_09,21,F,170.0,63.02,21.81,110,1.1,54.2,52.71,93.08,88.67,0.46,0.93,129.03,2.8,6.45,2.7
39,json_r_fast_10,21,F,170.0,63.02,21.81,109,1.09,59.5,55.6,104.0,118.35,0.47,0.94,127.66,6.78,12.77,2.71
39,json_r_slow_01,21,F,170.0,63.02,21.81,121,1.21,56.05,48.45,90.75,92.76,0.36,0.72,166.67,14.54,63.92,3.56
39,json_r_slow_02,21,F,170.0,63.02,21.81,115,1.15,55.7,53.8,97.24,90.25,0.69,1.38,86.96,3.46,10.07,1.92
39,json_r_slow_03,21,F,170.0,63.02,21.81,116,1.16,55.92,51.29,83.87,101.39,0.6,1.19,100.84,8.63,5.04,1.87
39,json_r_slow_04,21,F,170.0,63.02,21.81,115,1.15,57.65,55.78,87.9,91.83,0.57,1.15,104.35,3.3,1.74,1.96
39,json_r_slow_05,21,F,170.0,63.02,21.81,113,1.13,59.0,50.42,96.72,95.05,0.57,1.14,105.26,15.68,7.02,1.84
39,json_r_slow_06,21,F,170.0,63.02,21.81,112,1.12,55.18,48.44,81.78,95.78,0.55,1.11,108.11,13.02,12.61,2.63
39,json_r_slow_07,21,F,170.0,63.02,21.81,115,1.15,58.07,51.95,86.22,122.54,0.58,1.16,103.45,11.14,6.9,2.74
39,json_r_slow_08,21,F,170.0,63.02,21.81,114,1.14,57.09,54.88,99.73,100.56,0.56,1.12,107.14,3.95,25.0,1.76
39,json_r_slow_09,21,F,170.0,63.02,21.81,113,1.13,61.36,52.16,100.51,85.55,0.53,1.07,112.15,16.21,20.56,2.88
39,json_r_slow_10,21,F,170.0,63.02,21.81,113,1.13,57.06,53.0,105.77,96.64,0.53,1.06,113.21,7.39,7.55,2.74
38,json_l_comf_01,26,M,180.7,76.82,23.53,115,1.15,58.37,52.08,47.56,57.27,0.36,0.72,166.67,11.4,0.0,1.59
38,json_l_comf_02,26,M,180.7,76.82,23.53,115,1.15,41.12,35.25,32.64,41.49,0.66,1.32,90.91,15.38,26.8,7.7
38,json_l_comf_03,26,M,180.7,76.82,23.53,115,1.15,35.79,44.1,31.42,38.31,0.68,1.36,88.24,20.79,26.8,11.28
38,json_l_comf_04,26,M,180.7,76.82,23.53,114,1.14,58.39,53.7,55.58,81.5,0.52,1.04,115.38,8.38,76.92,1.63
38,json_l_comf_05,26,M,180.7,76.82,23.53,117,1.17,61.15,56.93,57.17,63.19,0.36,0.73,164.38,7.15,26.8,2.42
38,json_l_comf_06,26,M,180.7,76.82,23.53,116,1.16,49.88,55.91,46.16,87.28,0.31,0.62,193.55,11.41,26.8,1.59
38,json_l_comf_07,26,M,180.7,76.82,23.53,115,1.15,59.8,57.38,52.76,65.9,0.46,0.92,130.43,4.13,18.6,1.56
38,json_l_comf_08,26,M,180.7,76.82,23.53,117,1.17,61.36,56.06,55.29,66.63,0.53,1.06,113.21,9.02,26.8,3.41
38,json_l_comf_09,26,M,180.7,76.82,23.53,116,1.16,58.62,52.34,50.54,77.4,0.5,1.01,118.81,11.32,77.23,2.38
38,json_l_comf_10,26,M,180.7,76.82,23.53,116,1.16,60.33,54.44,45.57,57.2,0.36,0.72,166.67,10.26,74.07,3.1
38,json_l_fast_01,26,M,180.7,76.82,23.53,107,1.07,44.81,19.17,21.69,24.8,0.53,1.06,113.21,80.16,26.8,1.74
38,json_l_fast_02,26,M,180.7,76.82,23.53,110,1.1,37.95,41.75,25.19,32.97,0.37,0.74,162.16,9.52,26.8,0.77
38,json_l_fast_03,26,M,180.7,76.82,23.53,110,1.1,39.74,52.48,23.71,33.39,0.39,0.78,153.85,27.63,26.8,0.81
38,json_l_fast_04,26,M,180.7,76.82,23.53,110,1.1,38.68,38.35,37.1,46.35,0.37,0.74,162.16,0.87,17.93,0.07
38,json_l_fast_05,26,M,180.7,76.82,23.53,109,1.09,53.18,23.16,40.0,63.86,0.5,1.01,118.81,78.64,5.94,0.84
38,json_l_fast_06,26,M,180.7,76.82,23.53,109,1.09,42.57,21.68,17.52,32.34,0.58,1.16,103.45,65.04,26.8,0.1
38,json_l_fast_07,26,M,180.7,76.82,23.53,110,1.1,41.61,44.56,19.12,33.43,0.34,0.68,176.47,6.85,26.8,1.84
38,json_l_fast_08,26,M,180.7,76.82,23.53,108,1.08,43.84,51.56,37.75,38.29,0.42,0.84,142.86,16.18,33.33,0.13
38,json_l_fast_09,26,M,180.7,76.82,23.53,110,1.1,56.61,47.11,43.61,45.78,0.34,0.68,176.47,18.31,5.97,1.15
38,json_l_fast_10,26,M,180.7,76.82,23.53,111,1.11,43.31,45.69,24.36,29.33,0.65,1.3,92.31,5.35,26.8,1.8
38,json_l_slow_01,26,M,180.7,76.82,23.53,120,1.2,48.44,56.35,51.48,83.15,0.34,0.68,176.47,15.1,53.33,4.01
38,json_l_slow_02,26,M,180.7,76.82,23.53,124,1.24,49.63,54.44,44.35,74.33,0.34,0.68,176.47,9.24,19.87,4.8
38,json_l_slow_03,26,M,180.7,76.82,23.53,120,1.2,55.11,52.83,46.13,67.07,0.34,0.68,176.47,4.22,16.22,3.5
38,json_l_slow_04,26,M,180.7,76.82,23.53,120,1.2,39.4,53.1,30.28,51.33,0.72,1.44,83.33,29.63,26.8,5.4
38,json_l_slow_05,26,M,180.7,76.82,23.53,120,1.2,30.25,51.9,30.89,34.87,0.61,1.22,98.36,52.69,26.8,10.97
38,json_l_slow_06,26,M,180.7,76.82,23.53,121,1.21,27.04,54.11,28.51,39.27,0.51,1.02,117.65,66.7,82.35,12.73
38,json_l_slow_07,26,M,180.7,76.82,23.53,121,1.21,36.71,49.94,35.12,28.85,0.46,0.93,129.03,30.54,19.35,8.9
38,json_l_slow_08,26,M,180.7,76.82,23.53,120,1.2,37.32,47.6,32.91,31.31,0.62,1.24,96.77,24.23,26.8,5.44
38,json_l_slow_09,26,M,180.7,76.82,23.53,120,1.2,37.13,53.02,35.19,27.51,0.47,0.94,127.66,35.25,26.8,7.17
38,json_l_slow_10,26,M,180.7,76.82,23.53,121,1.21,40.51,57.87,35.32,40.31,0.62,1.24,96.77,35.3,26.8,5.42
38,json_r_comf_01,26,M,180.7,76.82,23.53,115,1.15,60.14,46.44,72.06,61.58,0.49,0.98,122.45,25.69,26.8,1.89
38,json_r_comf_02,26,M,180.7,76.82,23.53,114,1.14,62.73,34.77,61.5,59.31,0.45,0.9,133.33,57.35,26.8,5.61
38,json_r_comf_03,26,M,180.7,76.82,23.53,115,1.15,55.63,57.66,99.22,75.75,0.57,1.14,105.26,3.58,26.8,2.48
38,json_r_comf_04,26,M,180.7,76.82,23.53,115,1.15,59.02,53.43,88.08,87.27,0.42,0.84,142.86,9.94,52.38,1.75
38,json_r_comf_05,26,M,180.7,76.82,23.53,118,1.18,62.19,58.19,74.9,81.69,0.45,0.91,131.87,6.64,63.74,4.18
38,json_r_comf_06,26,M,180.7,76.82,23.53,117,1.17,61.24,51.57,88.71,65.35,0.42,0.85,141.18,17.15,21.18,2.63
38,json_r_comf_07,26,M,180.7,76.82,23.53,116,1.16,62.69,44.25,73.56,60.38,0.44,0.89,134.83,34.49,20.22,5.86
38,json_r_comf_08,26,M,180.7,76.82,23.53,118,1.18,65.15,33.6,57.94,46.88,0.55,1.1,109.09,63.89,0.0,3.75
38,json_r_comf_09,26,M,180.7,76.82,23.53,117,1.17,64.03,57.17,86.7,77.83,0.45,0.9,133.33,11.32,26.67,4.17
38,json_r_comf_10,26,M,180.7,76.82,23.53,115,1.15,61.61,53.73,79.95,65.77,0.39,0.78,153.85,13.66,46.77,3.2
38,json_r_fast_01,26,M,180.7,76.82,23.53,109,1.09,60.02,47.84,70.89,63.91,0.74,1.47,81.63,22.59,42.18,2.42
38,json_r_fast_02,26,M,180.7,76.82,23.53,110,1.1,57.52,52.53,77.84,86.34,0.4,0.8,150.0,9.08,61.75,1.7
38,json_r_fast_03,26,M,180.7,76.82,23.53,110,1.1,59.8,43.0,89.97,62.37,0.4,0.8,150.0,32.68,30.0,3.33
38,json_r_fast_04,26,M,180.7,76.82,23.53,110,1.1,56.68,51.39,84.44,61.06,0.42,0.84,142.86,9.78,28.57,1.72
38,json_r_fast_05,26,M,180.7,76.82,23.53,109,1.09,54.92,56.12,72.69,74.59,0.45,0.9,133.33,2.16,13.33,1.71
38,json_r_fast_06,26,M,180.7,76.82,23.53,111,1.11,60.09,50.16,90.72,59.2,0.4,0.79,151.9,18.0,2.53,1.54
38,json_r_fast_07,26,M,180.7,76.82,23.53,113,1.13,55.43,27.74,80.96,104.23,0.44,0.88,136.36,66.58,18.18,5.3
38,json_r_fast_08,26,M,180.7,76.82,23.53,111,1.11,57.82,51.58,71.54,76.32,0.39,0.78,153.85,11.42,26.8,0.83
38,json_r_fast_09,26,M,180.7,76.82,23.53,111,1.11,63.51,55.74,66.98,57.29,0.58,1.16,103.45,13.03,34.48,0.92
38,json_r_fast_10,26,M,180.7,76.82,23.53,111,1.11,60.41,49.01,74.21,53.98,0.48,0.96,125.0,20.84,0.0,0.88
38,json_r_slow_01,26,M,180.7,76.82,23.53,123,1.23,53.36,58.58,83.4,67.58,0.5,0.99,121.21,9.32,34.34,5.03
38,json_r_slow_02,26,M,180.7,76.82,23.53,120,1.2,60.65,64.59,86.47,82.48,0.51,1.02,117.65,6.29,3.92,4.14
38,json_r_slow_03,26,M,180.7,76.82,23.53,121,1.21,58.17,62.03,82.1,74.73,0.48,0.95,126.32,6.42,35.79,2.56
38,json_r_slow_04,26,M,180.7,76.82,23.53,123,1.23,58.75,49.07,93.03,98.49,0.5,0.99,121.21,17.94,38.38,2.56
38,json_r_slow_05,26,M,180.7,76.82,23.53,120,1.2,55.8,52.12,98.24,88.71,0.58,1.16,103.45,6.82,6.9,1.69
38,json_r_slow_06,26,M,180.7,76.82,23.53,118,1.18,58.59,47.64,92.09,60.6,0.55,1.11,108.11,20.61,48.65,1.76
38,json_r_slow_07,26,M,180.7,76.82,23.53,118,1.18,57.95,51.52,93.85,65.21,0.5,1.0,120.0,11.76,0.0,1.77
38,json_r_slow_08,26,M,180.7,76.82,23.53,117,1.17,59.81,47.77,87.13,68.68,0.47,0.94,127.66,22.37,51.06,2.49
38,json_r_slow_09,26,M,180.7,76.82,23.53,122,1.22,58.4,48.48,104.18,130.26,0.52,1.05,114.29,18.57,28.57,1.73
38,json_r_slow_10,26,M,180.7,76.82,23.53,119,1.19,56.59,48.05,99.66,65.15,0.6,1.21,99.17,16.33,11.57,1.71
37,json_l_comf_01,28,M,186.6,90.38,25.96,119,1.19,51.15,61.6,48.63,65.07,0.34,0.68,176.47,18.54,56.18,1.89
37,json_l_comf_02,28,M,186.6,90.38,25.96,124,1.24,55.07,59.81,67.59,73.29,0.42,0.85,141.18,8.26,20.77,2.66
37,json_l_comf_03,28,M,186.6,90.38,25.96,119,1.19,50.65,59.73,51.37,66.7,0.45,0.9,133.33,16.45,37.84,1.89
37,json_l_comf_04,28,M,186.6,90.38,25.96,117,1.17,39.02,46.78,60.17,68.32,0.71,1.42,84.51,18.1,24.0,2.0
37,json_l_comf_05,28,M,186.6,90.38,25.96,118,1.18,41.47,35.77,40.08,62.89,0.71,1.42,84.51,14.77,24.0,0.89
37,json_l_comf_06,28,M,186.6,90.38,25.96,118,1.18,43.27,52.35,51.58,68.96,0.34,0.68,176.47,18.99,76.64,1.93
37,json_l_comf_07,28,M,186.6,90.38,25.96,112,1.12,39.78,37.83,79.85,98.38,0.64,1.28,93.75,5.03,24.0,7.65
37,json_l_comf_08,28,M,186.6,90.38,25.96,119,1.19,64.61,81.1,97.77,128.98,0.47,0.94,127.66,22.63,58.18,7.83
37,json_l_comf_09,28,M,186.6,90.38,25.96,123,1.23,56.45,63.65,101.27,125.87,0.61,1.22,98.36,12.0,26.23,4.17
37,json_l_comf_10,28,M,186.6,90.38,25.96,122,1.22,62.83,67.63,86.35,129.23,0.38,0.75,160.0,7.36,24.0,6.59
37,json_l_comf_11,28,M,186.6,90.38,25.96,121,1.21,59.62,58.18,83.1,120.43,0.37,0.74,162.16,2.44,24.0,4.21
37,json_l_fast_01,28,M,186.6,90.38,25.96,117,1.17,51.98,51.18,44.84,72.77,0.74,1.48,81.08,1.55,24.0,1.84
37,json_l_fast_02,28,M,186.6,90.38,25.96,117,1.17,57.02,48.78,39.55,73.7,0.75,1.5,80.0,15.58,24.0,1.86
37,json_l_fast_03,28,M,186.6,90.38,25.96,119,1.19,51.82,54.31,41.97,93.7,0.75,1.5,80.0,4.69,24.0,1.83
37,json_l_fast_04,28,M,186.6,90.38,25.96,113,1.13,50.04,57.13,40.84,70.36,0.76,1.52,78.95,13.23,24.0,1.8
37,json_l_fast_05,28,M,186.6,90.38,25.96,116,1.16,54.0,52.31,35.7,93.13,0.79,1.58,75.95,3.18,24.0,0.89
37,json_l_fast_06,28,M,186.6,90.38,25.96,117,1.17,52.65,47.32,34.52,78.01,0.75,1.5,80.0,10.66,24.0,1.85
37,json_l_fast_07,28,M,186.6,90.38,25.96,118,1.18,52.6,44.38,42.73,77.02,0.76,1.52,78.95,16.96,24.0,0.93
37,json_l_fast_08,28,M,186.6,90.38,25.96,123,1.23,48.28,49.43,31.33,76.21,0.61,1.22,98.36,2.35,85.25,1.73
37,json_l_fast_09,28,M,186.6,90.38,25.96,123,1.23,51.34,49.28,40.34,80.75,0.31,0.62,193.55,4.09,89.59,1.87
37,json_l_fast_10,28,M,186.6,90.38,25.96,116,1.16,51.67,51.61,47.95,80.44,0.76,1.52,78.95,0.12,24.0,3.64
37,json_l_slow_01,28,M,186.6,90.38,25.96,129,1.29,28.87,41.92,25.75,26.14,0.33,0.66,181.82,36.88,86.46,1.6
37,json_l_slow_02,28,M,186.6,90.38,25.96,127,1.27,40.75,44.22,31.34,78.0,0.75,1.5,80.0,8.17,10.67,0.76
37,json_l_slow_03,28,M,186.6,90.38,25.96,130,1.3,47.5,43.13,49.45,80.67,0.72,1.44,83.33,9.63,24.0,0.5
37,json_l_slow_04,28,M,186.6,90.38,25.96,130,1.3,49.6,37.08,48.13,81.61,0.36,0.72,166.67,28.89,24.0,0.05
37,json_l_slow_05,28,M,186.6,90.38,25.96,130,1.3,50.08,38.33,60.57,96.47,0.44,0.89,134.83,26.58,60.67,0.91
37,json_l_slow_06,28,M,186.6,90.38,25.96,128,1.28,43.28,37.71,46.58,78.38,0.4,0.79,151.9,13.77,24.0,0.11
37,json_l_slow_07,28,M,186.6,90.38,25.96,130,1.3,51.16,47.2,37.0,77.66,0.48,0.96,125.0,8.06,53.57,0.9
37,json_l_slow_08,28,M,186.6,90.38,25.96,130,1.3,44.79,60.21,52.51,77.01,0.51,1.02,117.65,29.37,49.35,1.91
37,json_l_slow_09,28,M,186.6,90.38,25.96,135,1.35,49.17,25.3,48.33,85.88,0.38,0.76,157.89,64.11,20.86,0.82
37,json_l_slow_10,28,M,186.6,90.38,25.96,132,1.32,49.81,32.95,37.26,69.84,0.79,1.58,75.95,40.73,24.0,1.83
37,json_l_slow_11,28,M,186.6,90.38,25.96,126,1.26,52.07,59.13,66.54,85.91,0.37,0.74,162.16,12.7,33.54,3.01
37,json_r_comf_01,28,M,186.6,90.38,25.96,123,1.23,55.4,58.6,59.27,54.64,0.4,0.79,151.9,5.61,48.1,1.79
37,json_r_comf_02,28,M,186.6,90.38,25.96,122,1.22,53.13,61.56,69.39,61.08,0.45,0.9,133.33,14.7,22.66,1.8
37,json_r_comf_03,28,M,186.6,90.38,25.96,126,1.26,50.44,61.03,65.29,51.54,0.37,0.74,162.16,19.01,23.45,1.81
37,json_r_comf_04,28,M,186.6,90.38,25.96,122,1.22,59.33,65.39,62.35,56.05,0.36,0.71,169.01,9.72,30.99,2.57
37,json_r_comf_05,28,M,186.6,90.38,25.96,119,1.19,48.85,61.33,44.09,53.65,0.5,0.99,121.21,22.66,10.1,0.9
37,json_r_comf_06,28,M,186.6,90.38,25.96,127,1.27,57.97,61.29,66.38,50.23,0.64,1.28,93.75,5.58,24.56,3.29
37,json_r_comf_07,28,M,186.6,90.38,25.96,122,1.22,57.42,56.53,63.16,61.77,0.39,0.78,153.85,1.56,26.51,3.23
37,json_r_comf_08,28,M,186.6,90.38,25.96,124,1.24,39.31,61.23,50.33,51.54,0.32,0.64,187.5,43.61,22.22,2.53
37,json_r_comf_09,28,M,186.6,90.38,25.96,123,1.23,29.04,62.77,49.02,64.26,0.61,1.22,98.36,73.49,39.34,2.5
37,json_r_comf_10,28,M,186.6,90.38,25.96,121,1.21,14.23,64.86,50.26,51.67,0.5,0.98,121.83,128.03,24.0,1.86
37,json_r_fast_01,28,M,186.6,90.38,25.96,121,1.21,62.64,60.44,66.55,57.96,0.56,1.12,107.14,3.58,7.14,3.55
37,json_r_fast_02,28,M,186.6,90.38,25.96,120,1.2,60.42,61.73,65.04,50.81,0.38,0.77,155.84,2.14,1.29,2.59
37,json_r_fast_03,28,M,186.6,90.38,25.96,120,1.2,57.44,62.98,56.54,57.76,0.52,1.05,114.29,9.2,36.19,3.31
37,json_r_fast_04,28,M,186.6,90.38,25.96,120,1.2,59.43,59.06,62.26,38.48,0.53,1.06,113.21,0.62,24.0,2.55
37,json_r_fast_05,28,M,186.6,90.38,25.96,118,1.18,61.13,66.73,50.76,60.11,0.48,0.96,125.0,8.76,4.17,2.44
37,json_r_fast_06,28,M,186.6,90.38,25.96,119,1.19,63.56,66.03,68.99,65.97,0.47,0.94,127.66,3.81,8.51,3.38
37,json_r_fast_07,28,M,186.6,90.38,25.96,118,1.18,45.72,61.67,60.65,51.61,0.48,0.95,126.32,29.7,6.32,1.94
37,json_r_fast_08,28,M,186.6,90.38,25.96,116,1.16,64.13,66.16,70.16,61.01,0.5,1.01,118.81,3.12,5.94,1.84
37,json_r_fast_09,28,M,186.6,90.38,25.96,117,1.17,46.97,65.02,43.21,53.42,0.58,1.16,103.45,32.24,10.34,3.11
37,json_r_fast_10,28,M,186.6,90.38,25.96,118,1.18,51.75,64.93,49.78,57.32,0.49,0.98,122.45,22.6,24.0,2.6
37,json_r_slow_01,28,M,186.6,90.38,25.96,133,1.33,57.8,53.32,51.5,81.98,0.37,0.74,162.16,8.07,50.28,1.89
37,json_r_slow_02,28,M,186.6,90.38,25.96,135,1.35,59.84,57.19,62.99,52.05,0.37,0.74,162.16,4.53,47.83,0.89
37,json_r_slow_03,28,M,186.6,90.38,25.96,136,1.36,42.57,57.58,83.0,45.95,0.45,0.9,133.33,29.96,0.0,1.95
37,json_r_slow_04,28,M,186.6,90.38,25.96,131,1.31,58.64,62.89,69.09,60.89,0.71,1.42,84.51,6.98,5.63,3.21
37,json_r_slow_05,28,M,186.6,90.38,25.96,133,1.33,59.85,60.03,73.12,46.25,0.49,0.98,122.45,0.3,4.17,4.38
37,json_r_slow_06,28,M,186.6,90.38,25.96,133,1.33,44.76,58.92,48.77,42.25,0.74,1.48,81.08,27.31,24.0,1.95
37,json_r_slow_07,28,M,186.6,90.38,25.96,137,1.37,57.42,54.92,75.91,53.52,0.63,1.26,95.24,4.44,15.87,2.01
37,json_r_slow_08,28,M,186.6,90.38,25.96,130,1.3,49.3,61.48,66.25,59.57,0.55,1.1,109.09,21.99,0.0,3.9
37,json_r_slow_09,28,M,186.6,90.38,25.96,129,1.29,28.29,60.09,63.28,43.21,0.3,0.6,200.0,71.96,34.48,2.0
37,json_r_slow_10,28,M,186.6,90.38,25.96,138,1.38,45.26,63.03,63.81,44.3,0.61,1.22,98.36,32.81,15.93,3.93
37,json_r_slow_11,28,M,186.6,90.38,25.96,132,1.32,27.96,61.52,66.76,58.98,0.6,1.2,100.0,75.01,19.18,3.93
36,json_l_comf_01,23,M,169.6,54.14,18.82,105,1.05,47.33,29.37,31.05,22.1,0.66,1.33,90.23,46.83,4.51,1.83
36,json_l_comf_02,23,M,169.6,54.14,18.82,107,1.07,57.43,57.07,64.4,64.23,0.38,0.76,157.89,0.64,9.01,0.94
36,json_l_comf_03,23,M,169.6,54.14,18.82,108,1.08,59.32,57.23,55.65,43.37,0.39,0.78,153.85,3.59,9.76,1.72
36,json_l_comf_04,23,M,169.6,54.14,18.82,108,1.08,59.69,56.16,48.37,48.14,0.35,0.7,171.43,6.1,9.01,0.96
36,json_l_comf_05,23,M,169.6,54.14,18.82,109,1.09,50.83,57.59,34.32,37.61,0.38,0.75,160.0,12.48,9.01,0.9
36,json_l_comf_06,23,M,169.6,54.14,18.82,107,1.07,51.99,59.69,51.46,46.97,0.66,1.32,90.91,13.8,9.01,0.91
36,json_l_comf_07,23,M,169.6,54.14,18.82,109,1.09,54.69,52.84,44.56,38.99,0.6,1.2,100.0,3.45,23.33,0.92
36,json_l_comf_08,23,M,169.6,54.14,18.82,108,1.08,48.24,50.57,30.86,27.29,0.33,0.67,179.1,4.71,9.01,0.98
36,json_l_comf_09,23,M,169.6,54.14,18.82,109,1.09,46.26,55.62,34.2,31.64,0.33,0.66,181.82,18.37,19.18,0.07
36,json_l_comf_10,23,M,169.6,54.14,18.82,107,1.07,40.07,48.47,38.12,30.21,0.64,1.27,94.49,18.97,4.72,0.93
36,json_l_fast_01,23,M,169.6,54.14,18.82,105,1.05,42.9,31.98,19.94,26.57,0.44,0.89,134.83,29.16,15.73,1.83
36,json_l_fast_02,23,M,169.6,54.14,18.82,106,1.06,41.14,59.0,26.37,35.19,0.32,0.64,187.5,35.68,6.25,1.85
36,json_l_fast_03,23,M,169.6,54.14,18.82,107,1.07,43.26,46.13,29.61,23.4,0.48,0.95,126.32,6.42,31.58,1.77
36,json_l_fast_04,23,M,169.6,54.14,18.82,105,1.05,50.53,49.75,32.39,30.48,0.4,0.8,150.0,1.55,9.01,1.73
36,json_l_fast_05,23,M,169.6,54.14,18.82,105,1.05,59.8,51.53,47.0,45.37,0.33,0.66,181.82,14.85,44.31,1.8
36,json_l_fast_06,23,M,169.6,54.14,18.82,107,1.07,48.86,56.54,38.17,31.21,0.48,0.96,125.0,14.57,33.33,0.92
36,json_l_fast_07,23,M,169.6,54.14,18.82,106,1.06,59.31,52.68,42.5,36.58,0.5,1.0,120.0,11.85,9.01,0.9
36,json_l_fast_08,23,M,169.6,54.14,18.82,105,1.05,62.25,52.96,49.62,32.85,0.44,0.88,136.36,16.12,31.82,1.81
36,json_l_fast_09,23,M,169.6,54.14,18.82,105,1.05,68.61,78.2,63.07,74.54,0.5,1.0,120.0,13.06,9.01,0.93
36,json_l_fast_10,23,M,169.6,54.14,18.82,107,1.07,62.39,53.89,57.33,53.06,0.52,1.04,115.38,14.63,16.67,0.85
36,json_l_slow_01,23,M,169.6,54.14,18.82,113,1.13,41.92,37.77,46.67,30.41,0.64,1.29,93.02,10.42,1.55,1.78
36,json_l_slow_02,23,M,169.6,54.14,18.82,112,1.12,47.47,40.36,41.72,33.23,0.53,1.06,113.21,16.19,60.38,1.37
36,json_l_slow_03,23,M,169.6,54.14,18.82,112,1.12,45.37,38.56,39.63,26.15,0.42,0.85,141.18,16.24,11.76,1.72
36,json_l_slow_04,23,M,169.6,54.14,18.82,112,1.12,53.12,37.97,43.24,36.68,0.57,1.14,105.26,33.28,7.02,0.97
36,json_l_slow_05,23,M,169.6,54.14,18.82,113,1.13,51.4,70.87,45.13,49.01,0.43,0.86,139.53,31.84,32.56,1.82
36,json_l_slow_06,23,M,169.6,54.14,18.82,112,1.12,45.23,54.43,38.08,28.43,0.38,0.77,155.84,18.46,9.01,1.78
36,json_l_slow_07,23,M,169.6,54.14,18.82,112,1.12,47.56,53.47,38.12,39.47,0.7,1.4,85.71,11.68,9.01,1.81
36,json_l_slow_08,23,M,169.6,54.14,18.82,114,1.14,45.29,45.94,31.61,34.07,0.36,0.72,166.67,1.43,17.93,0.93
36,json_l_slow_09,23,M,169.6,54.14,18.82,115,1.15,53.92,48.31,47.52,27.08,0.68,1.37,87.59,10.98,10.22,1.76
36,json_l_slow_10,23,M,169.6,54.14,18.82,112,1.12,56.13,69.34,55.24,54.3,0.53,1.06,113.21,21.06,9.01,1.79
36,json_r_comf_01,23,M,169.6,54.14,18.82,107,1.07,66.67,81.89,98.06,94.47,0.55,1.11,108.11,20.49,9.01,1.93
36,json_r_comf_02,23,M,169.6,54.14,18.82,107,1.07,53.8,56.5,94.69,85.44,0.54,1.09,110.09,4.91,23.85,1.98
36,json_r_comf_03,23,M,169.6,54.14,18.82,106,1.06,53.06,15.36,46.55,72.5,0.45,0.9,133.33,110.18,0.0,0.97
36,json_r_comf_04,23,M,169.6,54.14,18.82,109,1.09,54.79,81.01,98.47,82.48,0.49,0.98,122.45,38.6,0.0,1.95
36,json_r_comf_05,23,M,169.6,54.14,18.82,106,1.06,60.73,88.95,78.72,76.34,0.4,0.81,148.15,37.7,2.47,1.86
36,json_r_comf_06,23,M,169.6,54.14,18.82,107,1.07,70.87,90.51,87.91,79.83,0.36,0.73,164.38,24.34,35.62,1.97
36,json_r_comf_07,23,M,169.6,54.14,18.82,106,1.06,66.56,81.92,62.94,91.07,0.43,0.86,139.53,20.69,0.0,1.88
36,json_r_comf_08,23,M,169.6,54.14,18.82,109,1.09,66.52,82.71,80.63,89.69,0.36,0.71,169.01,21.7,2.82,1.82
36,json_r_comf_09,23,M,169.6,54.14,18.82,108,1.08,52.53,36.4,102.67,68.3,0.46,0.93,129.03,36.29,10.75,1.78
36,json_r_comf_10,23,M,169.6,54.14,18.82,108,1.08,52.26,21.94,96.97,86.79,0.45,0.9,133.33,81.73,0.0,1.06
36,json_r_fast_01,23,M,169.6,54.14,18.82,105,1.05,55.6,61.24,84.47,133.26,0.45,0.9,133.33,9.64,9.01,2.9
36,json_r_fast_02,23,M,169.6,54.14,18.82,107,1.07,57.61,50.87,102.51,57.77,0.44,0.88,136.36,12.44,40.91,1.83
36,json_r_fast_03,23,M,169.6,54.14,18.82,107,1.07,57.73,27.81,73.61,57.65,0.5,1.0,120.0,69.96,4.0,1.85
36,json_r_fast_04,23,M,169.6,54.14,18.82,107,1.07,58.94,32.5,82.31,60.64,0.44,0.88,136.36,57.83,0.0,1.78
36,json_r_fast_05,23,M,169.6,54.14,18.82,106,1.06,61.16,19.94,74.01,59.99,0.58,1.16,103.45,101.63,0.0,0.93
36,json_r_fast_06,23,M,169.6,54.14,18.82,107,1.07,56.11,56.74,98.13,80.87,0.63,1.26,95.24,1.11,9.01,1.91
36,json_r_fast_07,23,M,169.6,54.14,18.82,107,1.07,58.12,51.45,89.87,88.7,0.37,0.74,162.16,12.18,34.15,1.78
36,json_r_fast_08,23,M,169.6,54.14,18.82,108,1.08,60.13,18.98,94.48,76.99,0.51,1.02,117.65,104.05,0.0,1.66
36,json_r_fast_09,23,M,169.6,54.14,18.82,107,1.07,56.34,43.99,92.66,74.05,0.54,1.08,111.11,24.63,0.0,1.74
36,json_r_fast_10,23,M,169.6,54.14,18.82,108,1.08,55.92,36.18,73.83,67.22,0.41,0.82,146.34,42.86,19.51,1.7
36,json_r_slow_01,23,M,169.6,54.14,18.82,111,1.11,53.72,17.29,58.06,77.31,0.64,1.27,94.49,102.62,1.57,2.91
36,json_r_slow_02,23,M,169.6,54.14,18.82,111,1.11,53.25,28.95,70.18,72.99,0.64,1.28,93.75,59.12,0.0,1.79
36,json_r_slow_03,23,M,169.6,54.14,18.82,115,1.15,51.86,38.25,76.23,70.83,0.58,1.16,103.45,30.19,6.9,1.87
36,json_r_slow_04,23,M,169.6,54.14,18.82,114,1.14,51.95,51.78,78.3,74.14,0.49,0.98,122.45,0.33,53.06,1.82
36,json_r_slow_05,23,M,169.6,54.14,18.82,115,1.15,51.13,15.18,83.96,41.37,0.6,1.2,100.0,108.44,0.0,0.93
36,json_r_slow_06,23,M,169.6,54.14,18.82,116,1.16,51.24,12.74,77.32,68.79,0.65,1.3,92.31,120.35,0.0,0.06
36,json_r_slow_07,23,M,169.6,54.14,18.82,113,1.13,56.6,14.11,70.14,48.3,0.56,1.13,106.19,120.19,1.77,1.86
36,json_r_slow_08,23,M,169.6,54.14,18.82,114,1.14,53.02,53.21,93.23,92.25,0.57,1.15,104.35,0.36,19.13,1.93
36,json_r_slow_09,23,M,169.6,54.14,18.82,116,1.16,51.34,11.89,72.38,37.02,0.57,1.14,105.26,124.78,7.02,0.06
36,json_r_slow_10,23,M,169.6,54.14,18.82,116,1.16,53.34,47.46,75.05,58.44,0.32,0.64,187.5,11.66,63.83,1.0
35,json_l_comf_01,33,M,175.5,84.46,27.42,121,1.21,61.22,52.36,57.02,72.55,0.38,0.76,157.89,15.6,38.3,0.93
35,json_l_comf_02,33,M,175.5,84.46,27.42,119,1.19,59.8,33.3,52.0,40.84,0.55,1.11,108.11,56.94,5.41,3.51
35,json_l_comf_03,33,M,175.5,84.46,27.42,120,1.2,52.4,49.17,56.36,50.21,0.5,1.01,118.81,6.37,17.82,2.71
35,json_l_comf_04,33,M,175.5,84.46,27.42,117,1.17,46.08,47.09,35.95,44.0,0.46,0.92,130.43,2.18,21.74,3.74
35,json_l_comf_05,33,M,175.5,84.46,27.42,118,1.18,39.39,48.01,34.06,43.02,0.48,0.97,123.71,19.72,26.8,3.54
35,json_l_comf_06,33,M,175.5,84.46,27.42,122,1.22,63.77,55.36,50.99,56.37,0.66,1.33,90.23,14.12,49.62,1.73
35,json_l_comf_07,33,M,175.5,84.46,27.42,119,1.19,38.16,51.28,43.13,48.65,0.48,0.97,123.71,29.34,47.42,4.24
35,json_l_comf_08,33,M,175.5,84.46,27.42,118,1.18,51.26,52.78,44.48,42.12,0.5,0.99,121.21,2.93,42.42,2.69
35,json_l_comf_09,33,M,175.5,84.46,27.42,118,1.18,61.08,46.04,66.06,48.06,0.54,1.07,112.15,28.08,9.35,0.91
35,json_l_comf_10,33,M,175.5,84.46,27.42,119,1.19,61.83,49.58,55.25,58.02,0.48,0.96,125.0,21.98,20.83,0.92
35,json_l_fast_01,33,M,175.5,84.46,27.42,118,1.18,66.05,62.56,59.48,55.03,0.44,0.88,136.36,5.43,56.46,0.9
35,json_l_fast_02,33,M,175.5,84.46,27.42,118,1.18,60.5,60.37,59.39,61.62,0.72,1.43,83.92,0.22,37.76,0.95
35,json_l_fast_03,33,M,175.5,84.46,27.42,119,1.19,57.49,56.72,49.69,53.17,0.54,1.07,112.15,1.36,28.04,0.85
35,json_l_fast_04,33,M,175.5,84.46,27.42,122,1.22,53.07,59.86,43.38,39.8,0.46,0.92,130.43,12.03,30.43,0.05
35,json_l_fast_05,33,M,175.5,84.46,27.42,121,1.21,38.38,46.9,39.79,21.54,0.7,1.4,85.71,19.97,21.18,0.05
35,json_l_fast_06,33,M,175.5,84.46,27.42,117,1.17,47.41,49.86,44.7,29.68,0.41,0.82,146.34,5.05,61.88,0.09
35,json_l_fast_07,33,M,175.5,84.46,27.42,119,1.19,34.02,54.0,42.45,16.92,0.69,1.38,86.96,45.42,21.18,0.04
35,json_l_fast_08,33,M,175.5,84.46,27.42,119,1.19,48.44,53.25,42.38,43.8,0.52,1.03,116.5,9.47,29.13,0.06
35,json_l_fast_09,33,M,175.5,84.46,27.42,119,1.19,47.96,56.08,46.05,33.48,0.38,0.76,157.89,15.6,21.18,0.05
35,json_l_fast_10,33,M,175.5,84.46,27.42,118,1.18,62.97,54.08,52.15,37.28,0.65,1.3,92.31,15.2,21.54,0.49
35,json_l_slow_01,33,M,175.5,84.46,27.42,127,1.27,58.62,37.37,39.13,64.89,0.44,0.88,136.36,44.26,21.18,0.87
35,json_l_slow_02,33,M,175.5,84.46,27.42,130,1.3,58.49,57.13,43.0,47.77,0.56,1.13,106.19,2.36,90.27,0.1
35,json_l_slow_03,33,M,175.5,84.46,27.42,129,1.29,30.56,60.22,36.53,33.31,0.32,0.64,187.5,65.33,28.57,0.1
35,json_l_slow_04,33,M,175.5,84.46,27.42,125,1.25,46.0,62.56,45.39,49.98,0.47,0.94,127.66,30.52,11.89,0.91
35,json_l_slow_05,33,M,175.5,84.46,27.42,126,1.26,36.58,58.7,39.14,50.12,0.45,0.91,131.87,46.42,54.95,0.91
35,json_l_slow_06,33,M,175.5,84.46,27.42,128,1.28,27.01,55.04,38.23,19.48,0.38,0.76,157.89,68.33,36.84,0.06
35,json_l_slow_07,33,M,175.5,84.46,27.42,129,1.29,36.43,52.93,34.14,26.04,0.48,0.96,125.0,36.93,14.53,0.89
35,json_l_slow_08,33,M,175.5,84.46,27.42,129,1.29,42.96,51.7,34.94,27.88,0.38,0.77,155.84,18.48,13.33,0.83
35,json_l_slow_09,33,M,175.5,84.46,27.42,126,1.26,33.72,58.76,35.6,40.19,0.46,0.91,131.87,54.15,41.76,0.85
35,json_l_slow_10,33,M,175.5,84.46,27.42,126,1.26,40.48,57.32,39.35,32.27,0.45,0.9,133.33,34.45,65.47,0.05
35,json_l_slow_11,33,M,175.5,84.46,27.42,127,1.27,39.04,58.21,28.93,43.17,0.37,0.74,162.16,39.43,12.99,0.05
35,json_r_comf_01,33,M,175.5,84.46,27.42,123,1.23,58.06,37.69,79.18,78.55,0.4,0.8,150.0,42.54,15.0,1.86
35,json_r_comf_02,33,M,175.5,84.46,27.42,120,1.2,60.25,65.53,89.04,74.26,0.42,0.85,141.18,8.4,40.0,0.91
35,json_r_comf_03,33,M,175.5,84.46,27.42,121,1.21,60.44,41.23,83.27,93.64,0.38,0.76,157.89,37.78,26.32,0.9
35,json_r_comf_04,33,M,175.5,84.46,27.42,121,1.21,59.77,34.95,74.52,83.67,0.42,0.83,144.58,52.4,7.23,0.88
35,json_r_comf_05,33,M,175.5,84.46,27.42,123,1.23,58.44,57.74,100.7,91.62,0.54,1.07,112.15,1.21,5.61,1.72
35,json_r_comf_06,33,M,175.5,84.46,27.42,122,1.22,60.33,59.89,86.16,87.68,0.42,0.85,141.18,0.72,44.71,0.9
35,json_r_comf_07,33,M,175.5,84.46,27.42,122,1.22,60.06,61.89,95.04,93.71,0.58,1.17,102.56,3.0,11.97,1.77
35,json_r_comf_08,33,M,175.5,84.46,27.42,121,1.21,59.7,30.02,88.9,83.31,0.53,1.06,113.21,66.17,0.0,0.88
35,json_r_comf_09,33,M,175.5,84.46,27.42,122,1.22,57.41,41.65,87.74,88.95,0.53,1.06,113.21,31.83,15.09,0.85
35,json_r_comf_10,33,M,175.5,84.46,27.42,124,1.24,59.7,36.51,80.36,81.09,0.47,0.94,127.66,48.21,4.26,1.82
35,json_r_fast_01,33,M,175.5,84.46,27.42,120,1.2,53.59,60.35,90.67,81.27,0.61,1.22,98.36,11.87,16.39,0.89
35,json_r_fast_02,33,M,175.5,84.46,27.42,117,1.17,55.36,30.72,59.27,71.61,0.44,0.89,134.83,57.24,24.72,1.83
35,json_r_fast_03,33,M,175.5,84.46,27.42,118,1.18,53.76,32.33,72.59,79.95,0.58,1.16,103.45,49.8,0.0,0.06
35,json_r_fast_04,33,M,175.5,84.46,27.42,117,1.17,57.7,60.55,97.27,83.37,0.54,1.09,110.09,4.82,9.17,0.86
35,json_r_fast_05,33,M,175.5,84.46,27.42,117,1.17,55.43,63.68,87.47,80.05,0.59,1.18,101.69,13.85,10.17,0.86
35,json_r_fast_06,33,M,175.5,84.46,27.42,119,1.19,55.97,62.22,99.75,76.89,0.55,1.11,108.11,10.58,9.01,0.89
35,json_r_fast_07,33,M,175.5,84.46,27.42,117,1.17,56.27,31.38,60.7,64.05,0.54,1.08,111.11,56.79,0.0,0.83
35,json_r_fast_08,33,M,175.5,84.46,27.42,118,1.18,54.17,31.41,66.04,58.58,0.45,0.9,133.33,53.2,0.0,0.09
35,json_r_fast_09,33,M,175.5,84.46,27.42,119,1.19,56.27,34.03,77.71,68.01,0.34,0.68,176.47,49.25,66.67,0.94
35,json_r_fast_10,33,M,175.5,84.46,27.42,118,1.18,54.88,38.68,82.73,61.85,0.52,1.04,115.38,34.62,0.0,0.08
35,json_r_slow_01,33,M,175.5,84.46,27.42,130,1.3,60.51,52.47,92.19,46.48,0.57,1.14,105.26,14.24,24.56,1.72
35,json_r_slow_02,33,M,175.5,84.46,27.42,121,1.21,56.42,54.97,79.77,74.76,0.61,1.22,98.36,2.6,26.23,1.73
35,json_r_slow_03,33,M,175.5,84.46,27.42,126,1.26,61.2,52.98,72.08,49.06,0.45,0.9,133.33,14.4,0.0,0.07
35,json_r_slow_04,33,M,175.5,84.46,27.42,127,1.27,59.77,57.57,84.58,49.74,0.34,0.68,176.47,3.76,23.53,0.88
35,json_r_slow_05,33,M,175.5,84.46,27.42,122,1.22,61.96,60.23,93.26,53.28,0.58,1.17,102.56,2.84,18.8,0.91
35,json_r_slow_06,33,M,175.5,84.46,27.42,128,1.28,60.62,57.77,88.1,53.33,0.53,1.06,113.21,4.81,0.0,0.12
35,json_r_slow_07,33,M,175.5,84.46,27.42,128,1.28,54.44,58.04,88.88,61.84,0.35,0.7,171.43,6.41,4.2,0.88
35,json_r_slow_08,33,M,175.5,84.46,27.42,124,1.24,62.34,57.74,92.36,55.79,0.42,0.84,142.86,7.67,14.29,0.89
35,json_r_slow_09,33,M,175.5,84.46,27.42,124,1.24,60.7,57.51,86.5,54.61,0.37,0.74,162.16,5.39,21.18,0.88
35,json_r_slow_10,33,M,175.5,84.46,27.42,126,1.26,58.41,58.34,63.93,51.79,0.35,0.7,171.43,0.13,17.14,0.85
35,json_r_slow_11,33,M,175.5,84.46,27.42,127,1.27,58.66,55.42,86.38,50.28,0.31,0.62,193.55,5.69,60.67,0.13
35,json_r_slow_12,33,M,175.5,84.46,27.42,131,1.31,58.1,53.06,74.22,47.51,0.46,0.91,131.87,9.07,37.36,0.1
34,json_l_comf_01,31,M,171.5,75.24,25.58,116,1.16,33.84,15.81,26.35,26.55,0.5,1.0,120.0,72.63,4.0,0.86
34,json_l_comf_02,31,M,171.5,75.24,25.58,117,1.17,50.5,50.14,44.04,41.23,0.36,0.72,166.67,0.71,57.29,3.19
34,json_l_comf_03,31,M,171.5,75.24,25.58,115,1.15,30.6,39.22,24.72,26.98,0.48,0.95,126.32,24.69,14.74,3.79
34,json_l_comf_04,31,M,171.5,75.24,25.58,115,1.15,31.11,14.19,24.95,22.94,0.61,1.22,98.36,74.74,6.56,3.3
34,json_l_comf_05,31,M,171.5,75.24,25.58,117,1.17,32.06,41.41,22.94,24.07,0.48,0.97,123.71,25.45,22.68,1.81
34,json_l_comf_06,31,M,171.5,75.24,25.58,119,1.19,21.91,35.79,22.15,28.78,0.51,1.02,117.65,48.12,23.53,1.72
34,json_l_comf_07,31,M,171.5,75.24,25.58,115,1.15,34.04,29.02,22.37,27.3,0.46,0.92,130.43,15.91,10.92,1.7
34,json_l_comf_08,31,M,171.5,75.24,25.58,116,1.16,40.59,20.17,24.33,24.91,0.67,1.34,89.55,67.23,2.99,0.89
34,json_l_comf_09,31,M,171.5,75.24,25.58,116,1.16,33.28,40.07,22.41,19.59,0.46,0.91,131.87,18.51,24.18,1.83
34,json_l_comf_10,31,M,171.5,75.24,25.58,116,1.16,33.0,34.35,22.83,30.6,0.66,1.32,90.91,4.01,10.92,1.72
34,json_l_fast_01,31,M,171.5,75.24,25.58,110,1.1,40.74,46.94,42.73,34.25,0.33,0.66,181.82,14.14,10.92,0.86
34,json_l_fast_02,31,M,171.5,75.24,25.58,110,1.1,29.49,57.13,33.35,34.25,0.5,1.0,120.0,63.81,10.92,0.06
34,json_l_fast_03,31,M,171.5,75.24,25.58,111,1.11,29.97,49.88,34.38,33.44,0.78,1.56,76.92,49.87,10.92,0.04
34,json_l_fast_04,31,M,171.5,75.24,25.58,112,1.12,33.43,51.58,33.39,37.7,0.34,0.69,173.91,42.68,10.92,0.05
34,json_l_fast_05,31,M,171.5,75.24,25.58,109,1.09,42.55,42.46,30.45,35.2,0.66,1.32,90.91,0.21,10.92,1.77
34,json_l_fast_06,31,M,171.5,75.24,25.58,109,1.09,33.25,51.34,36.96,28.79,0.77,1.54,77.92,42.78,10.92,1.64
34,json_l_fast_07,31,M,171.5,75.24,25.58,110,1.1,29.05,55.0,31.54,31.77,0.5,1.0,120.0,61.74,10.92,1.82
34,json_l_fast_08,31,M,171.5,75.24,25.58,112,1.12,26.82,52.9,33.81,34.3,0.5,1.0,120.0,65.42,10.92,3.74
34,json_l_fast_09,31,M,171.5,75.24,25.58,111,1.11,45.18,50.13,36.53,34.78,0.62,1.23,97.56,10.38,21.14,3.27
34,json_l_fast_10,31,M,171.5,75.24,25.58,113,1.13,29.28,53.37,32.24,34.05,0.5,1.0,120.0,58.28,10.92,2.54
34,json_l_slow_01,31,M,171.5,75.24,25.58,118,1.18,37.86,12.81,28.79,19.86,0.62,1.23,97.56,98.86,27.64,0.11
34,json_l_slow_02,31,M,171.5,75.24,25.58,118,1.18,27.16,31.03,27.68,29.62,0.4,0.81,148.15,13.29,7.41,0.85
34,json_l_slow_03,31,M,171.5,75.24,25.58,121,1.21,42.77,42.56,33.44,33.11,0.32,0.64,187.5,0.5,14.49,0.14
34,json_l_slow_04,31,M,171.5,75.24,25.58,121,1.21,25.2,45.53,37.89,36.38,0.36,0.71,169.01,57.51,8.45,1.75
34,json_l_slow_05,31,M,171.5,75.24,25.58,118,1.18,36.85,49.04,28.55,32.71,0.3,0.61,196.72,28.38,3.28,0.05
34,json_l_slow_06,31,M,171.5,75.24,25.58,117,1.17,58.71,19.31,46.64,34.58,0.37,0.74,162.16,100.99,65.37,0.03
34,json_l_slow_07,31,M,171.5,75.24,25.58,119,1.19,32.84,31.53,18.94,21.33,0.37,0.74,162.16,4.09,10.81,1.77
34,json_l_slow_08,31,M,171.5,75.24,25.58,116,1.16,44.27,15.31,28.36,24.57,0.7,1.4,85.71,97.22,0.0,0.05
34,json_l_slow_09,31,M,171.5,75.24,25.58,121,1.21,26.43,28.81,18.66,18.01,0.66,1.32,90.91,8.62,10.92,1.79
34,json_l_slow_10,31,M,171.5,75.24,25.58,122,1.22,44.73,36.73,31.72,21.09,0.74,1.47,81.63,19.63,9.52,0.03
34,json_r_comf_01,31,M,171.5,75.24,25.58,115,1.15,55.79,47.57,71.11,57.23,0.49,0.98,122.45,15.89,4.17,2.39
34,json_r_comf_02,31,M,171.5,75.24,25.58,117,1.17,52.68,27.22,70.11,45.2,0.5,0.99,121.21,63.72,2.02,2.59
34,json_r_comf_03,31,M,171.5,75.24,25.58,115,1.15,56.76,44.88,82.44,80.5,0.42,0.84,142.86,23.4,10.92,1.74
34,json_r_comf_04,31,M,171.5,75.24,25.58,118,1.18,56.74,27.72,42.06,48.69,0.61,1.22,98.36,68.71,3.28,3.43
34,json_r_comf_05,31,M,171.5,75.24,25.58,115,1.15,63.68,33.42,74.64,51.63,0.5,1.0,120.0,62.34,10.92,1.77
34,json_r_comf_06,31,M,171.5,75.24,25.58,116,1.16,55.5,40.66,44.04,45.95,0.6,1.19,100.84,30.88,11.76,0.93
34,json_r_comf_07,31,M,171.5,75.24,25.58,116,1.16,60.09,30.66,55.67,48.06,0.5,1.0,120.0,64.86,10.92,0.87
34,json_r_comf_08,31,M,171.5,75.24,25.58,116,1.16,55.34,34.77,69.36,48.56,0.35,0.7,171.43,45.66,0.0,1.3
34,json_r_comf_09,31,M,171.5,75.24,25.58,114,1.14,54.69,34.85,80.32,44.81,0.62,1.24,96.77,44.33,3.23,1.29
34,json_r_comf_10,31,M,171.5,75.24,25.58,116,1.16,53.05,33.75,58.08,45.76,0.5,1.0,120.0,44.46,10.92,0.9
34,json_r_fast_01,31,M,171.5,75.24,25.58,109,1.09,53.69,30.5,76.65,46.5,0.57,1.14,105.26,55.09,7.02,1.62
34,json_r_fast_02,31,M,171.5,75.24,25.58,110,1.1,57.58,30.43,67.55,46.59,0.48,0.95,126.32,61.69,10.92,1.81
34,json_r_fast_03,31,M,171.5,75.24,25.58,110,1.1,56.82,25.6,58.01,44.41,0.58,1.16,103.45,75.75,0.0,0.9
34,json_r_fast_04,31,M,171.5,75.24,25.58,112,1.12,57.97,33.41,82.8,43.55,0.63,1.26,95.24,53.76,0.0,1.31
34,json_r_fast_05,31,M,171.5,75.24,25.58,111,1.11,56.61,39.02,58.56,44.82,0.59,1.18,101.69,36.8,19.18,1.8
34,json_r_fast_06,31,M,171.5,75.24,25.58,110,1.1,58.26,44.01,79.62,51.41,0.5,0.99,121.21,27.87,30.3,0.93
34,json_r_fast_07,31,M,171.5,75.24,25.58,113,1.13,56.47,28.66,74.65,49.24,0.41,0.82,146.34,65.32,66.67,1.67
34,json_r_fast_08,31,M,171.5,75.24,25.58,109,1.09,53.75,32.85,59.91,45.39,0.53,1.06,113.21,48.26,22.64,0.86
34,json_r_fast_09,31,M,171.5,75.24,25.58,113,1.13,55.03,44.42,91.52,56.3,0.55,1.1,109.09,21.34,14.55,0.9
34,json_r_fast_10,31,M,171.5,75.24,25.58,112,1.12,54.57,46.13,81.57,55.19,0.47,0.94,127.66,16.76,46.81,0.87
34,json_r_slow_01,31,M,171.5,75.24,25.58,122,1.22,53.11,36.29,68.48,52.44,0.67,1.34,89.55,37.64,0.0,1.91
34,json_r_slow_02,31,M,171.5,75.24,25.58,121,1.21,47.65,27.31,60.32,45.27,0.5,1.0,120.0,54.29,10.92,0.91
34,json_r_slow_03,31,M,171.5,75.24,25.58,125,1.25,52.28,35.48,65.81,48.85,0.5,1.0,120.0,38.27,10.92,0.89
34,json_r_slow_04,31,M,171.5,75.24,25.58,120,1.2,51.4,43.7,82.31,64.15,0.5,1.0,120.0,16.2,10.92,1.65
34,json_r_slow_05,31,M,171.5,75.24,25.58,119,1.19,50.13,44.5,83.02,65.49,0.54,1.08,111.11,11.9,25.93,0.88
34,json_r_slow_06,31,M,171.5,75.24,25.58,129,1.29,48.89,41.25,63.07,54.56,0.5,1.0,120.0,16.95,10.92,1.82
34,json_r_slow_07,31,M,171.5,75.24,25.58,128,1.28,51.01,42.64,81.21,56.46,0.36,0.71,169.01,17.88,0.0,1.79
34,json_r_slow_08,31,M,171.5,75.24,25.58,127,1.27,45.14,35.6,67.17,55.31,0.5,1.0,120.0,23.63,10.92,1.87
34,json_r_slow_09,31,M,171.5,75.24,25.58,129,1.29,45.0,42.43,72.65,53.95,0.5,0.99,121.21,5.89,58.59,0.87
34,json_r_slow_10,31,M,171.5,75.24,25.58,123,1.23,48.08,34.96,61.59,66.22,0.64,1.27,94.49,31.59,11.02,1.68
33,json_l_comf_01,28,F,161.0,76.35,29.45,114,1.14,76.0,92.37,42.0,68.28,0.74,1.48,81.08,19.45,12.53,5.33
33,json_l_comf_02,28,F,161.0,76.35,29.45,110,1.1,79.78,94.85,45.74,73.31,0.52,1.04,115.38,17.27,12.53,4.63
33,json_l_comf_03,28,F,161.0,76.35,29.45,111,1.11,70.61,89.15,36.84,68.97,0.73,1.46,82.19,23.21,21.92,3.61
33,json_l_comf_04,28,F,161.0,76.35,29.45,112,1.12,59.03,77.59,23.46,65.11,0.52,1.04,115.38,27.17,12.53,3.61
33,json_l_comf_05,28,F,161.0,76.35,29.45,112,1.12,58.54,69.88,24.38,56.42,0.78,1.56,76.92,17.66,12.82,5.46
33,json_l_comf_06,28,F,161.0,76.35,29.45,112,1.12,57.36,63.53,31.59,53.87,0.63,1.26,95.24,10.2,15.87,3.99
33,json_l_comf_07,28,F,161.0,76.35,29.45,112,1.12,65.59,77.71,27.46,65.37,0.52,1.04,115.38,16.91,12.53,5.53
33,json_l_comf_08,28,F,161.0,76.35,29.45,111,1.11,69.61,83.28,32.41,67.77,0.68,1.36,88.24,17.89,12.53,6.15
33,json_l_comf_09,28,F,161.0,76.35,29.45,113,1.13,67.08,83.66,28.55,70.45,0.36,0.72,166.67,21.99,12.99,7.09
33,json_l_comf_10,28,F,161.0,76.35,29.45,110,1.1,65.19,92.73,44.21,75.96,0.66,1.32,90.91,34.87,9.09,5.31
33,json_l_fast_01,28,F,161.0,76.35,29.45,104,1.04,34.93,57.29,23.58,44.15,0.52,1.04,115.38,48.5,12.53,5.7
33,json_l_fast_02,28,F,161.0,76.35,29.45,104,1.04,43.35,47.59,21.8,25.6,0.53,1.06,113.21,9.32,12.53,5.37
33,json_l_fast_03,28,F,161.0,76.35,29.45,104,1.04,40.25,53.18,24.52,40.02,0.52,1.04,115.38,27.68,12.53,7.01
33,json_l_fast_04,28,F,161.0,76.35,29.45,103,1.03,37.13,56.65,21.85,29.98,0.36,0.72,166.67,41.63,12.53,6.23
33,json_l_fast_05,28,F,161.0,76.35,29.45,104,1.04,43.34,63.58,27.9,68.33,0.33,0.67,179.1,37.87,8.96,7.13
33,json_l_fast_06,28,F,161.0,76.35,29.45,106,1.06,40.38,57.93,26.63,32.45,0.42,0.85,141.18,35.71,44.71,7.08
33,json_l_fast_07,28,F,161.0,76.35,29.45,106,1.06,40.88,53.93,26.8,38.38,0.52,1.04,115.38,27.53,12.53,7.06
33,json_l_fast_08,28,F,161.0,76.35,29.45,103,1.03,46.01,55.32,32.11,45.68,0.55,1.1,109.09,18.38,32.73,3.75
33,json_l_fast_09,28,F,161.0,76.35,29.45,104,1.04,47.92,61.68,32.75,43.02,0.56,1.13,106.19,25.12,1.77,5.45
33,json_l_fast_10,28,F,161.0,76.35,29.45,104,1.04,44.88,65.31,31.39,51.86,0.31,0.62,193.55,37.08,12.53,5.51
33,json_l_slow_01,28,F,161.0,76.35,29.45,133,1.33,48.97,53.65,31.89,67.68,0.31,0.62,193.55,9.12,22.86,3.6
33,json_l_slow_02,28,F,161.0,76.35,29.45,132,1.32,52.32,55.24,34.19,64.95,0.39,0.78,153.85,5.43,6.62,5.22
33,json_l_slow_03,28,F,161.0,76.35,29.45,134,1.34,26.48,26.63,20.68,20.39,0.68,1.36,88.24,0.57,8.82,5.79
33,json_l_slow_04,28,F,161.0,76.35,29.45,140,1.4,41.28,33.42,29.45,26.31,0.4,0.81,148.15,21.04,4.82,5.5
33,json_l_slow_05,28,F,161.0,76.35,29.45,132,1.32,42.71,51.97,29.48,37.33,0.76,1.52,78.95,19.57,2.63,6.58
33,json_l_slow_06,28,F,161.0,76.35,29.45,129,1.29,36.41,26.4,26.86,24.23,0.69,1.38,86.96,31.89,5.8,5.37
33,json_l_slow_07,28,F,161.0,76.35,29.45,132,1.32,31.35,49.21,24.93,28.49,0.39,0.78,153.85,44.33,1.27,5.38
33,json_l_slow_08,28,F,161.0,76.35,29.45,136,1.36,28.55,50.79,27.94,35.19,0.55,1.1,109.09,56.08,14.55,5.4
33,json_l_slow_09,28,F,161.0,76.35,29.45,134,1.34,34.18,48.14,26.1,32.67,0.5,0.99,121.21,33.9,18.18,6.88
33,json_l_slow_10,28,F,161.0,76.35,29.45,125,1.25,36.23,53.42,26.37,32.06,0.74,1.48,81.08,38.34,8.11,5.71
33,json_r_comf_01,28,F,161.0,76.35,29.45,116,1.16,67.64,70.65,106.77,67.44,0.53,1.07,112.15,4.35,16.82,4.88
33,json_r_comf_02,28,F,161.0,76.35,29.45,114,1.14,59.22,58.77,98.32,79.79,0.48,0.95,126.32,0.77,6.32,5.37
33,json_r_comf_03,28,F,161.0,76.35,29.45,114,1.14,65.38,74.16,90.21,91.14,0.42,0.84,142.86,12.59,33.33,5.36
33,json_r_comf_04,28,F,161.0,76.35,29.45,112,1.12,58.06,48.36,81.63,66.82,0.56,1.12,107.14,18.23,22.83,6.6
33,json_r_comf_05,28,F,161.0,76.35,29.45,113,1.13,62.99,47.86,73.98,56.96,0.52,1.03,116.5,27.31,5.83,7.38
33,json_r_comf_06,28,F,161.0,76.35,29.45,114,1.14,62.01,49.23,96.3,71.19,0.5,1.0,120.0,22.97,12.0,6.04
33,json_r_comf_07,28,F,161.0,76.35,29.45,113,1.13,57.85,54.91,85.66,58.78,0.46,0.93,129.03,5.21,15.05,6.15
33,json_r_comf_08,28,F,161.0,76.35,29.45,113,1.13,59.45,48.85,79.22,59.97,0.39,0.78,153.85,19.57,12.53,6.68
33,json_r_comf_09,28,F,161.0,76.35,29.45,112,1.12,58.51,55.23,81.71,66.75,0.58,1.16,103.45,5.77,3.45,5.43
33,json_r_comf_10,28,F,161.0,76.35,29.45,111,1.11,59.18,53.11,57.66,59.25,0.6,1.21,99.17,10.81,11.57,6.32
33,json_r_fast_01,28,F,161.0,76.35,29.45,99,0.99,60.16,36.38,65.56,45.89,0.49,0.98,122.45,49.27,17.8,2.71
33,json_r_fast_02,28,F,161.0,76.35,29.45,104,1.04,57.95,56.18,59.61,70.44,0.4,0.79,151.9,3.09,17.72,5.4
33,json_r_fast_03,28,F,161.0,76.35,29.45,101,1.01,57.08,56.16,53.95,65.17,0.54,1.08,111.11,1.64,22.44,3.61
33,json_r_fast_04,28,F,161.0,76.35,29.45,102,1.02,58.13,53.51,59.82,68.47,0.51,1.02,117.65,8.27,15.69,3.64
33,json_r_fast_05,28,F,161.0,76.35,29.45,103,1.03,58.07,54.51,70.87,68.74,0.44,0.87,137.93,6.32,16.09,4.57
33,json_r_fast_06,28,F,161.0,76.35,29.45,103,1.03,59.77,35.99,46.6,55.61,0.37,0.74,162.16,49.67,12.53,1.81
33,json_r_fast_07,28,F,161.0,76.35,29.45,102,1.02,59.6,32.87,60.4,67.68,0.36,0.72,166.67,57.81,12.53,1.81
33,json_r_fast_08,28,F,161.0,76.35,29.45,104,1.04,54.33,34.47,53.64,63.54,0.56,1.13,106.19,44.72,15.93,3.64
33,json_r_fast_09,28,F,161.0,76.35,29.45,104,1.04,60.48,71.4,86.11,74.24,0.49,0.98,122.45,16.56,12.24,5.78
33,json_r_fast_10,28,F,161.0,76.35,29.45,104,1.04,56.51,46.96,87.72,79.85,0.54,1.09,110.09,18.47,9.17,5.31
33,json_r_slow_01,28,F,161.0,76.35,29.45,132,1.32,59.75,82.67,47.88,64.81,0.34,0.69,173.91,32.19,0.0,5.5
33,json_r_slow_02,28,F,161.0,76.35,29.45,133,1.33,60.4,77.33,57.72,64.55,0.57,1.14,105.26,24.59,0.0,5.49
33,json_r_slow_03,28,F,161.0,76.35,29.45,136,1.36,61.95,82.84,50.68,63.61,0.72,1.44,83.33,28.86,11.11,6.82
33,json_r_slow_04,28,F,161.0,76.35,29.45,135,1.35,55.52,34.91,28.06,40.23,0.52,1.04,115.38,45.58,12.53,5.37
33,json_r_slow_05,28,F,161.0,76.35,29.45,128,1.28,55.47,68.37,81.71,63.66,0.38,0.76,157.89,20.82,12.53,6.93
33,json_r_slow_06,28,F,161.0,76.35,29.45,131,1.31,59.77,13.78,54.94,36.18,0.7,1.4,85.71,125.07,0.0,1.93
33,json_r_slow_07,28,F,161.0,76.35,29.45,139,1.39,56.58,44.14,60.44,62.73,0.42,0.84,142.86,24.7,66.67,5.34
33,json_r_slow_08,28,F,161.0,76.35,29.45,130,1.3,52.38,54.07,38.5,33.37,0.59,1.18,101.69,3.17,23.73,4.0
33,json_r_slow_09,28,F,161.0,76.35,29.45,134,1.34,58.62,31.88,82.2,56.29,0.67,1.34,89.55,59.08,12.53,4.61
33,json_r_slow_10,28,F,161.0,76.35,29.45,138,1.38,54.16,34.55,67.48,41.54,0.64,1.29,93.02,44.22,41.86,5.37
33,json_r_slow_11,28,F,161.0,76.35,29.45,134,1.34,59.68,42.82,82.14,49.75,0.41,0.82,146.34,32.89,0.0,5.19
32,json_l_comf_01,26,M,169.0,68.15,23.86,116,1.16,56.14,60.74,35.02,47.81,0.44,0.88,136.36,7.86,54.55,3.47
32,json_l_comf_02,26,M,169.0,68.15,23.86,117,1.17,52.77,48.76,40.71,55.36,0.44,0.88,136.36,7.9,45.45,1.91
32,json_l_comf_03,26,M,169.0,68.15,23.86,117,1.17,60.41,49.76,35.62,33.61,0.55,1.1,109.09,19.35,61.82,3.51
32,json_l_comf_04,26,M,169.0,68.15,23.86,116,1.16,59.26,49.79,34.92,37.21,0.56,1.12,107.14,17.36,60.71,1.97
32,json_l_comf_05,26,M,169.0,68.15,23.86,117,1.17,56.99,57.92,41.76,58.67,0.43,0.86,139.53,1.61,46.51,3.55
32,json_l_comf_06,26,M,169.0,68.15,23.86,117,1.17,58.08,51.67,38.0,59.29,0.64,1.29,93.02,11.68,32.56,3.66
32,json_l_comf_07,26,M,169.0,68.15,23.86,117,1.17,59.84,54.98,39.16,40.12,0.68,1.37,87.59,8.46,24.82,1.99
32,json_l_comf_08,26,M,169.0,68.15,23.86,111,1.11,59.74,61.51,34.83,50.89,0.5,1.0,120.0,2.93,22.42,4.25
32,json_l_comf_09,26,M,169.0,68.15,23.86,117,1.17,57.86,55.5,64.6,66.3,0.42,0.84,142.86,4.15,22.42,3.49
32,json_l_comf_10,26,M,169.0,68.15,23.86,117,1.17,57.5,53.48,39.85,40.82,0.53,1.06,113.21,7.25,79.25,1.85
32,json_l_comf_11,26,M,169.0,68.15,23.86,117,1.17,57.79,57.82,59.17,58.35,0.52,1.04,115.97,0.04,22.42,2.69
32,json_l_fast_01,26,M,169.0,68.15,23.86,111,1.11,58.32,58.94,33.12,48.01,0.36,0.72,166.67,1.05,12.99,1.98
32,json_l_fast_02,26,M,169.0,68.15,23.86,111,1.11,55.61,44.18,37.39,25.21,0.62,1.24,96.77,22.9,19.35,9.09
32,json_l_fast_03,26,M,169.0,68.15,23.86,112,1.12,28.43,46.24,37.24,23.13,0.56,1.13,106.19,47.69,90.27,9.07
32,json_l_fast_04,26,M,169.0,68.15,23.86,105,1.05,28.43,50.13,36.42,36.92,0.58,1.17,102.56,55.23,29.06,8.82
32,json_l_fast_05,26,M,169.0,68.15,23.86,113,1.13,54.81,53.69,44.42,31.64,0.68,1.35,88.89,2.06,19.26,7.59
32,json_l_fast_06,26,M,169.0,68.15,23.86,111,1.11,52.44,54.67,38.09,32.42,0.4,0.81,148.15,4.16,41.98,6.12
32,json_l_fast_07,26,M,169.0,68.15,23.86,110,1.1,39.86,46.71,31.73,26.34,0.34,0.69,173.91,15.82,4.26,9.1
32,json_l_fast_08,26,M,169.0,68.15,23.86,111,1.11,54.84,52.97,43.1,39.4,0.7,1.39,86.33,3.46,12.95,5.14
32,json_l_fast_09,26,M,169.0,68.15,23.86,111,1.11,57.01,58.46,44.0,42.93,0.4,0.8,150.0,2.51,41.34,4.36
32,json_l_fast_10,26,M,169.0,68.15,23.86,110,1.1,54.56,47.77,42.0,42.75,0.34,0.68,176.47,13.26,35.9,4.16
32,json_l_fast_11,26,M,169.0,68.15,23.86,111,1.11,60.86,59.04,54.04,80.85,0.6,1.2,100.0,3.03,16.67,3.43
32,json_l_slow_01,26,M,169.0,68.15,23.86,118,1.18,55.7,31.11,37.11,51.97,0.53,1.06,113.21,56.65,22.64,4.25
32,json_l_slow_02,26,M,169.0,68.15,23.86,120,1.2,52.16,17.62,40.52,34.61,0.61,1.22,98.36,98.98,13.11,4.7
32,json_l_slow_03,26,M,169.0,68.15,23.86,120,1.2,54.32,48.69,42.82,49.52,0.58,1.16,103.45,10.94,6.9,3.45
32,json_l_slow_04,26,M,169.0,68.15,23.86,123,1.23,56.9,44.91,38.34,49.45,0.55,1.1,109.09,23.55,25.45,3.72
32,json_l_slow_05,26,M,169.0,68.15,23.86,121,1.21,53.52,21.28,31.93,30.84,0.66,1.33,90.23,86.2,34.59,3.73
32,json_l_slow_06,26,M,169.0,68.15,23.86,120,1.2,51.89,58.63,37.22,53.55,0.45,0.9,133.33,12.2,2.2,2.61
32,json_l_slow_07,26,M,169.0,68.15,23.86,119,1.19,56.52,41.13,35.44,34.13,0.48,0.95,126.32,31.51,27.37,2.65
32,json_l_slow_08,26,M,169.0,68.15,23.86,119,1.19,53.42,54.73,48.04,56.0,0.54,1.09,110.09,2.43,16.51,1.8
32,json_l_slow_09,26,M,169.0,68.15,23.86,122,1.22,29.79,52.69,28.15,27.46,0.46,0.92,130.43,55.52,13.04,1.86
32,json_l_slow_10,26,M,169.0,68.15,23.86,122,1.22,34.39,44.82,26.77,38.72,0.54,1.08,111.11,26.35,59.26,2.64
32,json_r_comf_01,26,M,169.0,68.15,23.86,124,1.24,53.67,45.86,84.61,91.57,0.52,1.04,115.97,15.7,22.42,4.22
32,json_r_comf_02,26,M,169.0,68.15,23.86,121,1.21,60.44,54.87,94.04,75.69,0.52,1.05,114.29,9.68,9.52,3.57
32,json_r_comf_03,26,M,169.0,68.15,23.86,120,1.2,55.35,54.29,90.68,103.82,0.32,0.63,190.48,1.93,3.17,4.43
32,json_r_comf_04,26,M,169.0,68.15,23.86,119,1.19,57.61,56.69,93.15,90.77,0.34,0.68,176.47,1.6,22.42,3.63
32,json_r_comf_05,26,M,169.0,68.15,23.86,118,1.18,60.74,49.67,78.2,91.85,0.62,1.24,96.77,20.05,9.68,3.57
32,json_r_comf_06,26,M,169.0,68.15,23.86,119,1.19,60.38,53.52,75.81,92.92,0.33,0.66,181.82,12.04,1.53,2.62
32,json_r_comf_07,26,M,169.0,68.15,23.86,118,1.18,56.76,46.92,79.69,93.12,0.32,0.64,187.5,18.99,22.42,3.83
32,json_r_comf_08,26,M,169.0,68.15,23.86,117,1.17,58.34,50.26,77.49,90.45,0.6,1.21,99.17,14.87,4.96,3.57
32,json_r_comf_09,26,M,169.0,68.15,23.86,117,1.17,60.33,53.42,85.11,88.91,0.44,0.88,136.36,12.16,22.42,3.53
32,json_r_comf_10,26,M,169.0,68.15,23.86,116,1.16,58.09,49.84,77.78,82.12,0.49,0.98,122.45,15.29,22.42,2.67
32,json_r_comf_11,26,M,169.0,68.15,23.86,115,1.15,52.82,51.17,69.96,92.49,0.31,0.62,193.55,3.17,22.42,2.59
32,json_r_comf_12,26,M,169.0,68.15,23.86,118,1.18,53.63,52.04,92.91,65.32,0.52,1.05,114.29,3.02,20.95,3.92
32,json_r_fast_01,26,M,169.0,68.15,23.86,112,1.12,58.25,52.71,87.68,81.67,0.45,0.9,133.33,9.98,62.22,3.67
32,json_r_fast_02,26,M,169.0,68.15,23.86,109,1.09,58.01,56.0,97.08,95.42,0.43,0.86,139.53,3.52,27.91,2.63
32,json_r_fast_03,26,M,169.0,68.15,23.86,111,1.11,55.03,61.72,95.34,88.38,0.45,0.9,133.33,11.47,22.22,2.89
32,json_r_fast_04,26,M,169.0,68.15,23.86,110,1.1,57.39,54.45,91.94,89.68,0.51,1.02,117.65,5.26,22.42,2.28
32,json_r_fast_05,26,M,169.0,68.15,23.86,111,1.11,59.81,53.6,98.57,93.04,0.42,0.84,142.86,10.95,19.05,1.86
32,json_r_fast_06,26,M,169.0,68.15,23.86,111,1.11,62.38,31.27,73.24,65.07,0.43,0.86,139.53,66.45,61.61,1.75
32,json_r_fast_07,26,M,169.0,68.15,23.86,111,1.11,55.64,54.6,71.49,57.66,0.54,1.07,112.15,1.9,9.35,1.81
32,json_r_fast_08,26,M,169.0,68.15,23.86,111,1.11,60.46,52.72,87.28,84.17,0.56,1.12,107.14,13.69,14.29,1.75
32,json_r_fast_09,26,M,169.0,68.15,23.86,110,1.1,60.73,55.68,79.6,83.04,0.52,1.04,115.97,8.68,22.42,4.5
32,json_r_fast_10,26,M,169.0,68.15,23.86,110,1.1,60.75,40.18,76.49,74.5,0.48,0.96,125.0,40.74,4.17,3.51
32,json_r_slow_01,26,M,169.0,68.15,23.86,122,1.22,54.86,45.05,101.64,86.48,0.35,0.7,171.43,19.64,54.95,1.78
32,json_r_slow_02,26,M,169.0,68.15,23.86,123,1.23,54.63,51.27,98.43,88.35,0.31,0.62,193.55,6.34,22.42,3.37
32,json_r_slow_03,26,M,169.0,68.15,23.86,121,1.21,53.55,54.91,99.16,94.16,0.31,0.62,193.55,2.5,22.42,1.82
32,json_r_slow_04,26,M,169.0,68.15,23.86,122,1.22,51.94,52.02,95.19,95.85,0.67,1.34,89.55,0.14,22.42,2.58
32,json_r_slow_05,26,M,169.0,68.15,23.86,142,1.42,53.19,45.6,67.27,59.71,0.59,1.18,101.69,15.36,22.42,1.73
32,json_r_slow_06,26,M,169.0,68.15,23.86,121,1.21,51.49,55.83,97.02,84.01,0.54,1.08,111.11,8.09,0.0,2.63
32,json_r_slow_07,26,M,169.0,68.15,23.86,121,1.21,56.88,53.82,100.81,88.96,0.54,1.07,112.15,5.54,1.87,3.47
32,json_r_slow_08,26,M,169.0,68.15,23.86,120,1.2,57.22,50.73,92.61,102.16,0.64,1.27,94.49,12.02,26.77,2.58
32,json_r_slow_09,26,M,169.0,68.15,23.86,121,1.21,52.98,51.23,86.66,83.94,0.57,1.15,104.35,3.35,22.61,1.8
32,json_r_slow_10,26,M,169.0,68.15,23.86,120,1.2,55.17,52.67,93.25,84.76,0.63,1.26,95.24,4.62,22.42,1.93
32,json_r_slow_11,26,M,169.0,68.15,23.86,125,1.25,55.05,52.63,82.34,85.39,0.46,0.92,130.43,4.49,22.42,3.4
31,json_l_comf_01,31,M,183.0,80.58,24.06,120,1.2,52.48,58.87,47.15,51.26,0.52,1.05,114.29,11.46,78.1,2.42
31,json_l_comf_02,31,M,183.0,80.58,24.06,122,1.22,29.14,57.6,41.78,54.85,0.64,1.29,93.02,65.62,38.76,3.99
31,json_l_comf_03,31,M,183.0,80.58,24.06,118,1.18,41.16,41.54,39.29,50.71,0.56,1.12,107.14,0.9,39.29,4.81
31,json_l_comf_04,31,M,183.0,80.58,24.06,118,1.18,49.02,55.9,39.53,64.48,0.64,1.28,93.75,13.11,43.75,4.62
31,json_l_comf_05,31,M,183.0,80.58,24.06,120,1.2,48.54,51.29,31.93,57.63,0.45,0.9,133.33,5.51,3.28,3.65
31,json_l_comf_06,31,M,183.0,80.58,24.06,119,1.19,33.07,41.74,29.15,17.62,0.72,1.44,83.33,23.19,20.0,3.51
31,json_l_comf_07,31,M,183.0,80.58,24.06,119,1.19,48.52,49.98,30.63,40.38,0.36,0.72,166.67,2.95,20.0,3.49
31,json_l_comf_08,31,M,183.0,80.58,24.06,119,1.19,54.02,45.68,35.53,68.14,0.59,1.18,101.69,16.72,44.07,3.6
31,json_l_comf_09,31,M,183.0,80.58,24.06,118,1.18,33.69,47.46,23.97,32.09,0.5,1.0,120.0,33.94,52.0,1.87
31,json_l_comf_10,31,M,183.0,80.58,24.06,121,1.21,28.9,46.96,25.0,26.7,0.42,0.83,144.58,47.61,40.96,1.94
31,json_l_fast_01,31,M,183.0,80.58,24.06,112,1.12,43.01,45.58,32.0,24.25,0.62,1.24,96.77,5.8,12.9,8.19
31,json_l_fast_02,31,M,183.0,80.58,24.06,113,1.13,57.96,40.25,36.85,42.16,0.65,1.3,92.31,36.06,27.69,5.35
31,json_l_fast_03,31,M,183.0,80.58,24.06,112,1.12,48.16,61.24,31.84,46.24,0.59,1.18,101.69,23.9,20.0,4.58
31,json_l_fast_04,31,M,183.0,80.58,24.06,113,1.13,49.46,37.54,34.69,37.01,0.72,1.43,83.92,27.39,4.2,1.9
31,json_l_fast_05,31,M,183.0,80.58,24.06,114,1.14,55.09,48.25,39.11,48.07,0.66,1.31,91.6,13.24,29.01,1.82
31,json_l_fast_06,31,M,183.0,80.58,24.06,114,1.14,53.32,60.19,43.46,71.17,0.33,0.66,181.82,12.09,20.0,2.96
31,json_l_fast_07,31,M,183.0,80.58,24.06,113,1.13,57.68,52.36,39.41,48.42,0.54,1.07,112.15,9.67,9.35,2.3
31,json_l_fast_08,31,M,183.0,80.58,24.06,111,1.11,53.98,49.95,36.28,55.15,0.61,1.22,98.36,7.76,16.39,1.63
31,json_l_fast_09,31,M,183.0,80.58,24.06,112,1.12,50.26,48.05,38.49,50.48,0.56,1.13,106.19,4.5,47.79,2.72
31,json_l_fast_10,31,M,183.0,80.58,24.06,112,1.12,56.69,58.19,47.51,59.49,0.56,1.12,107.14,2.61,67.86,3.12
31,json_l_slow_01,31,M,183.0,80.58,24.06,124,1.24,41.88,66.09,34.96,36.34,0.52,1.05,114.29,44.84,43.81,10.56
31,json_l_slow_02,31,M,183.0,80.58,24.06,126,1.26,33.85,62.28,29.43,24.46,0.32,0.63,190.48,59.15,3.17,8.85
31,json_l_slow_03,31,M,183.0,80.58,24.06,124,1.24,48.34,37.09,33.12,71.57,0.32,0.64,187.5,26.33,52.63,5.22
31,json_l_slow_04,31,M,183.0,80.58,24.06,124,1.24,38.48,23.37,27.99,23.88,0.64,1.27,94.49,48.87,7.87,8.88
31,json_l_slow_05,31,M,183.0,80.58,24.06,127,1.27,39.41,56.87,34.53,43.8,0.36,0.72,166.67,36.27,53.76,8.29
31,json_l_slow_06,31,M,183.0,80.58,24.06,128,1.28,48.48,40.74,49.02,48.56,0.58,1.17,102.56,17.35,18.8,3.73
31,json_l_slow_07,31,M,183.0,80.58,24.06,124,1.24,47.18,44.35,37.63,60.87,0.4,0.79,151.9,6.18,4.94,6.15
31,json_l_slow_08,31,M,183.0,80.58,24.06,124,1.24,43.16,56.52,31.99,62.34,0.35,0.7,171.43,26.8,20.0,3.91
31,json_l_slow_09,31,M,183.0,80.58,24.06,125,1.25,46.67,56.51,33.22,31.87,0.75,1.5,80.0,19.08,5.33,5.32
31,json_l_slow_10,31,M,183.0,80.58,24.06,124,1.24,32.96,56.29,29.2,36.13,0.38,0.76,157.89,52.27,42.7,5.87
31,json_r_comf_01,31,M,183.0,80.58,24.06,120,1.2,61.77,17.28,81.32,48.43,0.56,1.13,106.19,112.57,15.93,8.17
31,json_r_comf_02,31,M,183.0,80.58,24.06,120,1.2,61.63,42.76,87.57,51.38,0.55,1.1,109.09,36.15,0.0,5.1
31,json_r_comf_03,31,M,183.0,80.58,24.06,119,1.19,61.54,44.19,86.4,52.91,0.36,0.72,166.67,32.82,20.0,4.71
31,json_r_comf_04,31,M,183.0,80.58,24.06,120,1.2,57.84,55.21,100.02,97.35,0.36,0.72,166.67,4.66,56.68,4.85
31,json_r_comf_05,31,M,183.0,80.58,24.06,119,1.19,58.68,42.83,99.92,53.03,0.32,0.64,187.5,31.23,1.55,4.92
31,json_r_comf_06,31,M,183.0,80.58,24.06,120,1.2,59.94,54.08,83.17,50.69,0.62,1.23,97.56,10.29,1.63,4.94
31,json_r_comf_07,31,M,183.0,80.58,24.06,120,1.2,57.37,48.13,101.03,54.25,0.49,0.98,122.45,17.51,8.16,3.29
31,json_r_comf_08,31,M,183.0,80.58,24.06,120,1.2,59.4,49.89,99.02,49.78,0.32,0.64,187.5,17.39,59.22,4.69
31,json_r_comf_09,31,M,183.0,80.58,24.06,119,1.19,55.57,51.05,94.17,107.84,0.53,1.06,113.21,8.48,7.55,3.9
31,json_r_comf_10,31,M,183.0,80.58,24.06,120,1.2,57.94,18.6,56.04,47.72,0.37,0.74,162.16,102.8,20.0,3.71
31,json_r_fast_01,31,M,183.0,80.58,24.06,109,1.09,58.15,50.55,79.92,69.39,0.66,1.32,90.91,14.0,30.3,3.03
31,json_r_fast_02,31,M,183.0,80.58,24.06,111,1.11,59.76,49.68,79.34,74.42,0.61,1.22,98.36,18.41,20.0,4.63
31,json_r_fast_03,31,M,183.0,80.58,24.06,112,1.12,57.3,53.72,96.27,67.87,0.52,1.04,115.38,6.46,42.31,3.02
31,json_r_fast_04,31,M,183.0,80.58,24.06,113,1.13,58.65,52.84,102.31,66.32,0.54,1.07,112.15,10.43,1.87,4.17
31,json_r_fast_05,31,M,183.0,80.58,24.06,112,1.12,57.88,50.2,86.96,85.46,0.42,0.84,142.86,14.22,57.14,4.49
31,json_r_fast_06,31,M,183.0,80.58,24.06,114,1.14,58.52,52.71,84.96,57.26,0.33,0.66,181.82,10.44,20.0,3.19
31,json_r_fast_07,31,M,183.0,80.58,24.06,112,1.12,56.29,42.03,69.2,57.39,0.32,0.64,187.5,29.0,7.52,1.88
31,json_r_fast_08,31,M,183.0,80.58,24.06,111,1.11,57.34,51.97,88.61,70.66,0.44,0.87,137.93,9.84,29.89,3.35
31,json_r_fast_09,31,M,183.0,80.58,24.06,114,1.14,60.2,52.62,93.34,73.08,0.32,0.63,190.48,13.43,20.0,3.49
31,json_r_fast_10,31,M,183.0,80.58,24.06,113,1.13,58.68,48.83,89.92,77.5,0.52,1.03,116.5,18.34,44.66,3.49
31,json_r_slow_01,31,M,183.0,80.58,24.06,122,1.22,59.87,44.69,97.9,57.16,0.45,0.91,131.87,29.04,19.78,3.41
31,json_r_slow_02,31,M,183.0,80.58,24.06,126,1.26,56.81,47.2,91.46,68.04,0.56,1.12,107.14,18.47,14.29,4.73
31,json_r_slow_03,31,M,183.0,80.58,24.06,121,1.21,55.96,39.71,92.14,47.55,0.64,1.28,93.75,33.97,0.0,4.08
31,json_r_slow_04,31,M,183.0,80.58,24.06,122,1.22,61.22,39.72,112.73,60.95,0.49,0.98,122.45,42.6,36.73,4.24
31,json_r_slow_05,31,M,183.0,80.58,24.06,119,1.19,61.41,20.04,74.44,51.29,0.45,0.9,133.33,101.6,20.0,5.76
31,json_r_slow_06,31,M,183.0,80.58,24.06,121,1.21,60.65,18.12,79.94,46.15,0.71,1.42,84.51,107.97,0.0,5.89
31,json_r_slow_07,31,M,183.0,80.58,24.06,125,1.25,56.3,47.52,88.59,50.97,0.64,1.28,93.75,16.92,9.38,4.92
31,json_r_slow_08,31,M,183.0,80.58,24.06,120,1.2,60.95,17.27,61.66,41.89,0.52,1.05,114.29,111.69,20.0,7.18
31,json_r_slow_09,31,M,183.0,80.58,24.06,123,1.23,60.07,29.48,72.67,50.2,0.71,1.42,84.51,68.32,0.0,6.42
31,json_r_slow_10,31,M,183.0,80.58,24.06,120,1.2,58.68,27.02,66.65,53.19,0.35,0.7,171.43,73.9,66.67,5.76
30,json_l_comf_01,27,M,174.5,68.86,22.61,93,0.93,48.7,64.9,41.27,59.75,0.36,0.72,166.67,28.52,2.74,1.66
30,json_l_comf_02,27,M,174.5,68.86,22.61,115,1.15,54.73,61.92,54.31,55.98,0.37,0.74,162.16,12.32,16.22,0.87
30,json_l_comf_03,27,M,174.5,68.86,22.61,116,1.16,56.83,61.08,53.08,50.06,0.36,0.72,166.67,7.22,9.4,1.64
30,json_l_comf_04,27,M,174.5,68.86,22.61,114,1.14,56.43,62.44,54.39,50.39,0.33,0.67,179.1,10.1,9.4,0.86
30,json_l_comf_05,27,M,174.5,68.86,22.61,113,1.13,59.36,61.05,53.81,52.97,0.35,0.7,171.43,2.81,10.22,0.86
30,json_l_comf_06,27,M,174.5,68.86,22.61,114,1.14,56.04,62.02,46.83,47.63,0.48,0.95,126.32,10.13,2.11,0.9
30,json_l_comf_07,27,M,174.5,68.86,22.61,116,1.16,56.06,65.09,55.71,50.12,0.5,1.01,118.81,14.91,13.86,0.86
30,json_l_comf_08,27,M,174.5,68.86,22.61,114,1.14,54.43,62.19,56.64,51.47,0.4,0.81,148.15,13.32,17.28,0.86
30,json_l_comf_09,27,M,174.5,68.86,22.61,116,1.16,58.38,60.85,63.84,56.88,0.36,0.73,164.38,4.15,9.4,1.73
30,json_l_comf_10,27,M,174.5,68.86,22.61,113,1.13,58.82,63.61,62.18,48.51,0.44,0.87,137.93,7.83,20.69,0.89
30,json_l_fast_01,27,M,174.5,68.86,22.61,108,1.08,50.76,52.5,46.59,72.5,0.37,0.74,162.16,3.38,9.15,2.22
30,json_l_fast_02,27,M,174.5,68.86,22.61,110,1.1,40.12,57.47,48.33,63.37,0.33,0.66,181.82,35.56,10.69,1.95
30,json_l_fast_03,27,M,174.5,68.86,22.61,111,1.11,52.42,61.83,61.72,58.51,0.54,1.08,111.11,16.47,7.41,2.47
30,json_l_fast_04,27,M,174.5,68.86,22.61,109,1.09,53.95,66.65,50.45,72.95,0.58,1.17,102.56,21.07,42.74,1.75
30,json_l_fast_05,27,M,174.5,68.86,22.61,111,1.11,52.55,62.62,63.59,66.26,0.44,0.88,136.36,17.48,18.18,1.75
30,json_l_fast_06,27,M,174.5,68.86,22.61,110,1.1,53.01,64.48,53.4,54.69,0.36,0.73,164.38,19.54,35.62,0.86
30,json_l_fast_07,27,M,174.5,68.86,22.61,109,1.09,54.01,66.85,59.65,58.04,0.48,0.96,125.0,21.24,0.0,0.83
30,json_l_fast_08,27,M,174.5,68.86,22.61,112,1.12,50.78,61.45,62.42,54.56,0.46,0.92,130.43,19.03,9.4,0.87
30,json_l_fast_09,27,M,174.5,68.86,22.61,111,1.11,54.13,63.8,44.79,51.62,0.39,0.78,153.85,16.4,20.0,0.9
30,json_l_fast_10,27,M,174.5,68.86,22.61,108,1.08,49.08,62.88,67.28,54.62,0.42,0.84,142.86,24.65,9.4,1.66
30,json_l_slow_01,27,M,174.5,68.86,22.61,255,2.55,48.34,31.61,39.8,92.39,0.52,1.04,115.38,41.84,27.12,3.72
30,json_l_slow_02,27,M,174.5,68.86,22.61,116,1.16,43.59,58.48,41.62,54.03,0.42,0.84,142.86,29.17,9.4,2.54
30,json_l_slow_03,27,M,174.5,68.86,22.61,117,1.17,80.94,65.62,55.97,77.73,0.44,0.89,134.83,20.91,29.21,2.64
30,json_l_slow_04,27,M,174.5,68.86,22.61,118,1.18,35.43,51.97,30.34,43.92,0.72,1.43,83.92,37.85,4.2,5.47
30,json_l_slow_05,27,M,174.5,68.86,22.61,116,1.16,33.42,36.79,35.82,47.59,0.4,0.8,150.0,9.59,5.0,4.97
30,json_l_slow_06,27,M,174.5,68.86,22.61,119,1.19,51.61,59.29,43.9,51.85,0.38,0.76,157.89,13.84,33.71,1.69
30,json_l_slow_07,27,M,174.5,68.86,22.61,124,1.24,33.79,40.65,30.96,49.18,0.36,0.71,169.01,18.42,9.4,1.87
30,json_l_slow_08,27,M,174.5,68.86,22.61,121,1.21,48.57,60.19,49.9,54.33,0.48,0.96,125.0,21.37,32.8,0.86
30,json_l_slow_09,27,M,174.5,68.86,22.61,120,1.2,49.69,60.09,45.51,64.69,0.35,0.7,171.43,18.95,30.67,1.86
30,json_l_slow_10,27,M,174.5,68.86,22.61,118,1.18,31.76,48.3,30.08,44.65,0.43,0.86,139.53,41.32,9.3,3.5
30,json_l_slow_11,27,M,174.5,68.86,22.61,117,1.17,30.96,49.33,32.05,43.74,0.52,1.04,115.38,45.77,11.54,1.83
30,json_l_slow_12,27,M,174.5,68.86,22.61,116,1.16,48.19,49.51,42.08,54.17,0.43,0.86,139.53,2.69,13.66,1.85
30,json_r_comf_01,27,M,174.5,68.86,22.61,115,1.15,58.14,53.44,84.06,79.53,0.54,1.07,112.15,8.42,9.35,1.8
30,json_r_comf_02,27,M,174.5,68.86,22.61,117,1.17,58.43,65.5,92.47,81.42,0.53,1.06,113.21,11.4,7.55,2.1
30,json_r_comf_03,27,M,174.5,68.86,22.61,116,1.16,58.97,59.36,85.88,57.55,0.3,0.6,200.0,0.66,9.4,5.5
30,json_r_comf_04,27,M,174.5,68.86,22.61,113,1.13,58.76,59.27,97.45,71.68,0.57,1.14,105.26,0.86,7.02,2.68
30,json_r_comf_05,27,M,174.5,68.86,22.61,117,1.17,57.56,62.68,88.92,89.81,0.36,0.72,166.67,8.51,45.81,1.79
30,json_r_comf_06,27,M,174.5,68.86,22.61,115,1.15,57.4,50.33,85.6,83.39,0.58,1.17,102.56,13.14,1.71,4.21
30,json_r_comf_07,27,M,174.5,68.86,22.61,116,1.16,57.52,54.43,94.09,60.44,0.37,0.74,162.16,5.52,0.0,2.69
30,json_r_comf_08,27,M,174.5,68.86,22.61,116,1.16,58.94,56.06,84.89,84.59,0.34,0.68,176.47,5.02,2.99,1.88
30,json_r_comf_09,27,M,174.5,68.86,22.61,118,1.18,57.93,32.38,55.27,86.53,0.34,0.68,176.47,56.58,0.0,1.79
30,json_r_comf_10,27,M,174.5,68.86,22.61,117,1.17,59.77,50.25,94.21,54.25,0.36,0.72,166.67,17.29,51.69,1.85
30,json_r_fast_01,27,M,174.5,68.86,22.61,110,1.1,53.86,54.25,91.05,60.14,0.45,0.91,131.87,0.72,59.34,2.63
30,json_r_fast_02,27,M,174.5,68.86,22.61,111,1.11,56.82,51.32,92.96,77.7,0.57,1.14,105.26,10.17,28.07,1.71
30,json_r_fast_03,27,M,174.5,68.86,22.61,111,1.11,58.35,46.97,55.53,67.71,0.61,1.22,98.36,21.61,23.85,1.85
30,json_r_fast_04,27,M,174.5,68.86,22.61,109,1.09,52.91,46.16,62.99,75.26,0.56,1.12,107.14,13.63,28.57,1.9
30,json_r_fast_05,27,M,174.5,68.86,22.61,109,1.09,54.26,40.07,67.7,83.86,0.62,1.25,96.0,30.09,1.6,1.89
30,json_r_fast_06,27,M,174.5,68.86,22.61,109,1.09,53.52,53.31,68.68,98.8,0.47,0.94,127.66,0.39,7.73,1.9
30,json_r_fast_07,27,M,174.5,68.86,22.61,107,1.07,57.18,54.31,73.58,66.61,0.39,0.78,153.85,5.15,9.4,1.77
30,json_r_fast_08,27,M,174.5,68.86,22.61,110,1.1,58.1,51.35,67.09,80.65,0.64,1.28,93.75,12.33,0.0,1.77
30,json_r_fast_09,27,M,174.5,68.86,22.61,109,1.09,54.73,54.94,65.34,78.89,0.48,0.96,125.0,0.38,3.17,1.91
30,json_r_fast_10,27,M,174.5,68.86,22.61,109,1.09,56.35,58.94,82.58,86.02,0.44,0.88,136.36,4.5,9.4,1.83
30,json_r_fast_11,27,M,174.5,68.86,22.61,111,1.11,60.93,55.6,75.68,81.55,0.52,1.04,115.38,9.14,45.58,1.79
30,json_r_slow_01,27,M,174.5,68.86,22.61,119,1.19,60.76,65.02,96.54,86.41,0.61,1.22,98.36,6.77,26.23,1.62
30,json_r_slow_02,27,M,174.5,68.86,22.61,118,1.18,58.98,53.81,88.52,69.98,0.33,0.66,181.82,9.17,5.97,2.58
30,json_r_slow_03,27,M,174.5,68.86,22.61,121,1.21,63.23,58.38,64.63,64.69,0.39,0.78,153.85,7.97,36.36,2.65
30,json_r_slow_04,27,M,174.5,68.86,22.61,122,1.22,66.81,58.63,64.55,68.37,0.35,0.7,171.43,13.05,5.71,2.09
30,json_r_slow_05,27,M,174.5,68.86,22.61,123,1.23,56.64,36.16,65.74,61.06,0.37,0.74,162.16,44.14,0.0,1.87
30,json_r_slow_06,27,M,174.5,68.86,22.61,119,1.19,53.73,25.33,57.21,49.37,0.57,1.14,105.26,71.84,0.0,1.82
30,json_r_slow_07,27,M,174.5,68.86,22.61,122,1.22,60.38,28.18,87.63,83.2,0.42,0.85,141.2,72.71,9.4,1.74
30,json_r_slow_08,27,M,174.5,68.86,22.61,116,1.16,58.98,35.21,98.34,53.0,0.34,0.68,176.47,50.47,0.0,6.09
30,json_r_slow_09,27,M,174.5,68.86,22.61,117,1.17,57.98,55.69,84.46,66.25,0.31,0.62,193.55,4.03,4.8,2.66
30,json_r_slow_10,27,M,174.5,68.86,22.61,119,1.19,57.73,21.24,84.05,52.02,0.41,0.82,146.34,92.42,0.0,5.35
29,json_l_comf_01,29,M,170.0,89.52,30.98,123,1.23,52.72,55.15,39.15,47.71,0.46,0.91,131.87,4.51,2.2,0.86
29,json_l_comf_02,29,M,170.0,89.52,30.98,123,1.23,54.55,59.86,40.45,44.12,0.55,1.11,108.11,9.28,27.03,0.85
29,json_l_comf_03,29,M,170.0,89.52,30.98,120,1.2,52.07,60.71,41.24,49.67,0.46,0.92,130.43,15.33,8.7,0.9
29,json_l_comf_04,29,M,170.0,89.52,30.98,124,1.24,51.36,44.51,44.32,36.57,0.35,0.7,171.43,14.27,0.0,1.75
29,json_l_comf_05,29,M,170.0,89.52,30.98,125,1.25,43.09,55.1,33.74,35.32,0.36,0.72,166.67,24.45,33.77,2.46
29,json_l_comf_06,29,M,170.0,89.52,30.98,123,1.23,41.88,53.33,34.39,36.21,0.38,0.76,157.89,24.05,5.13,1.84
29,json_l_comf_07,29,M,170.0,89.52,30.98,121,1.21,46.72,51.07,35.53,30.96,0.38,0.76,157.89,8.9,21.12,0.88
29,json_l_comf_08,29,M,170.0,89.52,30.98,124,1.24,45.18,54.75,33.93,35.5,0.46,0.93,129.03,19.15,58.06,1.78
29,json_l_comf_09,29,M,170.0,89.52,30.98,124,1.24,49.68,56.62,27.34,38.25,0.55,1.1,109.09,13.05,80.0,1.71
29,json_l_comf_10,29,M,170.0,89.52,30.98,122,1.22,52.81,40.74,27.73,27.79,0.33,0.66,181.82,25.8,11.43,1.79
29,json_l_fast_01,29,M,170.0,89.52,30.98,116,1.16,53.59,56.53,39.55,46.58,0.41,0.82,146.34,5.34,43.9,0.87
29,json_l_fast_02,29,M,170.0,89.52,30.98,116,1.16,54.25,61.62,33.39,36.57,0.37,0.74,162.16,12.72,39.55,0.91
29,json_l_fast_03,29,M,170.0,89.52,30.98,115,1.15,52.64,55.82,32.21,41.85,0.4,0.8,150.0,5.87,2.47,7.88
29,json_l_fast_04,29,M,170.0,89.52,30.98,114,1.14,49.97,44.4,46.6,47.73,0.64,1.29,93.02,11.82,1.55,9.67
29,json_l_fast_05,29,M,170.0,89.52,30.98,115,1.15,54.38,52.37,51.45,46.97,0.32,0.64,187.5,3.77,68.09,9.63
29,json_l_fast_06,29,M,170.0,89.52,30.98,117,1.17,52.24,46.06,42.94,36.76,0.34,0.68,176.47,12.57,11.97,9.62
29,json_l_fast_07,29,M,170.0,89.52,30.98,117,1.17,51.95,61.54,53.09,54.89,0.36,0.72,166.67,16.91,11.76,0.93
29,json_l_fast_08,29,M,170.0,89.52,30.98,115,1.15,53.81,56.9,49.95,47.01,0.42,0.84,142.86,5.58,40.82,1.8
29,json_l_fast_09,29,M,170.0,89.52,30.98,113,1.13,53.33,47.3,45.77,51.46,0.41,0.82,146.34,11.98,29.27,3.42
29,json_l_fast_10,29,M,170.0,89.52,30.98,113,1.13,52.49,48.93,38.6,42.18,0.63,1.26,95.24,7.02,6.35,5.16
29,json_l_fast_11,29,M,170.0,89.52,30.98,112,1.12,53.2,50.54,43.08,45.27,0.38,0.76,157.89,5.13,67.91,7.9
29,json_l_slow_01,29,M,170.0,89.52,30.98,132,1.32,51.12,54.72,40.9,51.17,0.4,0.8,150.0,6.82,43.14,1.69
29,json_l_slow_02,29,M,170.0,89.52,30.98,136,1.36,51.22,54.64,32.81,53.12,0.44,0.88,136.36,6.47,15.71,0.91
29,json_l_slow_03,29,M,170.0,89.52,30.98,142,1.42,54.88,54.89,38.94,65.92,0.38,0.75,160.0,0.02,20.41,1.61
29,json_l_slow_04,29,M,170.0,89.52,30.98,137,1.37,63.16,69.15,37.54,56.48,0.45,0.9,133.33,9.05,0.0,0.89
29,json_l_slow_05,29,M,170.0,89.52,30.98,142,1.42,49.34,50.07,33.32,59.6,0.33,0.66,181.82,1.45,20.41,1.29
29,json_l_slow_06,29,M,170.0,89.52,30.98,141,1.41,52.95,53.0,36.07,62.81,0.32,0.65,184.62,0.09,48.78,0.88
29,json_l_slow_07,29,M,170.0,89.52,30.98,141,1.41,51.63,52.03,35.16,51.82,0.45,0.9,133.33,0.78,46.71,1.69
29,json_l_slow_08,29,M,170.0,89.52,30.98,142,1.42,52.15,45.84,36.55,63.19,0.46,0.92,130.43,12.88,7.91,1.71
29,json_l_slow_09,29,M,170.0,89.52,30.98,143,1.43,48.82,46.85,32.92,53.15,0.56,1.13,106.19,4.13,11.97,2.69
29,json_l_slow_10,29,M,170.0,89.52,30.98,143,1.43,48.65,47.11,37.87,50.38,0.37,0.74,162.16,3.22,22.22,0.9
29,json_r_comf_01,29,M,170.0,89.52,30.98,125,1.25,51.77,32.5,50.93,38.52,0.34,0.68,176.47,45.72,0.0,6.06
29,json_r_comf_02,29,M,170.0,89.52,30.98,124,1.24,51.65,21.68,50.91,36.45,0.52,1.05,114.29,81.73,17.14,8.15
29,json_r_comf_03,29,M,170.0,89.52,30.98,121,1.21,53.69,39.54,71.16,37.82,0.36,0.73,164.38,30.37,0.0,6.26
29,json_r_comf_04,29,M,170.0,89.52,30.98,124,1.24,51.57,50.68,54.09,45.45,0.64,1.28,93.75,1.74,9.38,5.2
29,json_r_comf_05,29,M,170.0,89.52,30.98,124,1.24,52.24,50.29,48.54,45.99,0.51,1.02,117.65,3.81,7.84,6.92
29,json_r_comf_06,29,M,170.0,89.52,30.98,126,1.26,47.84,36.77,45.93,43.71,0.68,1.36,88.24,26.16,2.94,7.02
29,json_r_comf_07,29,M,170.0,89.52,30.98,124,1.24,54.99,55.98,70.29,50.85,0.64,1.28,93.75,1.78,21.88,4.4
29,json_r_comf_08,29,M,170.0,89.52,30.98,123,1.23,52.7,56.54,76.56,52.81,0.67,1.34,89.55,7.04,5.97,4.68
29,json_r_comf_09,29,M,170.0,89.52,30.98,120,1.2,51.78,56.12,67.64,49.7,0.52,1.05,114.29,8.03,28.57,3.61
29,json_r_comf_10,29,M,170.0,89.52,30.98,122,1.22,55.37,55.85,79.52,52.5,0.35,0.7,171.43,0.88,4.26,5.34
29,json_r_fast_01,29,M,170.0,89.52,30.98,115,1.15,52.73,54.5,59.6,57.63,0.58,1.17,102.56,3.3,1.71,1.95
29,json_r_fast_02,29,M,170.0,89.52,30.98,115,1.15,55.41,55.04,56.7,55.5,0.56,1.12,107.14,0.66,10.71,1.91
29,json_r_fast_03,29,M,170.0,89.52,30.98,113,1.13,56.76,53.51,66.58,50.3,0.58,1.16,103.45,5.9,6.9,2.8
29,json_r_fast_04,29,M,170.0,89.52,30.98,116,1.16,57.15,53.58,65.64,47.42,0.61,1.22,98.36,6.44,6.56,4.46
29,json_r_fast_05,29,M,170.0,89.52,30.98,114,1.14,59.25,55.17,66.81,43.67,0.59,1.18,101.69,7.13,3.39,3.89
29,json_r_fast_06,29,M,170.0,89.52,30.98,113,1.13,57.09,53.96,71.8,49.14,0.58,1.17,102.56,5.64,1.71,3.68
29,json_r_fast_07,29,M,170.0,89.52,30.98,114,1.14,59.16,57.68,58.14,42.54,0.61,1.22,98.36,2.53,6.56,3.6
29,json_r_fast_08,29,M,170.0,89.52,30.98,117,1.17,55.98,53.9,85.25,52.37,0.59,1.18,101.69,3.77,13.56,4.73
29,json_r_fast_09,29,M,170.0,89.52,30.98,113,1.13,59.86,53.25,70.05,40.64,0.58,1.16,103.45,11.68,6.9,4.67
29,json_r_fast_10,29,M,170.0,89.52,30.98,116,1.16,56.11,54.39,65.46,46.29,0.58,1.17,102.56,3.1,11.97,3.68
29,json_r_slow_01,29,M,170.0,89.52,30.98,137,1.37,53.38,51.32,88.64,63.82,0.49,0.98,122.45,3.94,49.12,1.96
29,json_r_slow_02,29,M,170.0,89.52,30.98,141,1.41,54.5,54.58,80.05,63.87,0.58,1.17,102.56,0.14,1.71,2.83
29,json_r_slow_03,29,M,170.0,89.52,30.98,134,1.34,53.1,57.94,73.46,55.06,0.39,0.78,153.85,8.72,10.26,2.92
29,json_r_slow_04,29,M,170.0,89.52,30.98,141,1.41,50.55,51.81,95.11,79.84,0.54,1.08,111.11,2.45,11.97,2.86
29,json_r_slow_05,29,M,170.0,89.52,30.98,144,1.44,55.71,48.67,68.87,54.1,0.46,0.92,130.43,13.49,23.81,1.89
29,json_r_slow_06,29,M,170.0,89.52,30.98,144,1.44,49.21,54.15,73.03,55.39,0.49,0.98,122.45,9.57,40.91,3.97
29,json_r_slow_07,29,M,170.0,89.52,30.98,140,1.4,49.19,49.1,89.62,62.31,0.42,0.83,144.58,0.18,13.48,1.99
29,json_r_slow_08,29,M,170.0,89.52,30.98,133,1.33,51.47,53.28,90.26,63.17,0.65,1.3,92.31,3.46,11.97,2.71
29,json_r_slow_09,29,M,170.0,89.52,30.98,139,1.39,53.18,54.76,67.94,51.97,0.41,0.82,146.34,2.91,25.53,2.09
29,json_r_slow_10,29,M,170.0,89.52,30.98,130,1.3,51.57,56.22,89.81,54.09,0.31,0.62,193.55,8.64,66.67,2.99
28,json_l_comf_01,27,M,172.5,103.59,34.81,119,1.19,60.25,39.3,47.82,54.62,0.44,0.88,136.36,42.07,57.14,1.74
28,json_l_comf_02,27,M,172.5,103.59,34.81,118,1.18,51.09,48.96,30.05,45.19,0.4,0.8,150.0,4.27,17.14,3.29
28,json_l_comf_03,27,M,172.5,103.59,34.81,120,1.2,61.82,34.5,54.33,33.26,0.34,0.68,176.47,56.72,12.77,2.63
28,json_l_comf_04,27,M,172.5,103.59,34.81,120,1.2,37.3,39.18,28.2,40.68,0.38,0.76,157.89,4.93,17.93,2.04
28,json_l_comf_05,27,M,172.5,103.59,34.81,118,1.18,61.86,48.2,48.84,43.82,0.37,0.74,162.16,24.83,20.29,2.41
28,json_l_comf_06,27,M,172.5,103.59,34.81,119,1.19,61.23,45.62,48.69,49.34,0.36,0.72,166.67,29.22,22.22,0.87
28,json_l_comf_07,27,M,172.5,103.59,34.81,120,1.2,60.11,33.55,44.84,50.92,0.65,1.3,92.31,56.71,9.23,3.33
28,json_l_comf_08,27,M,172.5,103.59,34.81,119,1.19,62.57,40.2,47.61,50.59,0.62,1.23,97.56,43.53,17.89,2.48
28,json_l_comf_09,27,M,172.5,103.59,34.81,121,1.21,59.25,47.08,50.04,70.04,0.36,0.72,166.67,22.9,26.51,1.68
28,json_l_comf_10,27,M,172.5,103.59,34.81,120,1.2,60.27,63.79,27.3,60.63,0.42,0.85,141.18,5.69,17.14,9.6
28,json_l_fast_01,27,M,172.5,103.59,34.81,113,1.13,57.76,53.67,41.1,48.94,0.39,0.78,153.85,7.34,63.11,3.44
28,json_l_fast_02,27,M,172.5,103.59,34.81,114,1.14,49.38,47.48,36.81,38.95,0.7,1.39,86.33,3.94,27.34,7.3
28,json_l_fast_03,27,M,172.5,103.59,34.81,114,1.14,42.49,49.04,29.19,37.58,0.39,0.78,153.85,14.31,17.14,3.31
28,json_l_fast_04,27,M,172.5,103.59,34.81,112,1.12,57.36,56.53,55.09,63.96,0.48,0.95,126.32,1.45,31.58,1.69
28,json_l_fast_05,27,M,172.5,103.59,34.81,112,1.12,47.19,53.22,34.95,37.33,0.41,0.82,146.34,12.02,1.23,5.15
28,json_l_fast_06,27,M,172.5,103.59,34.81,112,1.12,57.65,54.2,49.17,62.11,0.56,1.13,106.19,6.17,33.63,1.67
28,json_l_fast_07,27,M,172.5,103.59,34.81,112,1.12,55.19,54.29,38.97,32.31,0.72,1.45,82.76,1.65,6.9,10.6
28,json_l_fast_08,27,M,172.5,103.59,34.81,112,1.12,44.27,64.59,39.2,39.63,0.4,0.8,150.0,37.33,17.14,6.79
28,json_l_fast_09,27,M,172.5,103.59,34.81,113,1.13,37.36,63.21,39.11,56.06,0.4,0.81,148.15,51.42,17.14,4.09
28,json_l_fast_10,27,M,172.5,103.59,34.81,112,1.12,40.09,67.25,33.29,50.74,0.38,0.76,157.89,50.6,42.11,5.36
28,json_l_slow_01,27,M,172.5,103.59,34.81,126,1.26,43.44,49.37,25.85,30.87,0.61,1.22,98.36,12.79,16.39,4.1
28,json_l_slow_02,27,M,172.5,103.59,34.81,127,1.27,56.11,36.86,38.96,33.19,0.58,1.16,103.45,41.41,0.0,1.68
28,json_l_slow_03,27,M,172.5,103.59,34.81,124,1.24,59.58,48.88,34.31,30.67,0.4,0.79,151.9,19.74,0.0,4.25
28,json_l_slow_04,27,M,172.5,103.59,34.81,124,1.24,53.61,18.62,28.14,24.25,0.7,1.41,85.11,96.89,1.42,0.06
28,json_l_slow_05,27,M,172.5,103.59,34.81,129,1.29,38.96,40.36,21.37,36.23,0.38,0.75,160.0,3.53,18.67,3.61
28,json_l_slow_06,27,M,172.5,103.59,34.81,126,1.26,40.63,34.77,19.75,41.98,0.64,1.28,93.75,15.54,17.14,3.66
28,json_l_slow_07,27,M,172.5,103.59,34.81,131,1.31,36.76,37.77,27.41,38.78,0.74,1.48,81.08,2.73,17.14,3.71
28,json_l_slow_08,27,M,172.5,103.59,34.81,127,1.27,58.52,39.68,49.07,52.45,0.74,1.49,80.54,38.38,12.08,1.77
28,json_l_slow_09,27,M,172.5,103.59,34.81,129,1.29,28.52,36.09,23.66,31.39,0.45,0.9,133.33,23.45,72.13,8.29
28,json_l_slow_10,27,M,172.5,103.59,34.81,127,1.27,52.04,46.78,28.0,51.47,0.61,1.22,98.36,10.65,13.11,6.87
28,json_r_comf_01,27,M,172.5,103.59,34.81,116,1.16,60.27,57.13,91.11,94.46,0.45,0.9,133.33,5.35,62.22,1.88
28,json_r_comf_02,27,M,172.5,103.59,34.81,116,1.16,56.45,39.13,82.55,81.7,0.63,1.26,95.24,36.24,20.09,1.77
28,json_r_comf_03,27,M,172.5,103.59,34.81,116,1.16,59.8,38.65,61.49,48.13,0.48,0.96,125.0,42.96,17.14,5.15
28,json_r_comf_04,27,M,172.5,103.59,34.81,116,1.16,57.07,36.68,75.74,60.46,0.45,0.9,133.33,43.49,8.09,7.15
28,json_r_comf_05,27,M,172.5,103.59,34.81,120,1.2,58.05,36.22,73.32,48.72,0.52,1.04,115.38,46.31,0.0,6.6
28,json_r_comf_06,27,M,172.5,103.59,34.81,117,1.17,59.06,47.59,58.27,86.37,0.42,0.84,142.86,21.5,0.0,2.68
28,json_r_comf_07,27,M,172.5,103.59,34.81,115,1.15,59.62,42.46,77.41,88.41,0.44,0.88,136.36,33.63,4.65,3.49
28,json_r_comf_08,27,M,172.5,103.59,34.81,117,1.17,58.94,52.9,72.77,104.35,0.52,1.04,115.38,10.81,35.51,1.79
28,json_r_comf_09,27,M,172.5,103.59,34.81,119,1.19,56.87,48.27,82.33,87.24,0.48,0.96,125.0,16.37,0.0,2.61
28,json_r_comf_10,27,M,172.5,103.59,34.81,118,1.18,56.46,52.62,77.65,77.33,0.6,1.19,100.84,7.04,1.68,4.29
28,json_r_fast_01,27,M,172.5,103.59,34.81,112,1.12,57.02,48.13,97.98,83.3,0.52,1.05,114.29,16.92,62.86,4.37
28,json_r_fast_02,27,M,172.5,103.59,34.81,112,1.12,58.01,55.55,76.15,97.22,0.6,1.2,100.0,4.32,17.14,1.73
28,json_r_fast_03,27,M,172.5,103.59,34.81,113,1.13,54.29,48.85,82.36,88.64,0.31,0.62,193.55,10.55,46.91,2.69
28,json_r_fast_04,27,M,172.5,103.59,34.81,112,1.12,58.48,52.9,70.37,79.06,0.5,1.0,120.0,10.02,8.33,0.93
28,json_r_fast_05,27,M,172.5,103.59,34.81,113,1.13,58.46,51.64,80.5,82.79,0.48,0.96,125.0,12.39,64.35,2.56
28,json_r_fast_06,27,M,172.5,103.59,34.81,111,1.11,57.22,48.78,83.59,101.0,0.55,1.11,108.11,15.92,52.25,3.74
28,json_r_fast_07,27,M,172.5,103.59,34.81,112,1.12,55.77,51.26,80.59,74.32,0.76,1.53,78.43,8.43,35.29,2.6
28,json_r_fast_08,27,M,172.5,103.59,34.81,113,1.13,56.37,56.41,83.36,71.6,0.52,1.03,116.5,0.06,17.14,1.8
28,json_r_fast_09,27,M,172.5,103.59,34.81,113,1.13,56.72,53.19,80.82,90.02,0.5,1.01,118.81,6.42,69.31,3.48
28,json_r_fast_10,27,M,172.5,103.59,34.81,114,1.14,56.45,48.43,79.3,82.09,0.45,0.9,133.33,15.3,37.5,4.37
28,json_r_slow_01,27,M,172.5,103.59,34.81,126,1.26,56.48,66.22,72.23,55.98,0.37,0.74,162.16,15.88,32.43,3.32
28,json_r_slow_02,27,M,172.5,103.59,34.81,127,1.27,53.29,48.49,63.67,83.2,0.75,1.5,80.0,9.43,0.0,3.28
28,json_r_slow_03,27,M,172.5,103.59,34.81,123,1.23,57.27,55.42,64.29,93.06,0.5,0.99,121.21,3.27,14.14,1.72
28,json_r_slow_04,27,M,172.5,103.59,34.81,131,1.31,59.06,73.57,74.59,90.33,0.44,0.87,137.93,21.87,2.3,3.43
28,json_r_slow_05,27,M,172.5,103.59,34.81,128,1.28,53.95,60.81,71.51,64.69,0.51,1.02,117.65,11.96,11.76,3.39
28,json_r_slow_06,27,M,172.5,103.59,34.81,126,1.26,57.73,70.27,66.24,85.51,0.5,1.01,118.81,19.6,1.98,2.62
28,json_r_slow_07,27,M,172.5,103.59,34.81,128,1.28,56.71,75.15,69.32,58.01,0.31,0.62,193.55,27.97,0.0,1.89
28,json_r_slow_08,27,M,172.5,103.59,34.81,128,1.28,61.6,76.61,54.53,74.02,0.54,1.08,111.11,21.72,0.0,1.84
28,json_r_slow_09,27,M,172.5,103.59,34.81,130,1.3,59.03,75.16,69.62,81.06,0.46,0.92,130.43,24.03,39.13,3.66
28,json_r_slow_10,27,M,172.5,103.59,34.81,128,1.28,59.2,59.58,73.51,84.59,0.4,0.8,150.0,0.63,0.0,2.65
27,json_l_comf_01,42,F,166.2,62.23,22.53,107,1.07,62.89,68.7,30.32,54.41,0.47,0.94,127.66,8.84,28.02,10.23
27,json_l_comf_02,42,F,166.2,62.23,22.53,106,1.06,62.04,58.69,35.82,64.75,0.52,1.04,115.38,5.55,38.46,3.64
27,json_l_comf_03,42,F,166.2,62.23,22.53,104,1.04,59.53,56.58,49.51,90.0,0.7,1.4,85.71,5.08,0.0,3.48
27,json_l_comf_04,42,F,166.2,62.23,22.53,104,1.04,53.0,52.93,30.67,56.71,0.5,1.0,120.0,0.13,40.0,1.83
27,json_l_comf_05,42,F,166.2,62.23,22.53,105,1.05,56.67,59.1,40.08,64.55,0.48,0.97,123.71,4.2,47.42,2.67
27,json_l_comf_06,42,F,166.2,62.23,22.53,106,1.06,57.0,56.4,47.84,69.8,0.56,1.12,107.14,1.05,28.02,1.86
27,json_l_comf_07,42,F,166.2,62.23,22.53,105,1.05,54.62,53.74,39.76,80.54,0.47,0.94,127.66,1.62,28.02,1.81
27,json_l_comf_08,42,F,166.2,62.23,22.53,105,1.05,46.43,51.43,38.0,55.97,0.42,0.83,144.58,10.22,28.02,2.8
27,json_l_comf_09,42,F,166.2,62.23,22.53,104,1.04,51.3,43.67,36.43,86.41,0.39,0.78,153.85,16.06,28.02,7.59
27,json_l_comf_10,42,F,166.2,62.23,22.53,106,1.06,52.39,40.92,64.65,82.11,0.37,0.74,162.16,24.58,65.33,1.88
27,json_l_fast_01,42,F,166.2,62.23,22.53,104,1.04,53.01,56.26,55.87,72.42,0.42,0.84,142.86,5.94,52.38,1.88
27,json_l_fast_02,42,F,166.2,62.23,22.53,104,1.04,55.33,58.59,78.2,93.15,0.78,1.56,76.92,5.73,28.02,1.78
27,json_l_fast_03,42,F,166.2,62.23,22.53,103,1.03,52.19,54.09,42.73,65.61,0.39,0.78,153.85,3.57,26.42,1.87
27,json_l_fast_04,42,F,166.2,62.23,22.53,103,1.03,51.22,56.18,58.79,71.84,0.36,0.72,166.67,9.24,28.02,1.8
27,json_l_fast_05,42,F,166.2,62.23,22.53,104,1.04,51.97,55.36,70.72,69.27,0.36,0.73,164.38,6.32,0.0,1.8
27,json_l_fast_06,42,F,166.2,62.23,22.53,103,1.03,50.97,52.9,55.44,49.43,0.55,1.1,109.09,3.71,28.02,3.55
27,json_l_fast_07,42,F,166.2,62.23,22.53,105,1.05,51.2,50.06,54.0,49.3,0.52,1.05,114.29,2.24,24.76,2.72
27,json_l_fast_08,42,F,166.2,62.23,22.53,104,1.04,56.91,50.36,61.01,55.37,0.31,0.62,193.55,12.22,34.01,3.56
27,json_l_fast_09,42,F,166.2,62.23,22.53,104,1.04,53.82,52.56,70.47,80.99,0.44,0.87,137.93,2.37,28.02,1.79
27,json_l_fast_10,42,F,166.2,62.23,22.53,104,1.04,52.59,53.48,54.49,63.39,0.59,1.18,101.69,1.69,23.73,1.88
27,json_l_slow_01,42,F,166.2,62.23,22.53,107,1.07,52.03,53.83,51.48,69.63,0.4,0.8,150.0,3.4,28.02,2.65
27,json_l_slow_02,42,F,166.2,62.23,22.53,107,1.07,50.3,58.42,40.13,60.73,0.54,1.09,110.09,14.93,23.85,2.7
27,json_l_slow_03,42,F,166.2,62.23,22.53,106,1.06,35.45,41.48,41.98,33.49,0.53,1.06,113.21,15.67,18.87,1.82
27,json_l_slow_04,42,F,166.2,62.23,22.53,107,1.07,41.21,44.28,32.48,36.96,0.32,0.64,187.5,7.19,6.25,2.17
27,json_l_slow_05,42,F,166.2,62.23,22.53,105,1.05,59.04,60.1,57.68,77.41,0.33,0.66,181.82,1.79,70.65,1.81
27,json_l_slow_06,42,F,166.2,62.23,22.53,106,1.06,59.52,58.92,63.02,90.57,0.37,0.74,162.16,1.02,9.15,2.06
27,json_l_slow_07,42,F,166.2,62.23,22.53,107,1.07,60.5,89.14,60.19,100.78,0.61,1.22,98.36,38.27,28.02,1.82
27,json_l_slow_08,42,F,166.2,62.23,22.53,108,1.08,60.58,89.77,39.78,71.92,0.55,1.1,109.09,38.84,28.02,1.85
27,json_l_slow_09,42,F,166.2,62.23,22.53,106,1.06,51.73,83.69,40.42,77.23,0.59,1.18,101.69,47.21,28.02,2.7
27,json_l_slow_10,42,F,166.2,62.23,22.53,106,1.06,56.02,73.85,55.09,89.05,0.56,1.12,107.14,27.46,28.02,1.86
27,json_r_comf_01,42,F,166.2,62.23,22.53,109,1.09,53.81,31.62,87.32,98.08,0.5,1.01,118.81,51.94,57.43,4.91
27,json_r_comf_02,42,F,166.2,62.23,22.53,105,1.05,54.99,31.9,87.23,85.62,0.44,0.89,134.83,53.16,33.71,10.3
27,json_r_comf_03,42,F,166.2,62.23,22.53,109,1.09,53.37,49.67,44.09,62.24,0.49,0.98,122.45,7.17,28.02,12.26
27,json_r_comf_04,42,F,166.2,62.23,22.53,107,1.07,56.32,45.66,79.31,80.56,0.5,1.0,120.0,20.91,20.0,5.89
27,json_r_comf_05,42,F,166.2,62.23,22.53,107,1.07,56.43,50.86,82.28,91.25,0.45,0.91,131.87,10.37,59.34,3.56
27,json_r_comf_06,42,F,166.2,62.23,22.53,107,1.07,65.5,59.16,91.58,100.57,0.43,0.86,139.53,10.17,11.04,1.92
27,json_r_comf_07,42,F,166.2,62.23,22.53,107,1.07,55.92,53.49,47.3,74.08,0.47,0.94,127.66,4.45,29.79,3.61
27,json_r_comf_08,42,F,166.2,62.23,22.53,106,1.06,59.71,36.55,68.72,84.68,0.47,0.94,127.66,48.12,42.55,7.28
27,json_r_comf_09,42,F,166.2,62.23,22.53,106,1.06,57.57,38.37,75.71,79.61,0.5,1.0,120.0,40.03,28.0,5.54
27,json_r_comf_10,42,F,166.2,62.23,22.53,107,1.07,54.1,55.85,91.5,73.91,0.54,1.07,112.15,3.18,28.04,2.81
27,json_r_fast_01,42,F,166.2,62.23,22.53,103,1.03,58.6,30.55,43.25,66.55,0.41,0.82,146.34,62.91,24.39,7.03
27,json_r_fast_02,42,F,166.2,62.23,22.53,103,1.03,54.42,28.8,53.73,79.78,0.41,0.82,146.34,61.55,0.0,1.88
27,json_r_fast_03,42,F,166.2,62.23,22.53,102,1.02,55.53,51.68,57.75,83.51,0.45,0.9,133.33,7.19,35.56,2.89
27,json_r_fast_04,42,F,166.2,62.23,22.53,102,1.02,53.89,56.64,63.42,86.63,0.33,0.66,181.82,4.97,41.98,1.38
27,json_r_fast_05,42,F,166.2,62.23,22.53,103,1.03,58.99,67.04,68.37,90.53,0.44,0.87,137.93,12.78,20.0,0.98
27,json_r_fast_06,42,F,166.2,62.23,22.53,103,1.03,54.33,42.3,90.17,80.73,0.39,0.78,153.85,24.9,28.02,1.98
27,json_r_fast_07,42,F,166.2,62.23,22.53,104,1.04,59.56,55.98,85.05,78.58,0.48,0.95,126.32,6.2,31.58,1.02
27,json_r_fast_08,42,F,166.2,62.23,22.53,103,1.03,56.67,63.38,57.12,79.8,0.39,0.78,153.85,11.18,41.34,0.97
27,json_r_fast_09,42,F,166.2,62.23,22.53,105,1.05,54.55,56.23,51.35,77.36,0.53,1.06,113.21,3.03,28.02,1.88
27,json_r_fast_10,42,F,166.2,62.23,22.53,104,1.04,59.35,57.69,77.47,92.04,0.7,1.41,85.11,2.84,4.26,1.87
27,json_r_slow_01,42,F,166.2,62.23,22.53,103,1.03,52.6,56.27,63.62,78.69,0.62,1.24,96.77,6.74,41.63,1.82
27,json_r_slow_02,42,F,166.2,62.23,22.53,108,1.08,52.46,58.81,63.65,79.52,0.54,1.08,111.11,11.42,25.93,5.79
27,json_r_slow_03,42,F,166.2,62.23,22.53,107,1.07,54.19,57.85,72.53,88.58,0.45,0.9,133.33,6.53,30.3,2.99
27,json_r_slow_04,42,F,166.2,62.23,22.53,108,1.08,54.86,58.38,87.45,85.83,0.43,0.86,139.53,6.21,16.47,3.77
27,json_r_slow_05,42,F,166.2,62.23,22.53,108,1.08,55.81,54.17,75.79,83.6,0.38,0.76,157.89,2.98,28.02,2.9
27,json_r_slow_06,42,F,166.2,62.23,22.53,108,1.08,55.32,32.12,59.03,82.04,0.44,0.88,136.36,53.07,13.33,5.79
27,json_r_slow_07,42,F,166.2,62.23,22.53,106,1.06,55.48,57.49,64.08,82.09,0.66,1.31,91.6,3.56,29.01,1.92
27,json_r_slow_08,42,F,166.2,62.23,22.53,105,1.05,52.03,40.34,48.89,68.95,0.5,1.0,120.0,25.32,32.0,8.87
27,json_r_slow_09,42,F,166.2,62.23,22.53,106,1.06,55.66,59.63,83.9,88.33,0.46,0.92,130.43,6.88,0.0,1.95
27,json_r_slow_10,42,F,166.2,62.23,22.53,107,1.07,54.65,54.9,72.78,74.64,0.47,0.94,127.66,0.46,28.02,1.94
27,json_r_slow_11,42,F,166.2,62.23,22.53,105,1.05,53.22,57.24,62.77,74.58,0.55,1.09,110.09,7.28,5.5,1.9
26,json_l_comf_01,37,M,175.0,81.48,26.61,128,1.28,61.29,57.4,50.69,40.56,0.7,1.4,85.71,6.56,2.86,1.54
26,json_l_comf_02,37,M,175.0,81.48,26.61,129,1.29,60.23,58.25,49.2,40.29,0.66,1.33,90.23,3.35,7.52,0.8
26,json_l_comf_03,37,M,175.0,81.48,26.61,129,1.29,58.16,60.04,50.33,38.64,0.35,0.7,171.43,3.18,45.81,1.53
26,json_l_comf_04,37,M,175.0,81.48,26.61,127,1.27,56.83,60.47,49.14,40.04,0.31,0.62,193.55,6.2,57.31,0.83
26,json_l_comf_05,37,M,175.0,81.48,26.61,128,1.28,60.55,58.42,51.75,37.56,0.61,1.22,98.36,3.59,9.84,1.55
26,json_l_comf_06,37,M,175.0,81.48,26.61,129,1.29,59.88,59.4,52.83,45.22,0.6,1.19,100.84,0.8,11.76,1.55
26,json_l_comf_07,37,M,175.0,81.48,26.61,130,1.3,53.64,57.84,51.38,40.36,0.6,1.19,100.84,7.53,5.04,1.56
26,json_l_comf_08,37,M,175.0,81.48,26.61,128,1.28,56.27,59.32,57.11,39.38,0.31,0.62,193.55,5.29,63.69,0.84
26,json_l_comf_09,37,M,175.0,81.48,26.61,130,1.3,57.28,56.58,47.9,38.42,0.59,1.18,101.69,1.24,3.39,0.79
26,json_l_comf_10,37,M,175.0,81.48,26.61,131,1.31,56.89,59.79,48.59,35.49,0.62,1.25,96.0,4.98,20.8,0.8
26,json_l_fast_02,37,M,175.0,81.48,26.61,123,1.23,56.71,61.35,53.01,48.62,0.49,0.98,122.45,7.85,8.16,0.82
26,json_l_fast_03,37,M,175.0,81.48,26.61,119,1.19,57.68,58.74,56.85,52.33,0.56,1.13,106.19,1.82,15.93,0.81
26,json_l_fast_04,37,M,175.0,81.48,26.61,120,1.2,58.84,60.29,54.58,53.66,0.57,1.14,105.26,2.43,28.07,1.55
26,json_l_fast_05,37,M,175.0,81.48,26.61,120,1.2,58.53,60.06,49.86,64.13,0.55,1.11,108.11,2.58,30.63,0.82
26,json_l_fast_06,37,M,175.0,81.48,26.61,123,1.23,55.42,61.68,49.46,39.68,0.6,1.2,100.0,10.69,16.67,0.78
26,json_l_fast_07,37,M,175.0,81.48,26.61,126,1.26,57.26,56.11,52.22,34.52,0.58,1.16,103.45,2.03,6.9,0.83
26,json_l_fast_08,37,M,175.0,81.48,26.61,125,1.25,59.4,62.04,51.88,40.95,0.52,1.05,114.29,4.35,9.52,0.82
26,json_l_fast_09,37,M,175.0,81.48,26.61,125,1.25,55.95,59.45,52.56,47.59,0.53,1.06,113.21,6.08,0.0,0.84
26,json_l_fast_10,37,M,175.0,81.48,26.61,121,1.21,55.88,59.98,52.82,41.12,0.53,1.06,113.21,7.07,15.09,0.83
26,json_l_fast_11,37,M,175.0,81.48,26.61,123,1.23,56.73,60.18,53.24,47.99,0.59,1.18,101.69,5.9,27.12,0.91
26,json_l_slow_01,37,M,175.0,81.48,26.61,136,1.36,58.17,57.68,49.24,40.16,0.66,1.33,90.23,0.84,22.56,1.57
26,json_l_slow_02,37,M,175.0,81.48,26.61,134,1.34,57.3,57.36,47.68,41.48,0.66,1.33,90.23,0.12,31.58,0.81
26,json_l_slow_03,37,M,175.0,81.48,26.61,135,1.35,57.44,59.07,50.41,36.91,0.66,1.32,90.91,2.8,30.3,1.56
26,json_l_slow_04,37,M,175.0,81.48,26.61,134,1.34,55.97,57.64,48.62,41.26,0.68,1.36,88.24,2.93,41.18,1.58
26,json_l_slow_05,37,M,175.0,81.48,26.61,134,1.34,59.28,57.85,47.82,37.28,0.6,1.2,100.0,2.45,10.0,1.6
26,json_l_slow_06,37,M,175.0,81.48,26.61,135,1.35,58.32,58.88,49.94,43.54,0.66,1.31,91.6,0.95,29.01,0.86
26,json_l_slow_07,37,M,175.0,81.48,26.61,133,1.33,57.73,59.12,49.19,36.56,0.62,1.24,96.77,2.38,35.48,0.85
26,json_l_slow_08,37,M,175.0,81.48,26.61,133,1.33,58.13,55.6,46.27,44.03,0.68,1.36,88.24,4.45,35.29,0.81
26,json_l_slow_09,37,M,175.0,81.48,26.61,136,1.36,54.21,57.47,50.85,43.39,0.6,1.2,100.0,5.83,16.67,0.84
26,json_l_slow_10,37,M,175.0,81.48,26.61,134,1.34,55.9,54.65,48.43,40.96,0.64,1.29,93.02,2.27,29.46,1.59
26,json_r_comf_01,37,M,175.0,81.48,26.61,131,1.31,54.98,59.16,66.97,69.55,0.43,0.86,139.53,7.32,55.81,2.38
26,json_r_comf_02,37,M,175.0,81.48,26.61,128,1.28,57.42,58.98,53.87,70.2,0.49,0.98,122.45,2.68,60.87,2.47
26,json_r_comf_03,37,M,175.0,81.48,26.61,125,1.25,53.63,60.0,58.72,86.41,0.66,1.32,90.91,11.21,28.07,1.67
26,json_r_comf_04,37,M,175.0,81.48,26.61,125,1.25,52.11,58.58,69.05,61.73,0.62,1.24,96.77,11.69,32.26,4.11
26,json_r_comf_05,37,M,175.0,81.48,26.61,130,1.3,49.38,55.86,69.01,60.91,0.52,1.04,115.38,12.31,38.14,4.01
26,json_r_comf_06,37,M,175.0,81.48,26.61,126,1.26,55.96,58.38,69.07,68.77,0.61,1.22,98.36,4.24,28.07,1.69
26,json_r_comf_07,37,M,175.0,81.48,26.61,129,1.29,56.67,60.67,50.17,52.67,0.76,1.52,78.95,6.83,7.89,2.47
26,json_r_comf_08,37,M,175.0,81.48,26.61,125,1.25,52.63,61.15,85.97,82.66,0.65,1.3,92.31,14.97,28.07,1.57
26,json_r_comf_09,37,M,175.0,81.48,26.61,130,1.3,52.2,57.1,65.25,59.99,0.68,1.35,88.89,8.97,28.15,2.62
26,json_r_comf_10,37,M,175.0,81.48,26.61,130,1.3,54.18,55.82,44.74,50.79,0.68,1.36,88.24,2.98,28.07,2.42
26,json_r_fast_01,37,M,175.0,81.48,26.61,120,1.2,51.9,53.08,71.34,77.1,0.5,1.0,120.0,2.25,36.73,2.41
26,json_r_fast_02,37,M,175.0,81.48,26.61,119,1.19,52.67,55.9,75.34,58.35,0.68,1.36,88.24,5.95,28.07,2.37
26,json_r_fast_03,37,M,175.0,81.48,26.61,123,1.23,53.84,58.51,70.36,61.6,0.42,0.83,144.58,8.31,28.07,2.56
26,json_r_fast_04,37,M,175.0,81.48,26.61,122,1.22,55.26,54.11,63.16,65.19,0.59,1.18,101.69,2.11,33.18,4.08
26,json_r_fast_05,37,M,175.0,81.48,26.61,123,1.23,57.41,57.6,69.74,61.51,0.44,0.87,137.93,0.33,28.07,3.19
26,json_r_fast_06,37,M,175.0,81.48,26.61,121,1.21,55.58,53.91,53.96,49.49,0.45,0.9,133.33,3.06,28.07,2.55
26,json_r_fast_07,37,M,175.0,81.48,26.61,125,1.25,53.05,59.06,59.27,66.8,0.49,0.98,122.45,10.73,28.07,2.46
26,json_r_fast_08,37,M,175.0,81.48,26.61,123,1.23,52.12,50.54,61.02,41.74,0.66,1.33,90.23,3.06,4.51,4.01
26,json_r_fast_09,37,M,175.0,81.48,26.61,123,1.23,53.04,54.4,65.6,59.61,0.6,1.2,100.0,2.52,28.07,3.38
26,json_r_fast_10,37,M,175.0,81.48,26.61,125,1.25,56.26,57.24,61.83,60.23,0.41,0.82,146.34,1.73,28.07,3.27
26,json_r_slow_01,37,M,175.0,81.48,26.61,144,1.44,53.78,52.03,42.7,46.64,0.77,1.54,77.92,3.31,28.07,3.43
26,json_r_slow_02,37,M,175.0,81.48,26.61,137,1.37,54.76,52.55,39.46,46.81,0.71,1.42,84.51,4.13,28.07,4.19
26,json_r_slow_03,37,M,175.0,81.48,26.61,134,1.34,53.8,56.05,54.33,52.69,0.68,1.36,88.24,4.1,28.07,3.23
26,json_r_slow_04,37,M,175.0,81.48,26.61,134,1.34,52.12,58.18,45.32,49.89,0.57,1.14,105.26,11.0,61.6,4.01
26,json_r_slow_05,37,M,175.0,81.48,26.61,145,1.45,51.24,53.9,36.19,41.6,0.79,1.58,75.95,5.05,28.07,3.39
26,json_r_slow_06,37,M,175.0,81.48,26.61,141,1.41,51.17,55.55,43.59,48.6,0.79,1.58,75.95,8.2,28.07,3.44
26,json_r_slow_07,37,M,175.0,81.48,26.61,139,1.39,51.59,56.46,46.22,55.98,0.46,0.92,130.43,9.01,28.07,4.07
26,json_r_slow_08,37,M,175.0,81.48,26.61,136,1.36,51.52,56.37,50.05,56.55,0.52,1.04,115.38,8.99,28.07,2.62
26,json_r_slow_09,37,M,175.0,81.48,26.61,142,1.42,50.69,58.22,41.73,50.61,0.78,1.56,76.92,13.82,28.07,4.04
26,json_r_slow_10,37,M,175.0,81.48,26.61,136,1.36,52.76,54.71,51.42,56.71,0.74,1.48,81.08,3.63,48.65,3.98
25,json_l_comf_01,30,M,178.0,80.19,25.31,117,1.17,55.41,58.15,45.27,79.76,0.55,1.11,108.11,4.82,12.61,1.55
25,json_l_comf_02,30,M,178.0,80.19,25.31,116,1.16,57.52,56.21,59.95,89.69,0.56,1.13,106.19,2.31,15.93,0.83
25,json_l_comf_03,30,M,178.0,80.19,25.31,117,1.17,55.53,56.22,55.49,90.56,0.55,1.1,109.09,1.22,7.27,0.86
25,json_l_comf_04,30,M,178.0,80.19,25.31,117,1.17,56.43,57.08,63.83,83.97,0.6,1.21,99.17,1.15,8.26,0.83
25,json_l_comf_05,30,M,178.0,80.19,25.31,118,1.18,55.61,56.3,47.51,88.59,0.56,1.12,107.14,1.23,3.57,0.87
25,json_l_comf_06,30,M,178.0,80.19,25.31,116,1.16,55.53,54.53,46.13,87.09,0.56,1.12,107.14,1.82,7.14,0.83
25,json_l_comf_07,30,M,178.0,80.19,25.31,118,1.18,56.51,57.43,46.16,81.15,0.54,1.09,110.09,1.61,9.17,0.84
25,json_l_comf_08,30,M,178.0,80.19,25.31,114,1.14,58.42,56.32,50.27,87.49,0.56,1.13,106.19,3.66,5.31,1.56
25,json_l_comf_09,30,M,178.0,80.19,25.31,117,1.17,56.2,57.57,46.62,77.63,0.56,1.11,108.11,2.41,1.8,0.83
25,json_l_comf_10,30,M,178.0,80.19,25.31,117,1.17,55.41,58.57,36.49,89.15,0.54,1.07,112.15,5.56,5.61,0.85
25,json_l_comf_11,30,M,178.0,80.19,25.31,117,1.17,54.65,57.48,52.69,89.66,0.56,1.13,106.19,5.05,1.77,0.85
25,json_l_fast_01,30,M,178.0,80.19,25.31,117,1.17,59.26,57.09,50.08,73.68,0.56,1.12,107.14,3.73,7.14,1.61
25,json_l_fast_02,30,M,178.0,80.19,25.31,116,1.16,57.16,57.37,54.47,78.49,0.5,0.99,121.21,0.36,26.26,1.62
25,json_l_fast_03,30,M,178.0,80.19,25.31,115,1.15,57.64,58.53,55.7,82.55,0.55,1.1,109.09,1.52,3.64,1.59
25,json_l_fast_04,30,M,178.0,80.19,25.31,117,1.17,57.58,58.05,45.44,85.19,0.56,1.12,107.14,0.82,3.57,0.87
25,json_l_fast_05,30,M,178.0,80.19,25.31,116,1.16,57.84,59.8,52.77,81.36,0.54,1.08,111.11,3.33,0.0,1.24
25,json_l_fast_06,30,M,178.0,80.19,25.31,115,1.15,58.82,55.64,50.9,66.76,0.55,1.1,109.09,5.56,3.64,1.49
25,json_l_fast_07,30,M,178.0,80.19,25.31,113,1.13,58.95,55.91,51.02,57.14,0.54,1.08,111.11,5.3,3.7,1.65
25,json_l_fast_08,30,M,178.0,80.19,25.31,115,1.15,59.27,58.9,60.15,66.1,0.55,1.11,108.11,0.64,5.41,1.56
25,json_l_fast_09,30,M,178.0,80.19,25.31,115,1.15,57.75,54.8,54.0,72.28,0.54,1.08,111.11,5.25,0.0,1.58
25,json_l_fast_10,30,M,178.0,80.19,25.31,117,1.17,56.77,57.62,53.6,87.62,0.56,1.12,107.14,1.49,7.14,0.86
25,json_l_slow_01,30,M,178.0,80.19,25.31,121,1.21,51.67,50.13,46.66,65.75,0.61,1.22,98.36,3.02,13.11,2.39
25,json_l_slow_02,30,M,178.0,80.19,25.31,133,1.33,53.64,58.97,49.7,85.01,0.56,1.13,106.19,9.46,8.93,1.59
25,json_l_slow_03,30,M,178.0,80.19,25.31,122,1.22,53.01,59.35,50.59,80.38,0.6,1.21,99.17,11.29,8.26,0.86
25,json_l_slow_04,30,M,178.0,80.19,25.31,124,1.24,52.87,57.92,42.74,72.3,0.62,1.24,96.77,9.12,9.68,0.83
25,json_l_slow_05,30,M,178.0,80.19,25.31,125,1.25,49.6,51.93,38.81,60.35,0.59,1.18,101.69,4.59,10.17,0.89
25,json_l_slow_06,30,M,178.0,80.19,25.31,127,1.27,55.97,53.31,40.14,68.61,0.58,1.17,102.56,4.86,25.64,1.76
25,json_l_slow_07,30,M,178.0,80.19,25.31,122,1.22,55.32,58.9,57.08,83.4,0.6,1.2,100.0,6.27,0.0,0.87
25,json_l_slow_08,30,M,178.0,80.19,25.31,122,1.22,54.38,55.87,51.29,78.24,0.63,1.26,95.24,2.7,9.52,0.85
25,json_l_slow_09,30,M,178.0,80.19,25.31,153,1.53,55.35,51.07,51.16,75.63,0.5,1.01,118.81,8.04,45.54,0.86
25,json_l_slow_10,30,M,178.0,80.19,25.31,128,1.28,52.56,56.37,43.44,83.32,0.56,1.13,106.19,6.99,8.93,1.59
25,json_l_slow_11,30,M,178.0,80.19,25.31,123,1.23,52.62,60.66,47.99,68.36,0.62,1.25,96.0,14.21,8.0,0.84
25,json_l_slow_12,30,M,178.0,80.19,25.31,122,1.22,54.41,60.62,44.07,58.14,0.56,1.13,106.19,10.79,1.77,0.87
25,json_l_slow_13,30,M,178.0,80.19,25.31,124,1.24,51.48,61.04,41.25,70.23,0.61,1.22,98.36,17.01,13.11,0.84
25,json_l_slow_14,30,M,178.0,80.19,25.31,123,1.23,52.63,59.52,41.68,77.69,0.61,1.22,98.36,12.29,3.28,0.84
25,json_l_slow_15,30,M,178.0,80.19,25.31,123,1.23,56.01,61.37,65.44,77.46,0.6,1.2,100.0,9.14,6.67,0.84
25,json_r_comf_01,30,M,178.0,80.19,25.31,113,1.13,55.5,55.8,51.22,55.56,0.54,1.08,111.11,0.55,40.74,3.38
25,json_r_comf_02,30,M,178.0,80.19,25.31,117,1.17,55.83,55.55,86.65,62.97,0.62,1.24,96.77,0.49,9.68,3.27
25,json_r_comf_03,30,M,178.0,80.19,25.31,118,1.18,54.32,54.19,94.56,70.34,0.59,1.18,101.69,0.24,23.73,3.37
25,json_r_comf_04,30,M,178.0,80.19,25.31,117,1.17,55.41,52.38,36.8,43.6,0.51,1.02,117.65,5.63,7.84,3.62
25,json_r_comf_05,30,M,178.0,80.19,25.31,117,1.17,55.83,57.05,91.49,66.69,0.56,1.13,106.19,2.17,15.93,3.38
25,json_r_comf_06,30,M,178.0,80.19,25.31,87,0.87,44.23,60.43,55.13,52.34,0.34,0.69,173.91,30.96,14.49,4.12
25,json_r_comf_07,30,M,178.0,80.19,25.31,116,1.16,56.26,58.59,87.55,53.51,0.57,1.14,105.26,4.06,21.05,4.11
25,json_r_comf_08,30,M,178.0,80.19,25.31,118,1.18,56.07,56.35,98.46,63.71,0.55,1.11,108.11,0.49,27.03,3.75
25,json_r_comf_09,30,M,178.0,80.19,25.31,117,1.17,57.99,55.5,96.19,78.09,0.58,1.16,103.45,4.4,10.34,4.2
25,json_r_comf_10,30,M,178.0,80.19,25.31,117,1.17,57.83,47.97,85.29,57.65,0.66,1.31,91.6,18.63,7.63,3.2
25,json_r_comf_11,30,M,178.0,80.19,25.31,119,1.19,57.65,54.76,83.47,97.28,0.64,1.28,93.75,5.13,6.25,3.39
25,json_r_comf_12,30,M,178.0,80.19,25.31,116,1.16,54.08,55.53,85.8,93.69,0.54,1.09,110.09,2.64,23.85,3.99
25,json_r_comf_13,30,M,178.0,80.19,25.31,115,1.15,55.14,53.32,77.44,87.98,0.57,1.15,104.35,3.37,8.7,3.99
25,json_r_comf_14,30,M,178.0,80.19,25.31,116,1.16,55.95,54.87,85.03,73.95,0.54,1.09,110.09,1.95,20.18,3.4
25,json_r_fast_01,30,M,178.0,80.19,25.31,112,1.12,54.14,58.85,88.31,67.18,0.54,1.09,110.09,8.35,23.85,5.22
25,json_r_fast_02,30,M,178.0,80.19,25.31,115,1.15,56.96,58.23,90.38,64.77,0.56,1.13,106.19,2.21,19.47,5.9
25,json_r_fast_03,30,M,178.0,80.19,25.31,114,1.14,57.46,55.87,103.45,88.38,0.52,1.04,115.38,2.8,38.46,5.18
25,json_r_fast_04,30,M,178.0,80.19,25.31,113,1.13,57.46,57.35,92.75,59.63,0.53,1.07,112.15,0.19,13.08,5.3
25,json_r_fast_05,30,M,178.0,80.19,25.31,113,1.13,58.1,55.19,73.55,70.11,0.52,1.05,114.29,5.14,32.38,5.96
25,json_r_fast_06,30,M,178.0,80.19,25.31,113,1.13,57.57,58.34,99.07,74.77,0.5,0.99,121.21,1.32,38.38,5.58
25,json_r_fast_07,30,M,178.0,80.19,25.31,114,1.14,56.31,56.22,76.64,79.24,0.58,1.17,102.56,0.15,11.97,6.23
25,json_r_fast_08,30,M,178.0,80.19,25.31,114,1.14,55.9,55.89,100.29,67.15,0.52,1.05,114.29,0.03,36.19,5.93
25,json_r_fast_09,30,M,178.0,80.19,25.31,114,1.14,55.72,55.23,100.79,73.66,0.52,1.05,114.29,0.89,17.14,5.67
25,json_r_fast_10,30,M,178.0,80.19,25.31,115,1.15,57.1,55.66,90.64,70.11,0.54,1.08,111.11,2.56,25.93,5.9
25,json_r_slow_01,30,M,178.0,80.19,25.31,127,1.27,51.65,49.55,93.44,68.8,0.72,1.44,83.33,4.14,8.93,3.38
25,json_r_slow_02,30,M,178.0,80.19,25.31,146,1.46,49.89,53.5,47.79,50.32,0.56,1.13,106.19,6.99,8.93,2.87
25,json_r_slow_03,30,M,178.0,80.19,25.31,128,1.28,52.7,48.81,78.61,48.81,0.64,1.28,93.75,7.66,8.93,3.31
25,json_r_slow_04,30,M,178.0,80.19,25.31,139,1.39,51.82,50.28,63.59,37.43,0.56,1.13,106.19,3.03,8.93,4.03
25,json_r_slow_05,30,M,178.0,80.19,25.31,126,1.26,54.9,51.16,96.93,87.94,0.71,1.42,84.51,7.04,5.63,3.38
25,json_r_slow_06,30,M,178.0,80.19,25.31,124,1.24,52.04,50.01,64.21,39.3,0.53,1.06,113.21,3.99,37.74,4.2
25,json_r_slow_07,30,M,178.0,80.19,25.31,138,1.38,50.63,49.31,86.99,39.17,0.67,1.34,89.55,2.64,8.93,4.27
25,json_r_slow_08,30,M,178.0,80.19,25.31,124,1.24,53.22,51.61,87.7,60.89,0.71,1.42,84.51,3.08,8.93,4.99
25,json_r_slow_09,30,M,178.0,80.19,25.31,166,1.66,53.69,55.96,83.17,66.35,0.42,0.84,142.86,4.14,8.93,6.6
25,json_r_slow_10,30,M,178.0,80.19,25.31,120,1.2,55.83,54.74,63.78,61.95,0.66,1.31,91.6,1.97,19.85,3.44
25,json_r_slow_11,30,M,178.0,80.19,25.31,123,1.23,54.01,52.76,79.61,55.22,0.66,1.33,90.23,2.34,1.5,3.48
25,json_r_slow_12,30,M,178.0,80.19,25.31,123,1.23,53.44,51.35,79.15,51.18,0.69,1.38,86.96,3.98,5.8,3.5
25,json_r_slow_13,30,M,178.0,80.19,25.31,121,1.21,54.78,54.98,80.0,60.22,0.62,1.23,97.56,0.37,8.13,3.55
25,json_r_slow_14,30,M,178.0,80.19,25.31,124,1.24,53.6,54.6,81.84,51.47,0.69,1.38,86.96,1.84,8.93,4.25
25,json_r_slow_15,30,M,178.0,80.19,25.31,125,1.25,51.79,50.79,42.66,40.98,0.52,1.04,115.38,1.95,5.94,4.08
25,json_r_slow_16,30,M,178.0,80.19,25.31,136,1.36,53.96,53.81,80.63,38.07,0.56,1.13,106.19,0.28,8.93,4.21
25,json_r_slow_17,30,M,178.0,80.19,25.31,124,1.24,55.27,53.6,89.27,56.34,0.72,1.45,82.76,3.05,1.38,2.65
24,json_l_comf_01,27,M,173.5,84.5,28.07,113,1.13,50.57,51.63,55.12,63.07,0.64,1.27,94.49,2.07,1.57,15.26
24,json_l_comf_02,27,M,173.5,84.5,28.07,113,1.13,57.39,38.87,69.03,52.97,0.38,0.76,157.89,38.47,64.15,13.63
24,json_l_comf_03,27,M,173.5,84.5,28.07,114,1.14,60.25,41.64,65.76,58.71,0.38,0.76,157.89,36.53,1.31,13.67
24,json_l_comf_04,27,M,173.5,84.5,28.07,113,1.13,60.6,47.2,70.67,69.96,0.54,1.08,111.11,24.85,14.81,10.52
24,json_l_comf_05,27,M,173.5,84.5,28.07,114,1.14,58.68,45.27,59.39,55.62,0.47,0.94,127.66,25.8,21.4,13.67
24,json_l_comf_06,27,M,173.5,84.5,28.07,116,1.16,62.19,52.77,82.63,71.96,0.36,0.72,166.67,16.38,11.76,2.56
24,json_l_comf_07,27,M,173.5,84.5,28.07,116,1.16,64.25,48.16,78.77,76.02,0.36,0.71,169.01,28.64,72.0,2.3
24,json_l_comf_08,27,M,173.5,84.5,28.07,115,1.15,58.3,39.97,74.79,74.49,0.44,0.88,136.36,37.31,13.17,12.38
24,json_l_comf_09,27,M,173.5,84.5,28.07,115,1.15,59.06,45.07,82.47,68.82,0.33,0.67,179.1,26.87,21.62,3.24
24,json_l_comf_10,27,M,173.5,84.5,28.07,115,1.15,64.62,46.39,80.37,66.51,0.33,0.66,181.82,32.85,17.93,10.65
24,json_l_fast_01,27,M,173.5,84.5,28.07,105,1.05,69.91,65.18,88.93,83.14,0.6,1.19,100.84,7.0,1.68,1.59
24,json_l_fast_02,27,M,173.5,84.5,28.07,106,1.06,60.95,66.81,79.28,90.83,0.53,1.06,113.21,9.18,18.87,1.62
24,json_l_fast_03,27,M,173.5,84.5,28.07,107,1.07,56.05,60.34,76.12,84.57,0.54,1.07,112.15,7.38,31.78,1.6
24,json_l_fast_04,27,M,173.5,84.5,28.07,105,1.05,50.64,58.19,69.58,86.36,0.41,0.82,146.34,13.88,7.06,2.37
24,json_l_fast_05,27,M,173.5,84.5,28.07,108,1.08,60.25,72.44,80.56,72.11,0.46,0.92,130.43,18.37,39.29,0.85
24,json_l_fast_06,27,M,173.5,84.5,28.07,103,1.03,73.82,83.01,93.95,73.76,0.41,0.82,146.34,11.72,1.21,3.22
24,json_l_fast_07,27,M,173.5,84.5,28.07,103,1.03,64.17,70.94,86.8,67.15,0.45,0.9,133.33,10.02,50.91,1.57
24,json_l_fast_08,27,M,173.5,84.5,28.07,104,1.04,58.79,59.43,67.39,78.09,0.56,1.13,106.19,1.08,33.63,3.62
24,json_l_fast_09,27,M,173.5,84.5,28.07,106,1.06,71.37,65.32,73.07,91.63,0.39,0.78,153.85,8.85,35.9,5.24
24,json_l_fast_10,27,M,173.5,84.5,28.07,105,1.05,73.39,69.4,89.62,90.24,0.39,0.78,153.85,5.59,48.42,4.88
24,json_l_slow_01,27,M,173.5,84.5,28.07,120,1.2,64.7,57.07,53.82,59.83,0.49,0.98,122.45,12.54,36.27,2.43
24,json_l_slow_02,27,M,173.5,84.5,28.07,121,1.21,58.74,59.08,78.9,78.04,0.33,0.66,181.82,0.57,7.52,2.43
24,json_l_slow_03,27,M,173.5,84.5,28.07,121,1.21,63.54,53.35,66.88,79.76,0.48,0.96,125.0,17.43,30.93,2.48
24,json_l_slow_04,27,M,173.5,84.5,28.07,124,1.24,63.66,60.37,76.91,63.72,0.53,1.06,113.21,5.3,3.77,2.42
24,json_l_slow_05,27,M,173.5,84.5,28.07,122,1.22,59.59,58.57,86.59,62.54,0.54,1.09,110.09,1.72,16.51,1.64
24,json_l_slow_06,27,M,173.5,84.5,28.07,125,1.25,60.13,58.53,61.72,53.11,0.51,1.02,117.65,2.7,40.0,2.41
24,json_l_slow_07,27,M,173.5,84.5,28.07,121,1.21,63.75,61.23,80.73,61.68,0.42,0.84,142.86,4.04,1.2,1.69
24,json_l_slow_08,27,M,173.5,84.5,28.07,124,1.24,60.94,58.83,62.61,55.85,0.55,1.1,109.09,3.53,3.64,1.67
24,json_l_slow_09,27,M,173.5,84.5,28.07,121,1.21,62.62,59.28,63.95,45.4,0.47,0.94,127.66,5.48,17.02,1.52
24,json_l_slow_10,27,M,173.5,84.5,28.07,120,1.2,62.63,59.41,84.23,67.86,0.39,0.78,153.85,5.28,21.18,1.62
24,json_r_comf_01,27,M,173.5,84.5,28.07,117,1.17,87.53,52.13,86.41,92.55,0.32,0.65,184.62,50.7,21.4,12.36
24,json_r_comf_02,27,M,173.5,84.5,28.07,116,1.16,57.89,55.47,96.12,87.8,0.64,1.28,93.75,4.26,21.4,4.13
24,json_r_comf_03,27,M,173.5,84.5,28.07,114,1.14,57.61,53.52,101.51,93.45,0.6,1.2,100.0,7.35,16.67,1.75
24,json_r_comf_04,27,M,173.5,84.5,28.07,114,1.14,58.31,53.84,88.46,68.95,0.38,0.76,157.89,7.97,38.2,3.65
24,json_r_comf_05,27,M,173.5,84.5,28.07,116,1.16,55.53,54.31,83.03,79.66,0.46,0.93,129.05,2.23,21.4,2.54
24,json_r_comf_06,27,M,173.5,84.5,28.07,113,1.13,60.19,56.27,86.72,75.56,0.46,0.93,129.05,6.73,21.4,3.25
24,json_r_comf_07,27,M,173.5,84.5,28.07,115,1.15,58.69,57.18,92.64,76.04,0.48,0.97,123.71,2.61,21.4,3.45
24,json_r_comf_08,27,M,173.5,84.5,28.07,114,1.14,55.38,54.2,78.45,80.84,0.59,1.18,101.69,2.16,6.78,4.48
24,json_r_comf_09,27,M,173.5,84.5,28.07,115,1.15,57.8,47.88,87.07,84.24,0.53,1.06,113.21,18.77,22.64,3.27
24,json_r_comf_10,27,M,173.5,84.5,28.07,114,1.14,52.91,54.9,80.17,91.21,0.45,0.9,133.33,3.7,35.53,3.51
24,json_r_fast_01,27,M,173.5,84.5,28.07,105,1.05,58.32,59.38,101.25,79.83,0.42,0.84,142.86,1.81,30.46,1.62
24,json_r_fast_02,27,M,173.5,84.5,28.07,107,1.07,57.88,62.28,92.32,91.04,0.33,0.66,181.82,7.32,21.4,3.41
24,json_r_fast_03,27,M,173.5,84.5,28.07,105,1.05,54.59,60.51,92.3,82.98,0.37,0.74,162.16,10.29,48.42,3.41
24,json_r_fast_04,27,M,173.5,84.5,28.07,106,1.06,59.45,62.06,86.79,92.32,0.45,0.9,133.33,4.29,1.1,1.76
24,json_r_fast_05,27,M,173.5,84.5,28.07,103,1.03,60.53,60.41,93.05,91.46,0.48,0.96,125.0,0.2,15.73,1.68
24,json_r_fast_06,27,M,173.5,84.5,28.07,104,1.04,57.57,60.17,93.03,91.68,0.42,0.84,142.86,4.41,1.18,1.75
24,json_r_fast_07,27,M,173.5,84.5,28.07,104,1.04,60.99,59.37,98.26,79.96,0.39,0.78,153.85,2.7,15.38,0.89
24,json_r_fast_08,27,M,173.5,84.5,28.07,105,1.05,59.8,61.61,83.68,94.1,0.55,1.1,109.09,2.98,25.45,0.9
24,json_r_fast_09,27,M,173.5,84.5,28.07,104,1.04,60.09,58.09,103.24,91.74,0.55,1.1,109.09,3.38,32.73,0.87
24,json_r_fast_10,27,M,173.5,84.5,28.07,105,1.05,56.58,59.17,98.13,79.39,0.38,0.76,157.89,4.48,37.21,1.75
24,json_r_slow_01,27,M,173.5,84.5,28.07,119,1.19,60.64,50.72,90.34,91.84,0.74,1.48,81.08,17.81,30.35,3.41
24,json_r_slow_02,27,M,173.5,84.5,28.07,123,1.23,62.65,56.96,94.37,78.08,0.37,0.74,162.16,9.51,66.67,2.41
24,json_r_slow_03,27,M,173.5,84.5,28.07,122,1.22,61.88,54.09,93.6,88.8,0.38,0.75,160.0,13.44,50.51,2.51
24,json_r_slow_04,27,M,173.5,84.5,28.07,123,1.23,61.28,60.14,93.5,86.0,0.55,1.1,109.09,1.89,21.4,1.66
24,json_r_slow_05,27,M,173.5,84.5,28.07,122,1.22,61.45,57.83,95.9,85.11,0.59,1.18,101.69,6.06,21.4,1.71
24,json_r_slow_06,27,M,173.5,84.5,28.07,123,1.23,65.23,56.36,94.56,85.71,0.57,1.14,105.26,14.58,21.4,1.79
24,json_r_slow_07,27,M,173.5,84.5,28.07,124,1.24,64.33,61.54,87.13,81.23,0.48,0.97,123.71,4.44,51.55,3.22
24,json_r_slow_08,27,M,173.5,84.5,28.07,121,1.21,60.91,59.67,84.46,76.7,0.56,1.12,107.14,2.05,10.71,2.62
24,json_r_slow_09,27,M,173.5,84.5,28.07,121,1.21,65.19,60.19,89.67,96.43,0.37,0.74,162.16,7.97,36.59,3.19
24,json_r_slow_10,27,M,173.5,84.5,28.07,120,1.2,61.83,54.99,87.24,74.43,0.57,1.15,104.35,11.72,5.22,2.42
23,json_l_comf_01,25,F,172.5,76.07,25.56,118,1.18,91.68,76.38,80.03,69.01,0.48,0.96,125.0,18.2,20.0,15.65
23,json_l_comf_02,25,F,172.5,76.07,25.56,119,1.19,97.48,98.23,109.02,82.87,0.4,0.8,150.0,0.77,12.87,3.64
23,json_l_comf_03,25,F,172.5,76.07,25.56,123,1.23,93.16,88.1,122.94,119.04,0.31,0.62,193.55,5.58,20.0,7.09
23,json_l_comf_04,25,F,172.5,76.07,25.56,122,1.22,93.34,91.93,92.65,111.4,0.38,0.76,157.89,1.52,42.11,15.31
23,json_l_comf_05,25,F,172.5,76.07,25.56,123,1.23,92.5,91.86,110.15,115.52,0.37,0.74,162.16,0.7,14.01,13.56
23,json_l_comf_06,25,F,172.5,76.07,25.56,122,1.22,92.27,84.57,110.4,104.31,0.48,0.96,125.0,8.72,20.0,15.8
23,json_l_comf_07,25,F,172.5,76.07,25.56,124,1.24,90.63,86.08,85.62,78.3,0.42,0.84,142.86,5.15,20.0,15.86
23,json_l_comf_08,25,F,172.5,76.07,25.56,120,1.2,87.36,81.31,84.93,75.86,0.69,1.38,86.96,7.17,20.0,15.82
23,json_l_comf_09,25,F,172.5,76.07,25.56,122,1.22,88.67,81.52,84.0,75.08,0.48,0.96,125.0,8.4,20.0,15.82
23,json_l_comf_10,25,F,172.5,76.07,25.56,122,1.22,87.93,78.27,93.3,76.78,0.48,0.96,125.0,11.63,20.0,15.79
23,json_l_fast_01,25,F,172.5,76.07,25.56,115,1.15,107.0,103.08,77.07,114.75,0.5,0.99,121.21,3.73,22.22,16.17
23,json_l_fast_02,25,F,172.5,76.07,25.56,118,1.18,103.73,103.0,86.48,121.97,0.39,0.78,153.85,0.7,1.29,19.52
23,json_l_fast_03,25,F,172.5,76.07,25.56,117,1.17,96.25,103.48,84.8,99.18,0.58,1.16,103.45,7.24,20.0,20.62
23,json_l_fast_04,25,F,172.5,76.07,25.56,119,1.19,101.41,100.19,94.83,105.77,0.7,1.4,85.71,1.2,25.71,19.52
23,json_l_fast_05,25,F,172.5,76.07,25.56,121,1.21,101.03,94.5,120.67,150.39,0.48,0.96,125.0,6.67,13.33,7.74
23,json_l_fast_06,25,F,172.5,76.07,25.56,120,1.2,98.86,99.63,93.01,120.48,0.38,0.76,157.89,0.78,37.97,16.2
23,json_l_fast_07,25,F,172.5,76.07,25.56,105,1.05,111.28,94.61,85.89,123.23,0.55,1.1,109.09,16.19,32.73,14.45
23,json_l_fast_08,25,F,172.5,76.07,25.56,118,1.18,74.48,106.62,92.05,116.17,0.7,1.41,85.11,35.49,9.93,12.29
23,json_l_fast_09,25,F,172.5,76.07,25.56,118,1.18,82.54,102.23,98.96,107.17,0.58,1.16,103.45,21.31,55.74,14.04
23,json_l_fast_10,25,F,172.5,76.07,25.56,116,1.16,114.12,114.32,81.18,101.92,0.42,0.83,144.58,0.17,5.85,14.04
23,json_l_fast_11,25,F,172.5,76.07,25.56,115,1.15,115.85,113.05,116.78,106.88,0.57,1.14,105.26,2.45,29.13,7.12
23,json_l_slow_01,25,F,172.5,76.07,25.56,128,1.28,96.51,96.82,97.8,138.88,0.43,0.86,139.53,0.32,20.0,7.37
23,json_l_slow_02,25,F,172.5,76.07,25.56,131,1.31,88.21,83.61,107.14,112.18,0.32,0.64,187.5,5.36,20.0,12.34
23,json_l_slow_03,25,F,172.5,76.07,25.56,127,1.27,88.54,78.51,88.22,91.49,0.8,1.6,75.0,12.0,22.5,15.23
23,json_l_slow_04,25,F,172.5,76.07,25.56,127,1.27,88.36,78.0,96.42,90.57,0.34,0.68,176.47,12.46,20.0,15.25
23,json_l_slow_05,25,F,172.5,76.07,25.56,127,1.27,88.97,79.28,100.65,99.09,0.35,0.7,171.43,11.51,38.96,15.6
23,json_l_slow_06,25,F,172.5,76.07,25.56,128,1.28,87.76,81.61,97.56,118.34,0.36,0.72,166.67,7.26,52.85,13.77
23,json_l_slow_07,25,F,172.5,76.07,25.56,130,1.3,86.25,81.23,94.91,86.75,0.48,0.96,125.0,6.0,20.0,14.02
23,json_l_slow_08,25,F,172.5,76.07,25.56,127,1.27,89.32,83.55,97.13,116.22,0.34,0.69,173.91,6.68,28.21,8.37
23,json_l_slow_09,25,F,172.5,76.07,25.56,127,1.27,88.94,82.01,95.16,92.31,0.35,0.7,171.43,8.11,1.44,14.08
23,json_l_slow_10,25,F,172.5,76.07,25.56,127,1.27,88.4,81.97,84.53,87.17,0.33,0.67,179.1,7.54,20.0,15.76
23,json_r_comf_01,25,F,172.5,76.07,25.56,118,1.18,57.67,53.66,77.46,74.06,0.38,0.76,157.89,7.21,20.0,5.72
23,json_r_comf_02,25,F,172.5,76.07,25.56,118,1.18,74.88,69.18,91.08,88.98,0.59,1.18,101.69,7.92,10.17,6.34
23,json_r_comf_03,25,F,172.5,76.07,25.56,119,1.19,69.38,65.43,91.03,93.44,0.76,1.52,78.95,5.86,5.26,6.17
23,json_r_comf_04,25,F,172.5,76.07,25.56,119,1.19,75.47,67.52,87.3,104.48,0.36,0.72,166.67,11.12,14.19,5.83
23,json_r_comf_05,25,F,172.5,76.07,25.56,120,1.2,75.16,71.13,91.54,110.77,0.66,1.31,91.6,5.51,38.17,4.43
23,json_r_comf_06,25,F,172.5,76.07,25.56,119,1.19,76.88,73.43,86.75,93.57,0.56,1.13,106.19,4.59,19.47,4.75
23,json_r_comf_07,25,F,172.5,76.07,25.56,120,1.2,64.46,72.52,94.03,107.82,0.34,0.69,173.91,11.77,17.22,4.63
23,json_r_comf_08,25,F,172.5,76.07,25.56,120,1.2,89.89,63.52,90.91,93.37,0.78,1.55,77.42,34.38,6.45,7.22
23,json_r_comf_09,25,F,172.5,76.07,25.56,118,1.18,89.97,72.95,96.14,116.19,0.56,1.13,106.19,20.89,30.09,8.92
23,json_r_comf_10,25,F,172.5,76.07,25.56,120,1.2,90.72,59.3,96.64,99.93,0.39,0.78,153.85,41.9,66.67,7.23
23,json_r_fast_01,25,F,172.5,76.07,25.56,114,1.14,114.65,111.5,87.95,100.2,0.4,0.8,150.0,2.78,20.0,8.84
23,json_r_fast_02,25,F,172.5,76.07,25.56,113,1.13,116.22,101.4,103.31,94.98,0.54,1.08,111.11,13.62,63.86,5.56
23,json_r_fast_03,25,F,172.5,76.07,25.56,115,1.15,111.4,103.76,87.21,108.31,0.48,0.96,125.0,7.11,20.0,6.08
23,json_r_fast_04,25,F,172.5,76.07,25.56,114,1.14,116.32,104.83,88.4,86.39,0.5,1.0,120.0,10.4,20.0,4.83
23,json_r_fast_05,25,F,172.5,76.07,25.56,115,1.15,113.01,103.08,89.47,105.66,0.68,1.35,88.89,9.19,1.48,4.65
23,json_r_fast_06,25,F,172.5,76.07,25.56,118,1.18,114.99,97.67,88.21,88.44,0.66,1.32,90.91,16.29,6.06,6.49
23,json_r_fast_07,25,F,172.5,76.07,25.56,118,1.18,116.7,95.3,87.04,90.41,0.52,1.05,114.29,20.19,24.76,6.45
23,json_r_fast_08,25,F,172.5,76.07,25.56,115,1.15,110.98,98.96,101.61,107.06,0.37,0.74,162.16,11.45,45.83,6.59
23,json_r_fast_09,25,F,172.5,76.07,25.56,118,1.18,115.64,100.22,104.32,103.24,0.35,0.7,171.43,14.29,0.0,5.41
23,json_r_fast_10,25,F,172.5,76.07,25.56,117,1.17,114.38,102.17,89.99,104.39,0.66,1.32,90.91,11.28,3.03,14.09
23,json_r_slow_01,25,F,172.5,76.07,25.56,120,1.2,112.66,105.52,96.89,102.51,0.6,1.2,100.0,6.54,10.0,6.63
23,json_r_slow_02,25,F,172.5,76.07,25.56,128,1.28,98.47,97.94,90.75,93.91,0.47,0.94,127.66,0.54,66.67,10.72
23,json_r_slow_03,25,F,172.5,76.07,25.56,122,1.22,51.19,101.68,88.72,119.5,0.4,0.8,150.0,66.06,20.0,5.49
23,json_r_slow_04,25,F,172.5,76.07,25.56,122,1.22,83.43,64.03,90.21,85.54,0.4,0.8,150.0,26.31,67.92,3.8
23,json_r_slow_05,25,F,172.5,76.07,25.56,125,1.25,85.39,68.36,88.48,115.79,0.67,1.34,89.55,22.14,2.99,4.05
23,json_r_slow_06,25,F,172.5,76.07,25.56,123,1.23,82.51,68.29,95.63,126.72,0.72,1.45,82.76,18.86,4.14,3.89
23,json_r_slow_07,25,F,172.5,76.07,25.56,124,1.24,88.68,69.46,99.73,100.95,0.64,1.29,93.02,24.31,20.16,4.99
23,json_r_slow_08,25,F,172.5,76.07,25.56,124,1.24,84.07,76.85,71.15,101.72,0.53,1.06,113.21,8.97,56.41,6.0
23,json_r_slow_09,25,F,172.5,76.07,25.56,128,1.28,90.22,63.5,88.29,121.02,0.33,0.66,181.82,34.76,1.5,5.69
23,json_r_slow_10,25,F,172.5,76.07,25.56,126,1.26,93.29,64.12,101.42,122.99,0.72,1.44,83.33,37.06,0.0,4.67
22,json_l_comf_01,21,M,184.5,85.82,25.21,108,1.08,90.6,84.37,119.54,113.01,0.39,0.78,153.85,7.11,41.76,0.82
22,json_l_comf_02,21,M,184.5,85.82,25.21,108,1.08,86.21,82.13,81.56,120.0,0.48,0.96,125.0,4.85,26.67,1.54
22,json_l_comf_03,21,M,184.5,85.82,25.21,107,1.07,112.06,95.12,97.3,126.98,0.62,1.25,96.0,16.35,4.8,1.65
22,json_l_comf_04,21,M,184.5,85.82,25.21,108,1.08,83.21,64.73,92.7,107.27,0.32,0.63,190.48,24.99,4.65,3.75
22,json_l_comf_05,21,M,184.5,85.82,25.21,109,1.09,86.53,65.8,96.17,111.96,0.53,1.06,113.21,27.22,23.83,5.08
22,json_l_comf_06,21,M,184.5,85.82,25.21,107,1.07,83.36,66.62,106.34,120.49,0.46,0.92,130.43,22.32,13.95,3.29
22,json_l_comf_07,21,M,184.5,85.82,25.21,108,1.08,75.64,60.16,75.05,93.33,0.58,1.17,102.56,22.79,18.8,15.74
22,json_l_comf_08,21,M,184.5,85.82,25.21,108,1.08,79.89,65.73,79.49,99.68,0.39,0.78,153.85,19.45,27.88,4.02
22,json_l_comf_09,21,M,184.5,85.82,25.21,107,1.07,83.28,64.23,80.49,107.29,0.53,1.06,113.21,25.84,0.0,13.61
22,json_l_comf_10,21,M,184.5,85.82,25.21,108,1.08,83.12,62.88,82.84,115.61,0.32,0.64,187.5,27.72,19.72,3.28
22,json_l_fast_01,21,M,184.5,85.82,25.21,101,1.01,56.93,60.52,65.63,93.21,0.38,0.76,157.89,6.11,2.6,2.45
22,json_l_fast_02,21,M,184.5,85.82,25.21,104,1.04,65.64,62.61,90.64,90.88,0.47,0.94,127.66,4.72,34.04,2.33
22,json_l_fast_03,21,M,184.5,85.82,25.21,103,1.03,54.6,63.49,54.37,101.21,0.4,0.8,150.0,15.05,6.37,3.2
22,json_l_fast_04,21,M,184.5,85.82,25.21,103,1.03,59.21,60.19,58.81,92.26,0.44,0.88,136.36,1.65,4.65,4.04
22,json_l_fast_05,21,M,184.5,85.82,25.21,102,1.02,52.63,58.34,49.38,97.25,0.4,0.8,150.0,10.29,4.88,5.57
22,json_l_fast_06,21,M,184.5,85.82,25.21,103,1.03,61.71,59.34,57.11,104.45,0.59,1.18,101.69,3.91,19.51,2.36
22,json_l_fast_07,21,M,184.5,85.82,25.21,103,1.03,63.2,84.21,59.36,92.98,0.57,1.14,105.26,28.5,0.0,2.37
22,json_l_fast_08,21,M,184.5,85.82,25.21,103,1.03,78.62,74.17,101.67,116.29,0.44,0.88,136.36,5.83,19.51,3.19
22,json_l_fast_09,21,M,184.5,85.82,25.21,103,1.03,55.65,77.64,70.5,106.69,0.68,1.36,88.24,33.0,19.51,11.97
22,json_l_fast_10,21,M,184.5,85.82,25.21,104,1.04,55.63,71.61,73.59,104.54,0.5,0.99,121.21,25.12,18.18,12.0
22,json_l_slow_01,21,M,184.5,85.82,25.21,111,1.11,81.15,77.5,88.67,87.52,0.52,1.04,115.38,4.59,15.38,5.52
22,json_l_slow_02,21,M,184.5,85.82,25.21,112,1.12,82.56,77.09,83.23,82.76,0.38,0.75,160.0,6.85,24.0,14.04
22,json_l_slow_03,21,M,184.5,85.82,25.21,112,1.12,81.23,78.29,79.44,81.5,0.42,0.85,141.18,3.69,7.06,15.4
22,json_l_slow_04,21,M,184.5,85.82,25.21,112,1.12,83.04,77.83,81.98,83.89,0.48,0.96,125.0,6.48,20.83,14.02
22,json_l_slow_05,21,M,184.5,85.82,25.21,112,1.12,78.79,75.52,86.88,96.03,0.55,1.1,109.09,4.25,32.73,12.33
22,json_l_slow_06,21,M,184.5,85.82,25.21,110,1.1,57.17,72.76,77.77,82.67,0.46,0.92,129.73,23.99,19.51,17.77
22,json_l_slow_07,21,M,184.5,85.82,25.21,110,1.1,62.87,75.16,86.0,95.01,0.48,0.96,125.0,17.81,12.5,15.71
22,json_l_slow_08,21,M,184.5,85.82,25.21,109,1.09,61.88,71.62,76.11,90.67,0.56,1.12,107.14,14.6,19.51,14.06
22,json_l_slow_10,21,M,184.5,85.82,25.21,108,1.08,83.38,59.65,78.7,86.85,0.46,0.92,129.73,33.18,19.51,14.43
22,json_l_slow_11,21,M,184.5,85.82,25.21,109,1.09,79.81,60.29,79.82,96.71,0.32,0.64,187.5,27.87,19.51,12.74
22,json_r_comf_01,21,M,184.5,85.82,25.21,108,1.08,68.74,81.57,87.06,96.32,0.46,0.91,131.87,17.07,37.36,0.87
22,json_r_comf_02,21,M,184.5,85.82,25.21,109,1.09,67.57,84.49,91.89,89.7,0.46,0.92,130.43,22.25,19.51,2.41
22,json_r_comf_03,21,M,184.5,85.82,25.21,109,1.09,78.04,83.58,99.07,96.53,0.34,0.68,176.47,6.86,58.06,1.62
22,json_r_comf_04,21,M,184.5,85.82,25.21,107,1.07,79.64,84.94,85.7,96.57,0.6,1.2,100.0,6.45,40.0,2.37
22,json_r_comf_05,21,M,184.5,85.82,25.21,109,1.09,76.13,83.14,70.35,99.97,0.55,1.11,108.11,8.8,66.67,3.21
22,json_r_comf_06,21,M,184.5,85.82,25.21,109,1.09,72.95,82.52,80.51,96.16,0.45,0.91,131.87,12.31,6.59,1.64
22,json_r_comf_07,21,M,184.5,85.82,25.21,107,1.07,76.4,81.33,91.0,91.45,0.54,1.08,111.11,6.25,29.63,1.71
22,json_r_comf_08,21,M,184.5,85.82,25.21,108,1.08,71.0,83.21,95.49,89.24,0.44,0.89,134.83,15.82,0.0,2.04
22,json_r_comf_09,21,M,184.5,85.82,25.21,107,1.07,72.18,81.94,85.22,91.38,0.38,0.76,157.89,12.66,8.81,2.48
22,json_r_comf_10,21,M,184.5,85.82,25.21,108,1.08,80.8,80.48,72.96,99.98,0.46,0.92,129.73,0.4,19.51,4.75
22,json_r_comf_11,21,M,184.5,85.82,25.21,109,1.09,75.7,79.06,77.14,99.75,0.46,0.93,129.03,4.34,19.51,2.43
22,json_r_fast_01,21,M,184.5,85.82,25.21,104,1.04,112.54,112.92,101.77,115.83,0.44,0.88,136.36,0.34,34.34,3.64
22,json_r_fast_02,21,M,184.5,85.82,25.21,105,1.05,111.54,112.99,82.37,114.7,0.31,0.62,193.55,1.29,19.51,5.01
22,json_r_fast_03,21,M,184.5,85.82,25.21,103,1.03,110.55,115.26,95.51,114.19,0.51,1.02,117.65,4.17,7.84,4.17
22,json_r_fast_05,21,M,184.5,85.82,25.21,104,1.04,113.22,118.67,95.0,102.48,0.55,1.1,109.09,4.7,19.51,4.03
22,json_r_fast_06,21,M,184.5,85.82,25.21,103,1.03,106.76,112.48,92.87,102.1,0.55,1.1,109.09,5.22,19.51,11.96
22,json_r_fast_07,21,M,184.5,85.82,25.21,105,1.05,106.15,112.52,90.46,96.87,0.4,0.79,151.9,5.83,48.1,4.14
22,json_r_fast_08,21,M,184.5,85.82,25.21,104,1.04,106.35,110.25,90.34,99.44,0.62,1.23,97.56,3.6,43.9,13.5
22,json_r_fast_09,21,M,184.5,85.82,25.21,105,1.05,105.65,109.99,90.53,103.81,0.54,1.08,111.11,4.02,19.51,4.85
22,json_r_fast_10,21,M,184.5,85.82,25.21,103,1.03,108.11,108.07,89.45,99.94,0.4,0.81,148.15,0.04,27.16,13.52
22,json_r_fast_11,21,M,184.5,85.82,25.21,101,1.01,111.07,113.64,103.1,101.84,0.56,1.12,107.14,2.29,19.51,13.5
22,json_r_slow_01,21,M,184.5,85.82,25.21,115,1.15,102.63,97.07,90.1,93.85,0.44,0.88,136.36,5.57,6.74,4.05
22,json_r_slow_02,21,M,184.5,85.82,25.21,120,1.2,104.74,99.63,74.17,96.68,0.51,1.02,117.65,5.0,0.0,5.1
22,json_r_slow_03,21,M,184.5,85.82,25.21,120,1.2,95.99,95.15,80.93,93.12,0.33,0.67,179.1,0.88,8.96,4.73
22,json_r_slow_04,21,M,184.5,85.82,25.21,118,1.18,98.15,90.44,88.55,93.81,0.58,1.16,103.45,8.17,10.34,5.42
22,json_r_slow_05,21,M,184.5,85.82,25.21,115,1.15,92.13,103.81,75.73,89.54,0.44,0.89,134.83,11.92,15.73,4.17
22,json_r_slow_06,21,M,184.5,85.82,25.21,115,1.15,96.46,95.64,75.47,88.65,0.57,1.14,105.26,0.85,28.07,4.9
22,json_r_slow_07,21,M,184.5,85.82,25.21,115,1.15,97.17,96.43,73.0,90.07,0.4,0.8,150.0,0.76,25.0,4.91
22,json_r_slow_08,21,M,184.5,85.82,25.21,106,1.06,94.78,98.32,113.06,84.37,0.49,0.98,122.45,3.67,20.41,4.48
22,json_r_slow_09,21,M,184.5,85.82,25.21,111,1.11,93.15,97.24,70.57,95.18,0.41,0.82,146.34,4.3,19.51,3.93
22,json_r_slow_10,21,M,184.5,85.82,25.21,109,1.09,92.09,95.27,69.06,91.56,0.4,0.8,150.0,3.4,47.06,5.65
22,json_r_slow_11,21,M,184.5,85.82,25.21,113,1.13,94.58,95.66,71.69,94.32,0.46,0.92,129.73,1.14,19.51,4.2
21,json_l_comf_01,25,M,172.5,58.03,19.5,117,1.17,92.1,80.21,95.76,92.03,0.54,1.08,111.11,13.8,17.07,15.28
21,json_l_comf_02,25,M,172.5,58.03,19.5,118,1.18,89.97,81.5,87.24,90.03,0.68,1.36,88.24,9.88,20.59,14.32
21,json_l_comf_03,25,M,172.5,58.03,19.5,118,1.18,92.37,76.47,115.32,120.72,0.68,1.35,88.89,18.83,10.37,3.35
21,json_l_comf_04,25,M,172.5,58.03,19.5,120,1.2,93.28,79.06,98.42,102.73,0.48,0.97,123.71,16.5,18.56,14.46
21,json_l_comf_05,25,M,172.5,58.03,19.5,122,1.22,92.87,81.7,97.25,121.3,0.61,1.22,98.36,12.8,0.0,14.08
21,json_l_comf_06,25,M,172.5,58.03,19.5,120,1.2,95.17,81.85,108.99,99.81,0.59,1.18,101.69,15.05,0.0,14.04
21,json_l_comf_07,25,M,172.5,58.03,19.5,121,1.21,91.29,82.61,77.51,111.9,0.54,1.08,111.11,9.99,17.07,15.75
21,json_l_comf_08,25,M,172.5,58.03,19.5,120,1.2,95.85,79.69,125.53,118.5,0.66,1.32,90.91,18.41,33.33,2.54
21,json_l_comf_09,25,M,172.5,58.03,19.5,121,1.21,95.56,80.06,108.1,123.82,0.63,1.26,95.24,17.65,0.0,2.57
21,json_l_comf_10,25,M,172.5,58.03,19.5,119,1.19,88.76,79.13,104.29,118.15,0.54,1.08,111.11,11.47,17.07,14.56
21,json_l_fast_01,25,M,172.5,58.03,19.5,114,1.14,79.56,47.47,104.21,132.26,0.6,1.19,100.84,50.53,5.04,11.66
21,json_l_fast_02,25,M,172.5,58.03,19.5,113,1.13,70.39,55.17,94.48,128.12,0.46,0.92,130.43,24.24,0.0,14.92
21,json_l_fast_03,25,M,172.5,58.03,19.5,115,1.15,77.36,54.94,103.69,143.91,0.64,1.29,93.02,33.9,4.65,13.97
21,json_l_fast_04,25,M,172.5,58.03,19.5,115,1.15,72.31,53.29,125.14,151.75,0.38,0.76,157.89,30.27,62.91,1.74
21,json_l_fast_05,25,M,172.5,58.03,19.5,119,1.19,73.56,59.68,95.21,146.46,0.38,0.76,157.89,20.82,66.67,2.48
21,json_l_fast_06,25,M,172.5,58.03,19.5,116,1.16,84.29,54.97,117.61,127.54,0.52,1.03,116.5,42.11,29.13,5.01
21,json_l_fast_07,25,M,172.5,58.03,19.5,120,1.2,83.39,56.58,107.66,131.47,0.65,1.3,92.31,38.31,9.23,12.69
21,json_l_fast_08,25,M,172.5,58.03,19.5,112,1.12,77.76,51.92,117.88,127.62,0.46,0.92,130.43,39.85,17.39,12.63
21,json_l_fast_09,25,M,172.5,58.03,19.5,114,1.14,80.24,56.84,118.28,125.78,0.58,1.17,102.56,34.14,63.25,4.21
21,json_l_fast_10,25,M,172.5,58.03,19.5,115,1.15,86.02,59.75,104.44,134.64,0.48,0.96,125.0,36.05,25.0,3.81
21,json_l_slow_01,25,M,172.5,58.03,19.5,142,1.42,72.83,27.77,64.18,36.0,0.8,1.61,74.53,89.57,3.73,11.06
21,json_l_slow_02,25,M,172.5,58.03,19.5,146,1.46,74.0,31.95,62.08,31.35,0.51,1.02,117.65,79.38,52.46,11.31
21,json_l_slow_03,25,M,172.5,58.03,19.5,147,1.47,82.86,32.9,89.79,67.98,0.66,1.32,90.91,86.31,33.33,13.13
21,json_l_slow_04,25,M,172.5,58.03,19.5,154,1.54,79.96,34.21,79.49,45.89,0.54,1.09,110.09,80.13,71.56,7.4
21,json_l_slow_05,25,M,172.5,58.03,19.5,154,1.54,48.27,38.37,85.83,56.32,0.75,1.5,80.0,22.84,8.0,9.18
21,json_l_slow_06,25,M,172.5,58.03,19.5,154,1.54,54.45,40.74,88.06,63.69,0.68,1.35,88.89,28.79,22.22,9.5
21,json_l_slow_07,25,M,172.5,58.03,19.5,147,1.47,53.13,38.53,92.67,68.63,0.7,1.4,85.71,31.86,36.82,7.66
21,json_l_slow_08,25,M,172.5,58.03,19.5,154,1.54,50.92,30.35,93.06,54.53,0.62,1.23,97.56,50.62,8.13,7.4
21,json_l_slow_09,25,M,172.5,58.03,19.5,159,1.59,62.62,49.14,90.08,57.14,0.72,1.43,83.92,24.13,29.37,7.65
21,json_l_slow_10,25,M,172.5,58.03,19.5,155,1.55,61.63,37.69,84.92,67.34,0.66,1.32,90.91,48.22,43.36,5.65
21,json_l_slow_11,25,M,172.5,58.03,19.5,142,1.42,44.43,43.31,80.61,71.53,0.84,1.68,71.43,2.57,17.07,11.73
21,json_r_comf_01,25,M,172.5,58.03,19.5,123,1.23,93.75,75.46,70.28,86.05,0.53,1.06,113.21,21.61,11.32,14.81
21,json_r_comf_02,25,M,172.5,58.03,19.5,124,1.24,88.44,54.98,92.52,78.47,0.38,0.76,157.89,46.67,17.07,15.91
21,json_r_comf_03,25,M,172.5,58.03,19.5,122,1.22,89.11,56.19,92.29,77.35,0.55,1.1,109.09,45.3,16.75,2.61
21,json_r_comf_04,25,M,172.5,58.03,19.5,120,1.2,87.58,65.2,90.98,96.0,0.53,1.06,113.21,29.29,0.0,14.27
21,json_r_comf_05,25,M,172.5,58.03,19.5,122,1.22,89.82,54.93,91.32,107.01,0.54,1.08,111.11,48.22,17.07,16.09
21,json_r_comf_06,25,M,172.5,58.03,19.5,120,1.2,91.89,71.31,76.09,67.31,0.54,1.08,111.11,25.21,17.07,12.57
21,json_r_comf_07,25,M,172.5,58.03,19.5,122,1.22,92.03,68.45,80.5,63.71,0.41,0.82,146.34,29.38,17.07,23.02
21,json_r_comf_08,25,M,172.5,58.03,19.5,120,1.2,88.68,60.82,91.7,80.73,0.54,1.08,111.11,37.27,17.07,16.09
21,json_r_comf_09,25,M,172.5,58.03,19.5,118,1.18,89.94,70.86,87.98,76.76,0.65,1.3,92.31,23.73,0.0,16.15
21,json_r_comf_10,25,M,172.5,58.03,19.5,120,1.2,87.38,63.66,93.85,68.05,0.54,1.08,111.11,31.41,17.07,15.09
21,json_r_fast_01,25,M,172.5,58.03,19.5,118,1.18,84.94,55.81,122.22,84.47,0.47,0.94,127.66,41.4,14.69,4.29
21,json_r_fast_02,25,M,172.5,58.03,19.5,117,1.17,54.85,53.56,113.32,89.41,0.54,1.08,111.11,2.39,29.11,2.69
21,json_r_fast_03,25,M,172.5,58.03,19.5,117,1.17,53.02,57.32,107.67,88.31,0.54,1.08,111.11,7.78,24.49,1.74
21,json_r_fast_04,25,M,172.5,58.03,19.5,113,1.13,80.38,55.35,117.23,104.15,0.35,0.7,171.43,36.88,75.6,1.94
21,json_r_fast_05,25,M,172.5,58.03,19.5,115,1.15,81.08,54.04,120.17,87.47,0.45,0.91,131.87,40.04,12.43,3.57
21,json_r_fast_06,25,M,172.5,58.03,19.5,116,1.16,83.49,49.81,96.55,105.81,0.32,0.64,187.5,50.53,0.0,4.85
21,json_r_fast_07,25,M,172.5,58.03,19.5,113,1.13,79.59,54.36,118.76,116.04,0.56,1.13,106.19,37.66,1.77,2.63
21,json_r_fast_08,25,M,172.5,58.03,19.5,112,1.12,79.07,50.66,118.72,104.5,0.47,0.94,127.66,43.81,42.55,3.13
21,json_r_fast_09,25,M,172.5,58.03,19.5,113,1.13,75.21,52.12,122.02,96.75,0.57,1.14,105.26,36.26,7.02,2.78
21,json_r_fast_10,25,M,172.5,58.03,19.5,113,1.13,74.33,51.63,114.04,104.22,0.44,0.88,136.36,36.04,4.44,1.79
21,json_r_slow_01,25,M,172.5,58.03,19.5,145,1.45,99.74,78.47,84.75,92.65,0.36,0.72,166.67,23.87,17.07,15.99
21,json_r_slow_02,25,M,172.5,58.03,19.5,141,1.41,94.94,80.51,80.46,85.9,0.3,0.6,200.0,16.45,17.07,22.09
21,json_r_slow_03,25,M,172.5,58.03,19.5,142,1.42,93.15,79.87,88.22,88.37,0.54,1.08,111.11,15.35,17.07,22.46
21,json_r_slow_04,25,M,172.5,58.03,19.5,142,1.42,74.62,50.58,96.82,113.69,0.37,0.74,162.16,38.39,66.67,3.07
21,json_r_slow_05,25,M,172.5,58.03,19.5,150,1.5,75.45,46.9,93.99,101.48,0.41,0.82,146.34,46.67,8.59,1.69
21,json_r_slow_06,25,M,172.5,58.03,19.5,151,1.51,78.08,45.3,97.5,108.45,0.66,1.31,91.6,53.12,10.69,1.76
21,json_r_slow_07,25,M,172.5,58.03,19.5,152,1.52,78.58,49.44,111.12,106.14,0.44,0.89,134.83,45.53,27.03,2.61
21,json_r_slow_08,25,M,172.5,58.03,19.5,150,1.5,78.29,45.18,98.15,93.95,0.3,0.6,200.0,53.62,33.33,2.61
21,json_r_slow_09,25,M,172.5,58.03,19.5,156,1.56,80.41,43.61,110.53,101.31,0.45,0.9,133.33,59.34,42.11,1.76
21,json_r_slow_10,25,M,172.5,58.03,19.5,149,1.49,76.79,34.8,98.71,107.32,0.63,1.26,95.24,75.26,0.0,12.67
20,json_l_comf_01,29,M,177.0,73.27,23.39,110,1.1,78.13,48.9,61.09,57.06,0.44,0.88,137.15,46.02,18.42,9.84
20,json_l_comf_02,29,M,177.0,73.27,23.39,109,1.09,79.4,37.7,63.52,59.67,0.44,0.88,137.15,71.21,18.42,9.84
20,json_l_comf_03,29,M,177.0,73.27,23.39,110,1.1,81.49,54.68,67.32,47.91,0.8,1.6,75.0,39.38,18.42,5.77
20,json_l_comf_04,29,M,177.0,73.27,23.39,111,1.11,80.86,46.73,65.54,38.62,0.44,0.88,137.15,53.5,18.42,13.45
20,json_l_comf_05,29,M,177.0,73.27,23.39,112,1.12,81.47,38.25,67.45,50.25,0.44,0.88,137.15,72.21,18.42,11.64
20,json_l_comf_06,29,M,177.0,73.27,23.39,112,1.12,84.32,58.96,69.36,43.55,0.44,0.88,137.15,35.4,18.42,11.69
20,json_l_comf_07,29,M,177.0,73.27,23.39,115,1.15,85.4,48.11,67.9,62.16,0.55,1.11,108.11,55.85,30.63,7.83
20,json_l_comf_08,29,M,177.0,73.27,23.39,114,1.14,83.89,47.33,67.37,47.16,0.44,0.88,137.15,55.73,18.42,9.46
20,json_l_comf_09,29,M,177.0,73.27,23.39,112,1.12,84.11,47.02,65.28,47.62,0.66,1.32,90.91,56.57,18.42,10.17
20,json_l_comf_10,29,M,177.0,73.27,23.39,112,1.12,80.04,49.59,81.11,69.2,0.55,1.09,110.09,46.97,45.87,7.92
20,json_l_comf_11,29,M,177.0,73.27,23.39,111,1.11,83.73,55.08,78.77,70.48,0.47,0.94,127.66,41.27,18.42,9.78
20,json_l_fast_01,29,M,177.0,73.27,23.39,111,1.11,58.16,54.44,65.17,95.34,0.44,0.88,137.15,6.6,18.42,1.95
20,json_l_fast_02,29,M,177.0,73.27,23.39,110,1.1,73.49,59.85,97.09,118.39,0.52,1.04,115.38,20.46,0.0,2.04
20,json_l_fast_03,29,M,177.0,73.27,23.39,111,1.11,62.71,56.33,85.42,100.21,0.4,0.8,150.0,10.71,18.42,2.06
20,json_l_fast_04,29,M,177.0,73.27,23.39,112,1.12,59.51,61.56,55.45,111.15,0.62,1.23,97.56,3.39,30.89,0.74
20,json_l_fast_05,29,M,177.0,73.27,23.39,113,1.13,26.98,66.28,38.47,122.18,0.6,1.2,100.0,84.28,3.33,0.09
20,json_l_fast_06,29,M,177.0,73.27,23.39,114,1.14,23.89,62.14,34.23,91.66,0.37,0.74,162.16,88.93,32.43,4.0
20,json_l_fast_07,29,M,177.0,73.27,23.39,113,1.13,36.65,64.01,32.04,101.66,0.52,1.03,116.5,54.36,40.78,2.21
20,json_l_fast_08,29,M,177.0,73.27,23.39,111,1.11,51.78,61.55,67.09,131.59,0.42,0.84,142.86,17.25,33.77,2.23
20,json_l_fast_09,29,M,177.0,73.27,23.39,113,1.13,60.3,53.36,58.88,88.81,0.65,1.3,92.31,12.21,18.42,6.37
20,json_l_fast_10,29,M,177.0,73.27,23.39,111,1.11,51.46,55.43,62.42,95.61,0.43,0.86,139.53,7.43,18.42,6.7
20,json_l_slow_01,29,M,177.0,73.27,23.39,114,1.14,74.81,77.39,96.38,148.64,0.54,1.08,111.11,3.39,29.63,13.62
20,json_l_slow_02,29,M,177.0,73.27,23.39,116,1.16,67.57,76.82,79.06,96.65,0.44,0.87,137.93,12.81,18.42,15.89
20,json_l_slow_03,29,M,177.0,73.27,23.39,114,1.14,78.7,70.27,75.68,110.59,0.42,0.83,144.58,11.31,18.42,14.29
20,json_l_slow_04,29,M,177.0,73.27,23.39,114,1.14,63.11,49.65,86.35,100.21,0.44,0.88,137.15,23.87,18.42,14.86
20,json_l_slow_05,29,M,177.0,73.27,23.39,116,1.16,61.82,59.89,98.92,100.65,0.33,0.66,181.82,3.16,18.42,13.06
20,json_l_slow_06,29,M,177.0,73.27,23.39,114,1.14,63.03,73.75,97.96,105.36,0.37,0.74,162.16,15.69,18.42,12.16
20,json_l_slow_07,29,M,177.0,73.27,23.39,114,1.14,80.39,51.1,65.55,70.86,0.44,0.88,137.15,44.56,18.42,12.11
20,json_l_slow_08,29,M,177.0,73.27,23.39,115,1.15,79.94,47.0,72.7,85.43,0.31,0.62,193.55,51.89,36.84,5.61
20,json_l_slow_09,29,M,177.0,73.27,23.39,116,1.16,80.38,151.6,96.14,48.97,0.44,0.89,134.83,61.4,18.42,1.88
20,json_l_slow_10,29,M,177.0,73.27,23.39,113,1.13,71.68,52.77,100.64,106.82,0.42,0.85,141.18,30.39,18.42,3.89
20,json_l_slow_11,29,M,177.0,73.27,23.39,114,1.14,66.4,58.86,102.12,120.92,0.44,0.88,136.36,12.05,18.42,2.05
20,json_r_comf_01,29,M,177.0,73.27,23.39,109,1.09,74.09,69.98,91.18,106.01,0.44,0.88,137.15,5.71,18.42,12.71
20,json_r_comf_02,29,M,177.0,73.27,23.39,110,1.1,82.21,79.81,86.65,103.57,0.38,0.76,157.89,2.97,18.42,12.74
20,json_r_comf_03,29,M,177.0,73.27,23.39,109,1.09,84.76,81.67,95.23,90.93,0.59,1.18,101.69,3.71,23.73,1.82
20,json_r_comf_04,29,M,177.0,73.27,23.39,109,1.09,82.94,80.98,98.71,106.36,0.61,1.22,98.36,2.4,13.11,12.78
20,json_r_comf_05,29,M,177.0,73.27,23.39,111,1.11,79.43,78.11,95.47,108.68,0.73,1.46,82.19,1.67,52.05,11.36
20,json_r_comf_06,29,M,177.0,73.27,23.39,112,1.12,78.09,80.05,91.92,104.77,0.58,1.16,103.45,2.48,18.42,13.17
20,json_r_comf_07,29,M,177.0,73.27,23.39,112,1.12,77.68,66.03,75.16,96.68,0.49,0.98,122.45,16.21,18.42,15.3
20,json_r_comf_08,29,M,177.0,73.27,23.39,112,1.12,78.66,63.3,88.16,94.2,0.34,0.68,176.47,21.65,18.42,14.92
20,json_r_comf_09,29,M,177.0,73.27,23.39,113,1.13,74.09,65.52,76.95,102.6,0.34,0.68,176.47,12.29,18.42,14.95
20,json_r_comf_10,29,M,177.0,73.27,23.39,111,1.11,74.75,60.99,85.37,96.81,0.61,1.22,98.36,20.27,6.56,15.03
20,json_r_comf_11,29,M,177.0,73.27,23.39,113,1.13,81.47,62.57,96.17,99.37,0.32,0.64,187.5,26.23,10.37,3.29
20,json_r_fast_01,29,M,177.0,73.27,23.39,112,1.12,74.05,40.28,91.09,82.67,0.44,0.88,137.15,59.07,18.42,1.88
20,json_r_fast_02,29,M,177.0,73.27,23.39,113,1.13,77.91,50.34,93.89,89.94,0.48,0.95,126.32,42.99,3.21,2.44
20,json_r_fast_03,29,M,177.0,73.27,23.39,111,1.11,76.11,33.65,93.09,91.23,0.36,0.71,169.01,77.35,2.82,1.95
20,json_r_fast_04,29,M,177.0,73.27,23.39,113,1.13,75.45,53.74,106.57,86.33,0.34,0.68,176.47,33.61,0.0,2.04
20,json_r_fast_05,29,M,177.0,73.27,23.39,112,1.12,74.47,44.45,99.79,88.86,0.49,0.98,122.45,50.49,7.25,1.9
20,json_r_fast_06,29,M,177.0,73.27,23.39,113,1.13,74.48,44.46,97.34,82.25,0.37,0.74,162.16,50.49,18.42,2.58
20,json_r_fast_07,29,M,177.0,73.27,23.39,110,1.1,73.7,42.6,98.09,66.5,0.68,1.35,88.89,53.49,48.89,0.14
20,json_r_fast_08,29,M,177.0,73.27,23.39,110,1.1,72.34,42.56,97.18,83.69,0.39,0.78,153.85,51.83,18.42,0.19
20,json_r_fast_09,29,M,177.0,73.27,23.39,113,1.13,75.25,40.74,89.9,76.34,0.31,0.62,193.55,59.51,18.42,0.06
20,json_r_fast_10,29,M,177.0,73.27,23.39,112,1.12,76.79,39.96,96.12,76.13,0.32,0.64,187.5,63.08,18.42,0.85
20,json_r_slow_01,29,M,177.0,73.27,23.39,115,1.15,71.72,80.69,87.59,103.22,0.32,0.64,187.5,11.78,74.63,4.36
20,json_r_slow_02,29,M,177.0,73.27,23.39,113,1.13,84.27,48.91,90.82,89.86,0.34,0.68,176.47,53.11,2.99,4.35
20,json_r_slow_03,29,M,177.0,73.27,23.39,112,1.12,78.25,81.55,89.3,113.73,0.44,0.88,137.15,4.14,18.42,5.64
20,json_r_slow_04,29,M,177.0,73.27,23.39,112,1.12,97.43,87.2,95.92,117.6,0.64,1.28,93.75,11.09,0.0,7.52
20,json_r_slow_05,29,M,177.0,73.27,23.39,112,1.12,62.69,79.67,89.16,111.49,0.36,0.72,166.67,23.84,18.42,5.33
20,json_r_slow_06,29,M,177.0,73.27,23.39,113,1.13,64.46,81.3,95.72,117.87,0.37,0.74,162.16,23.1,18.42,5.16
20,json_r_slow_07,29,M,177.0,73.27,23.39,111,1.11,63.87,81.91,98.17,122.51,0.53,1.06,113.21,24.75,18.42,7.84
20,json_r_slow_08,29,M,177.0,73.27,23.39,111,1.11,63.63,76.96,95.24,113.08,0.5,1.0,120.0,18.96,18.42,11.28
20,json_r_slow_09,29,M,177.0,73.27,23.39,114,1.14,67.8,72.62,106.14,114.16,0.44,0.88,137.15,6.87,18.42,9.58
20,json_r_slow_10,29,M,177.0,73.27,23.39,115,1.15,66.29,81.74,103.32,125.49,0.35,0.7,171.43,20.88,10.22,4.01
19,json_l_comf_01,25,F,169.0,63.23,22.14,114,1.14,84.61,45.93,95.44,109.54,0.42,0.84,142.86,59.27,15.38,6.0
19,json_l_comf_02,25,F,169.0,63.23,22.14,117,1.17,58.46,52.61,51.06,70.04,0.5,1.0,120.0,10.54,20.0,3.54
19,json_l_comf_03,25,F,169.0,63.23,22.14,117,1.17,57.83,34.91,43.19,62.46,0.52,1.05,114.29,49.43,13.33,4.19
19,json_l_comf_04,25,F,169.0,63.23,22.14,118,1.18,58.92,72.79,54.34,113.18,0.5,1.0,120.0,21.07,44.0,4.98
19,json_l_comf_05,25,F,169.0,63.23,22.14,118,1.18,48.8,55.91,41.5,79.16,0.42,0.84,142.86,13.58,76.92,4.9
19,json_l_comf_06,25,F,169.0,63.23,22.14,115,1.15,40.71,47.82,29.28,81.49,0.67,1.34,89.55,16.06,0.0,8.45
19,json_l_comf_07,25,F,169.0,63.23,22.14,114,1.14,39.82,52.35,24.66,80.87,0.64,1.28,93.75,27.18,15.62,8.15
19,json_l_comf_08,25,F,169.0,63.23,22.14,118,1.18,51.97,53.28,43.79,94.85,0.7,1.4,85.71,2.5,28.57,6.26
19,json_l_comf_09,25,F,169.0,63.23,22.14,115,1.15,50.93,55.07,42.12,88.52,0.72,1.43,83.92,7.82,18.18,7.76
19,json_l_comf_10,25,F,169.0,63.23,22.14,114,1.14,71.96,61.28,79.05,100.68,0.71,1.42,84.51,16.03,28.17,5.17
19,json_l_fast_01,25,F,169.0,63.23,22.14,112,1.12,45.76,67.97,60.08,103.37,0.54,1.08,111.11,39.06,0.0,11.35
19,json_l_fast_02,25,F,169.0,63.23,22.14,115,1.15,48.48,78.2,63.3,109.6,0.62,1.24,96.77,46.92,16.13,3.82
19,json_l_fast_03,25,F,169.0,63.23,22.14,112,1.12,53.2,74.31,92.6,110.0,0.55,1.1,109.09,33.12,14.55,3.3
19,json_l_fast_04,25,F,169.0,63.23,22.14,112,1.12,49.17,77.73,56.17,87.19,0.5,1.0,120.0,45.01,20.0,2.1
19,json_l_fast_05,25,F,169.0,63.23,22.14,112,1.12,50.86,76.89,66.56,76.54,0.33,0.66,181.82,40.76,12.12,4.03
19,json_l_fast_06,25,F,169.0,63.23,22.14,112,1.12,42.3,39.21,66.18,68.5,0.51,1.02,117.65,7.59,35.29,5.62
19,json_l_fast_07,25,F,169.0,63.23,22.14,113,1.13,45.6,36.41,59.43,67.07,0.6,1.19,100.84,22.39,1.68,7.38
19,json_l_fast_08,25,F,169.0,63.23,22.14,113,1.13,45.28,34.73,65.56,67.54,0.62,1.24,96.77,26.35,12.82,5.78
19,json_l_fast_09,25,F,169.0,63.23,22.14,111,1.11,40.73,34.53,75.68,72.83,0.43,0.86,139.53,16.48,23.26,4.1
19,json_l_fast_10,25,F,169.0,63.23,22.14,113,1.13,35.23,27.21,57.99,55.78,0.64,1.29,93.02,25.69,10.85,3.96
19,json_l_slow_01,25,F,169.0,63.23,22.14,125,1.25,84.42,48.28,65.95,71.88,0.58,1.17,102.56,54.47,8.55,11.41
19,json_l_slow_02,25,F,169.0,63.23,22.14,125,1.25,61.39,53.52,70.84,70.41,0.64,1.29,93.02,13.7,23.26,13.16
19,json_l_slow_03,25,F,169.0,63.23,22.14,122,1.22,65.84,55.79,95.32,88.51,0.44,0.89,134.83,16.52,38.2,4.95
19,json_l_slow_04,25,F,169.0,63.23,22.14,122,1.22,58.25,26.16,81.98,72.21,0.44,0.89,134.83,76.03,15.73,15.48
19,json_l_slow_05,25,F,169.0,63.23,22.14,122,1.22,54.52,36.56,75.88,80.25,0.48,0.96,125.0,39.45,0.0,15.39
19,json_l_slow_06,25,F,169.0,63.23,22.14,124,1.24,59.73,40.01,89.06,85.32,0.56,1.11,108.11,39.54,34.23,13.44
19,json_l_slow_07,25,F,169.0,63.23,22.14,124,1.24,62.78,36.45,81.97,77.33,0.58,1.16,103.45,53.07,3.45,15.39
19,json_l_slow_08,25,F,169.0,63.23,22.14,126,1.26,61.69,39.75,95.26,87.31,0.57,1.15,104.35,43.25,40.0,7.79
19,json_l_slow_09,25,F,169.0,63.23,22.14,127,1.27,60.4,50.38,91.31,98.53,0.64,1.28,93.75,18.1,28.12,4.31
19,json_l_slow_10,25,F,169.0,63.23,22.14,127,1.27,64.17,39.15,85.46,85.36,0.53,1.06,113.21,48.43,0.0,14.11
19,json_r_comf_01,25,F,169.0,63.23,22.14,112,1.12,82.81,91.51,99.72,102.56,0.42,0.83,144.58,9.98,12.82,4.95
19,json_r_comf_02,25,F,169.0,63.23,22.14,114,1.14,79.0,77.11,97.2,92.32,0.38,0.76,157.89,2.42,19.28,4.99
19,json_r_comf_03,25,F,169.0,63.23,22.14,116,1.16,54.23,51.3,82.82,79.84,0.42,0.84,142.86,5.54,0.0,5.99
19,json_r_comf_04,25,F,169.0,63.23,22.14,116,1.16,79.75,50.0,82.64,71.28,0.76,1.52,78.95,45.85,7.89,10.12
19,json_r_comf_05,25,F,169.0,63.23,22.14,117,1.17,60.73,56.19,73.11,81.96,0.88,1.76,68.18,7.76,12.82,7.61
19,json_r_comf_06,25,F,169.0,63.23,22.14,118,1.18,61.2,47.66,76.08,71.08,0.54,1.08,111.11,24.87,12.82,11.24
19,json_r_comf_07,25,F,169.0,63.23,22.14,115,1.15,54.51,47.21,67.63,73.1,0.62,1.23,97.56,14.36,17.89,5.85
19,json_r_comf_08,25,F,169.0,63.23,22.14,117,1.17,53.35,45.53,57.3,67.81,0.54,1.08,111.11,15.8,12.82,10.25
19,json_r_comf_09,25,F,169.0,63.23,22.14,119,1.19,58.72,48.69,68.28,71.4,0.77,1.54,77.92,18.67,34.22,9.51
19,json_r_comf_10,25,F,169.0,63.23,22.14,117,1.17,58.25,42.07,80.19,82.86,0.52,1.03,116.5,32.26,5.83,5.75
19,json_r_comf_11,25,F,169.0,63.23,22.14,115,1.15,58.1,42.95,77.42,76.56,0.33,0.66,181.82,29.99,12.82,5.9
19,json_r_comf_12,25,F,169.0,63.23,22.14,116,1.16,90.54,41.28,85.58,75.71,0.54,1.08,111.11,74.74,12.82,5.91
19,json_r_fast_01,25,F,169.0,63.23,22.14,115,1.15,116.62,91.07,77.08,101.46,0.66,1.33,90.23,24.6,7.52,3.94
19,json_r_fast_02,25,F,169.0,63.23,22.14,113,1.13,89.37,90.67,100.11,99.79,0.63,1.26,95.24,1.44,30.14,6.94
19,json_r_fast_03,25,F,169.0,63.23,22.14,116,1.16,91.75,87.29,88.93,100.14,0.51,1.02,117.65,4.98,0.0,5.97
19,json_r_fast_04,25,F,169.0,63.23,22.14,114,1.14,90.8,87.01,97.77,103.66,0.66,1.32,90.91,4.26,0.0,15.36
19,json_r_fast_05,25,F,169.0,63.23,22.14,114,1.14,90.39,90.13,99.58,106.49,0.5,1.01,118.81,0.29,5.94,15.08
19,json_r_fast_06,25,F,169.0,63.23,22.14,116,1.16,95.13,89.59,93.13,105.61,0.5,0.99,121.21,5.99,10.1,6.44
19,json_r_fast_07,25,F,169.0,63.23,22.14,114,1.14,84.88,66.94,94.97,73.5,0.4,0.81,148.15,23.64,2.47,5.3
19,json_r_fast_08,25,F,169.0,63.23,22.14,115,1.15,84.47,62.22,89.89,77.92,0.35,0.7,171.43,30.33,0.0,5.99
19,json_r_fast_09,25,F,169.0,63.23,22.14,114,1.14,83.47,57.96,99.32,87.91,0.5,1.01,118.81,36.07,17.82,5.87
19,json_r_fast_10,25,F,169.0,63.23,22.14,116,1.16,52.83,65.54,73.94,102.88,0.48,0.95,126.32,21.47,10.53,5.95
19,json_r_slow_01,25,F,169.0,63.23,22.14,122,1.22,111.39,77.3,80.94,96.58,0.54,1.08,111.11,36.13,40.0,5.82
19,json_r_slow_02,25,F,169.0,63.23,22.14,129,1.29,107.49,79.63,78.31,93.85,0.32,0.63,190.48,29.78,63.74,6.32
19,json_r_slow_03,25,F,169.0,63.23,22.14,127,1.27,55.28,81.93,77.34,98.75,0.4,0.81,148.15,38.84,0.0,6.27
19,json_r_slow_04,25,F,169.0,63.23,22.14,125,1.25,60.46,81.18,94.77,105.39,0.66,1.31,91.6,29.26,1.53,3.39
19,json_r_slow_05,25,F,169.0,63.23,22.14,124,1.24,105.09,27.03,75.84,65.12,0.64,1.27,94.49,118.16,11.02,11.32
19,json_r_slow_06,25,F,169.0,63.23,22.14,125,1.25,92.51,61.64,88.78,77.25,0.42,0.84,142.86,40.05,4.65,11.01
19,json_r_slow_07,25,F,169.0,63.23,22.14,132,1.32,92.72,60.05,76.27,79.27,0.68,1.36,88.24,42.77,0.0,5.71
19,json_r_slow_08,25,F,169.0,63.23,22.14,125,1.25,87.37,53.77,75.41,84.46,0.61,1.22,98.36,47.6,0.0,9.5
19,json_r_slow_09,25,F,169.0,63.23,22.14,125,1.25,91.36,52.8,78.65,78.07,0.51,1.02,117.65,53.49,12.82,4.86
19,json_r_slow_10,25,F,169.0,63.23,22.14,123,1.23,88.39,50.51,82.57,75.58,0.57,1.15,104.35,54.55,1.74,7.69
18,json_l_comf_01,23,F,173.7,73.29,24.29,116,1.16,96.32,76.65,74.03,102.18,0.65,1.3,92.31,22.75,10.38,7.18
18,json_l_comf_02,23,F,173.7,73.29,24.29,109,1.09,101.24,74.97,111.45,113.44,0.3,0.6,200.0,29.82,10.38,8.67
18,json_l_comf_03,23,F,173.7,73.29,24.29,117,1.17,101.64,75.66,74.37,84.51,0.74,1.48,81.08,29.3,10.81,8.86
18,json_l_comf_04,23,F,173.7,73.29,24.29,116,1.16,97.98,74.96,73.4,81.9,0.46,0.92,130.43,26.62,10.38,8.91
18,json_l_comf_05,23,F,173.7,73.29,24.29,118,1.18,97.36,95.34,89.72,91.2,0.46,0.92,130.43,2.1,10.38,7.18
18,json_l_comf_06,23,F,173.7,73.29,24.29,117,1.17,98.55,91.37,74.69,103.67,0.46,0.92,130.43,7.57,10.38,8.67
18,json_l_comf_07,23,F,173.7,73.29,24.29,117,1.17,61.41,73.29,81.86,82.92,0.66,1.32,90.91,17.64,10.38,7.38
18,json_l_comf_08,23,F,173.7,73.29,24.29,117,1.17,62.2,65.08,85.16,101.36,0.31,0.62,193.55,4.52,10.38,7.35
18,json_l_comf_09,23,F,173.7,73.29,24.29,118,1.18,87.44,84.17,118.39,105.85,0.59,1.18,101.69,3.82,13.56,7.17
18,json_l_comf_10,23,F,173.7,73.29,24.29,117,1.17,86.46,80.12,105.14,116.17,0.42,0.85,141.18,7.62,2.33,5.46
18,json_l_comf_11,23,F,173.7,73.29,24.29,116,1.16,63.54,63.73,87.02,79.16,0.46,0.92,130.43,0.29,10.38,12.73
18,json_l_fast_01,23,F,173.7,73.29,24.29,112,1.12,63.17,60.83,78.75,101.83,0.46,0.92,130.43,3.78,10.38,9.77
18,json_l_fast_02,23,F,173.7,73.29,24.29,112,1.12,67.88,66.78,81.4,92.46,0.46,0.92,130.43,1.63,10.38,10.07
18,json_l_fast_03,23,F,173.7,73.29,24.29,113,1.13,63.57,67.97,91.27,105.85,0.46,0.92,130.43,6.7,10.38,9.8
18,json_l_fast_04,23,F,173.7,73.29,24.29,114,1.14,65.42,70.69,93.93,106.43,0.46,0.92,130.43,7.74,10.38,8.82
18,json_l_fast_05,23,F,173.7,73.29,24.29,113,1.13,78.11,65.74,81.32,102.02,0.34,0.68,176.47,17.19,10.38,12.73
18,json_l_fast_06,23,F,173.7,73.29,24.29,114,1.14,82.8,78.56,82.46,118.2,0.46,0.92,130.43,5.25,10.38,9.29
18,json_l_fast_07,23,F,173.7,73.29,24.29,115,1.15,74.58,53.67,81.64,92.45,0.46,0.92,130.43,32.6,10.38,14.42
18,json_l_fast_08,23,F,173.7,73.29,24.29,114,1.14,83.3,51.48,76.85,93.55,0.46,0.92,130.43,47.22,10.38,12.7
18,json_l_fast_09,23,F,173.7,73.29,24.29,114,1.14,80.4,42.66,76.98,84.5,0.46,0.92,130.43,61.33,10.38,11.29
18,json_l_fast_10,23,F,173.7,73.29,24.29,114,1.14,82.48,53.42,79.72,93.9,0.41,0.82,146.34,42.77,24.39,9.47
18,json_l_slow_01,23,F,173.7,73.29,24.29,126,1.26,63.91,76.83,81.49,137.81,0.51,1.02,117.65,18.36,23.53,14.47
18,json_l_slow_02,23,F,173.7,73.29,24.29,125,1.25,64.72,72.89,97.51,106.66,0.4,0.8,150.0,11.87,5.0,14.84
18,json_l_slow_03,23,F,173.7,73.29,24.29,124,1.24,57.32,77.49,101.58,117.32,0.34,0.69,173.91,29.92,20.78,14.96
18,json_l_slow_04,23,F,173.7,73.29,24.29,127,1.27,91.91,51.73,108.19,100.69,0.46,0.92,130.43,55.93,34.78,9.5
18,json_l_slow_05,23,F,173.7,73.29,24.29,124,1.24,89.64,81.78,115.64,93.68,0.45,0.9,133.33,9.18,9.94,7.7
18,json_l_slow_06,23,F,173.7,73.29,24.29,125,1.25,91.42,54.82,121.13,88.85,0.46,0.92,130.43,50.06,10.38,7.81
18,json_l_slow_07,23,F,173.7,73.29,24.29,123,1.23,91.96,84.92,121.72,115.79,0.35,0.7,171.43,7.96,6.9,5.24
18,json_l_slow_08,23,F,173.7,73.29,24.29,122,1.22,91.79,83.53,95.98,104.17,0.4,0.81,148.15,9.42,10.38,7.96
18,json_l_slow_09,23,F,173.7,73.29,24.29,121,1.21,88.17,57.1,122.02,91.64,0.62,1.24,96.77,42.78,12.9,3.89
18,json_l_slow_10,23,F,173.7,73.29,24.29,122,1.22,83.43,64.81,119.84,106.85,0.52,1.05,114.29,25.12,43.81,5.94
18,json_r_comf_01,23,F,173.7,73.29,24.29,117,1.17,57.6,77.46,91.72,96.03,0.37,0.74,162.16,29.41,55.67,5.97
18,json_r_comf_02,23,F,173.7,73.29,24.29,119,1.19,59.32,95.87,75.98,97.42,0.38,0.76,157.89,47.11,1.32,12.75
18,json_r_comf_03,23,F,173.7,73.29,24.29,118,1.18,94.91,84.36,98.56,84.2,0.6,1.2,100.0,11.77,20.18,6.42
18,json_r_comf_04,23,F,173.7,73.29,24.29,118,1.18,90.12,92.28,86.7,88.22,0.34,0.68,176.47,2.37,10.38,5.66
18,json_r_comf_05,23,F,173.7,73.29,24.29,118,1.18,89.79,92.52,91.95,100.04,0.64,1.27,94.49,3.0,11.02,11.89
18,json_r_comf_06,23,F,173.7,73.29,24.29,118,1.18,88.98,83.87,84.21,80.41,0.66,1.33,90.23,5.9,1.5,10.44
18,json_r_comf_07,23,F,173.7,73.29,24.29,120,1.2,90.84,89.84,73.3,62.69,0.55,1.1,109.09,1.11,10.38,12.87
18,json_r_comf_08,23,F,173.7,73.29,24.29,118,1.18,91.56,86.27,73.94,68.39,0.6,1.2,100.0,5.96,19.18,11.71
18,json_r_comf_09,23,F,173.7,73.29,24.29,117,1.17,77.18,80.31,83.27,76.58,0.46,0.92,130.43,3.98,10.38,13.62
18,json_r_comf_10,23,F,173.7,73.29,24.29,118,1.18,84.14,79.69,76.41,78.96,0.46,0.92,130.43,5.43,10.38,13.63
18,json_r_fast_01,23,F,173.7,73.29,24.29,116,1.16,86.7,58.54,92.48,87.6,0.45,0.9,133.33,38.78,0.0,5.52
18,json_r_fast_02,23,F,173.7,73.29,24.29,115,1.15,84.76,64.04,110.63,88.97,0.34,0.69,173.91,27.85,0.0,3.96
18,json_r_fast_03,23,F,173.7,73.29,24.29,114,1.14,85.82,52.6,93.66,94.84,0.52,1.04,115.38,48.0,10.38,5.76
18,json_r_fast_04,23,F,173.7,73.29,24.29,114,1.14,82.2,56.85,96.58,91.64,0.38,0.76,157.89,36.46,7.59,3.98
18,json_r_fast_05,23,F,173.7,73.29,24.29,113,1.13,85.36,58.01,96.16,86.69,0.59,1.18,101.69,38.14,7.93,5.65
18,json_r_fast_06,23,F,173.7,73.29,24.29,114,1.14,84.26,60.95,101.58,63.85,0.36,0.73,164.38,32.11,55.67,6.01
18,json_r_fast_07,23,F,173.7,73.29,24.29,113,1.13,88.66,53.75,102.59,93.26,0.59,1.18,101.69,49.02,0.0,4.05
18,json_r_fast_08,23,F,173.7,73.29,24.29,114,1.14,89.75,52.12,103.99,84.75,0.62,1.24,96.77,53.04,10.38,4.37
18,json_r_fast_09,23,F,173.7,73.29,24.29,115,1.15,88.83,48.7,100.45,87.69,0.57,1.14,105.26,58.36,0.0,2.91
18,json_r_fast_10,23,F,173.7,73.29,24.29,114,1.14,81.76,56.44,98.76,79.39,0.51,1.02,117.65,36.65,10.38,5.73
18,json_r_slow_01,23,F,173.7,73.29,24.29,127,1.27,97.91,83.26,94.54,124.01,0.36,0.71,169.01,16.18,44.44,3.62
18,json_r_slow_02,23,F,173.7,73.29,24.29,133,1.33,102.36,86.27,87.17,108.28,0.41,0.82,146.34,17.06,0.0,12.8
18,json_r_slow_03,23,F,173.7,73.29,24.29,127,1.27,100.64,81.33,92.4,105.62,0.6,1.21,99.17,21.22,1.65,5.7
18,json_r_slow_04,23,F,173.7,73.29,24.29,126,1.26,95.37,88.51,77.33,110.34,0.64,1.27,94.49,7.46,1.57,7.73
18,json_r_slow_05,23,F,173.7,73.29,24.29,124,1.24,107.0,103.05,94.39,99.65,0.35,0.7,171.43,3.76,1.44,5.84
18,json_r_slow_06,23,F,173.7,73.29,24.29,129,1.29,103.56,101.83,83.91,104.06,0.46,0.92,130.43,1.68,10.38,14.5
18,json_r_slow_07,23,F,173.7,73.29,24.29,125,1.25,104.8,104.2,102.04,105.47,0.46,0.92,130.43,0.58,65.49,6.65
18,json_r_slow_08,23,F,173.7,73.29,24.29,123,1.23,104.19,106.68,72.4,103.73,0.84,1.68,71.43,2.36,0.0,20.17
18,json_r_slow_09,23,F,173.7,73.29,24.29,123,1.23,103.0,106.93,81.59,138.71,0.34,0.68,176.47,3.75,12.77,5.5
18,json_r_slow_10,23,F,173.7,73.29,24.29,123,1.23,101.45,105.43,90.88,110.1,0.46,0.92,130.43,3.85,66.67,7.01
17,json_l_comf_01,34,M,185.0,81.19,23.72,112,1.12,101.28,100.49,106.95,135.02,0.91,1.82,65.93,0.78,25.35,11.99
17,json_l_comf_02,34,M,185.0,81.19,23.72,112,1.12,86.29,55.12,109.03,56.36,0.49,0.98,122.45,44.09,77.55,11.69
17,json_l_comf_03,34,M,185.0,81.19,23.72,113,1.13,86.88,53.76,104.31,79.12,0.58,1.17,102.56,47.11,15.38,9.84
17,json_l_comf_04,34,M,185.0,81.19,23.72,113,1.13,85.96,62.53,109.87,75.66,0.47,0.94,127.66,31.56,4.26,11.3
17,json_l_comf_05,34,M,185.0,81.19,23.72,114,1.14,86.76,49.14,112.56,81.15,0.61,1.22,98.36,55.37,25.35,13.16
17,json_l_comf_06,34,M,185.0,81.19,23.72,114,1.14,86.12,53.55,109.94,92.71,0.6,1.21,99.17,46.64,11.57,7.94
17,json_l_comf_07,34,M,185.0,81.19,23.72,113,1.13,83.07,55.26,111.09,83.24,0.52,1.05,114.29,40.21,13.33,6.01
17,json_l_comf_08,34,M,185.0,81.19,23.72,114,1.14,84.67,68.2,111.04,103.22,0.5,1.0,120.0,21.54,25.35,5.76
17,json_l_comf_09,34,M,185.0,81.19,23.72,114,1.14,86.11,51.32,109.21,87.77,0.64,1.27,94.49,50.62,11.02,7.85
17,json_l_comf_10,34,M,185.0,81.19,23.72,115,1.15,85.29,54.51,104.24,109.22,0.43,0.86,139.53,44.03,8.89,7.53
17,json_l_fast_01,34,M,185.0,81.19,23.72,109,1.09,102.72,111.86,78.55,142.95,0.46,0.92,130.43,8.51,30.24,5.71
17,json_l_fast_02,34,M,185.0,81.19,23.72,108,1.08,90.81,89.01,97.7,137.33,0.42,0.84,142.86,2.01,25.35,13.13
17,json_l_fast_03,34,M,185.0,81.19,23.72,110,1.1,92.5,95.21,91.85,143.26,0.44,0.88,136.36,2.89,36.36,14.46
17,json_l_fast_04,34,M,185.0,81.19,23.72,108,1.08,96.61,55.2,120.09,123.47,0.68,1.35,88.89,54.55,40.0,5.87
17,json_l_fast_05,34,M,185.0,81.19,23.72,108,1.08,88.49,42.59,108.89,129.68,0.5,1.0,120.0,70.02,44.66,6.19
17,json_l_fast_06,34,M,185.0,81.19,23.72,111,1.11,91.93,51.6,117.06,127.18,0.44,0.89,134.83,56.19,60.67,6.91
17,json_l_fast_07,34,M,185.0,81.19,23.72,111,1.11,98.95,44.04,113.89,125.11,0.42,0.85,141.18,76.79,54.12,12.83
17,json_l_fast_08,34,M,185.0,81.19,23.72,109,1.09,84.0,47.02,109.51,125.62,0.46,0.92,130.43,56.46,44.9,6.98
17,json_l_fast_09,34,M,185.0,81.19,23.72,111,1.11,93.13,50.16,133.2,127.9,0.47,0.94,127.66,59.98,59.57,6.93
17,json_l_fast_10,34,M,185.0,81.19,23.72,109,1.09,96.16,65.46,122.05,138.28,0.34,0.68,176.47,37.99,12.41,7.81
17,json_l_slow_01,34,M,185.0,81.19,23.72,119,1.19,98.45,76.19,102.8,130.45,0.31,0.62,193.55,25.49,25.35,14.49
17,json_l_slow_02,34,M,185.0,81.19,23.72,121,1.21,99.8,81.1,91.52,111.31,0.91,1.82,65.93,20.67,25.35,14.03
17,json_l_slow_03,34,M,185.0,81.19,23.72,122,1.22,98.44,81.02,91.45,128.13,0.5,1.0,120.0,19.41,25.35,14.38
17,json_l_slow_04,34,M,185.0,81.19,23.72,123,1.23,99.85,80.68,104.42,110.37,0.5,1.0,120.0,21.23,25.35,14.03
17,json_l_slow_05,34,M,185.0,81.19,23.72,119,1.19,92.02,71.45,88.39,138.04,0.8,1.59,75.47,25.17,11.32,16.12
17,json_l_slow_06,34,M,185.0,81.19,23.72,120,1.2,96.01,74.81,110.11,124.32,0.48,0.97,123.71,24.82,39.18,13.22
17,json_l_slow_07,34,M,185.0,81.19,23.72,120,1.2,96.59,68.34,108.05,126.49,0.47,0.94,127.66,34.25,42.55,14.95
17,json_l_slow_08,34,M,185.0,81.19,23.72,117,1.17,97.79,67.25,103.64,115.04,0.62,1.23,97.56,37.02,17.89,14.96
17,json_l_slow_09,34,M,185.0,81.19,23.72,120,1.2,97.18,68.61,106.92,106.06,0.5,1.0,120.0,34.47,25.35,13.24
17,json_l_slow_10,34,M,185.0,81.19,23.72,118,1.18,94.29,65.27,113.22,131.18,0.37,0.74,162.16,36.37,25.35,16.62
17,json_r_comf_01,34,M,185.0,81.19,23.72,116,1.16,103.74,78.25,72.24,81.46,0.78,1.55,77.42,28.01,27.1,8.37
17,json_r_comf_02,34,M,185.0,81.19,23.72,112,1.12,106.68,109.54,64.69,53.79,0.66,1.32,90.91,2.65,33.33,7.1
17,json_r_comf_03,34,M,185.0,81.19,23.72,114,1.14,103.74,96.06,64.86,70.59,0.5,1.0,120.0,7.69,25.35,5.95
17,json_r_comf_04,34,M,185.0,81.19,23.72,114,1.14,103.52,97.04,70.03,64.6,0.49,0.98,122.45,6.47,25.35,8.65
17,json_r_comf_05,34,M,185.0,81.19,23.72,113,1.13,103.09,99.62,57.39,64.14,0.5,1.0,120.0,3.42,25.35,11.64
17,json_r_comf_06,34,M,185.0,81.19,23.72,112,1.12,107.11,88.96,75.3,75.82,0.5,1.0,120.0,18.51,16.0,8.46
17,json_r_comf_07,34,M,185.0,81.19,23.72,113,1.13,107.39,92.51,66.81,74.55,0.52,1.04,115.38,14.89,32.26,6.99
17,json_r_comf_08,34,M,185.0,81.19,23.72,112,1.12,106.02,91.41,66.8,74.25,0.62,1.24,96.77,14.79,6.45,7.03
17,json_r_comf_09,34,M,185.0,81.19,23.72,115,1.15,104.68,88.76,72.81,70.77,0.5,1.0,120.0,16.46,25.35,10.64
17,json_r_comf_10,34,M,185.0,81.19,23.72,114,1.14,104.55,89.44,61.43,71.44,0.5,1.0,120.0,15.58,25.35,10.33
17,json_r_fast_01,34,M,185.0,81.19,23.72,108,1.08,103.9,98.88,41.66,99.4,0.47,0.94,127.66,4.95,12.77,11.66
17,json_r_fast_02,34,M,185.0,81.19,23.72,108,1.08,97.39,97.9,65.79,82.91,0.5,1.0,120.0,0.52,20.0,4.24
17,json_r_fast_03,34,M,185.0,81.19,23.72,111,1.11,97.51,100.78,39.12,89.21,0.38,0.77,155.84,3.31,7.79,5.14
17,json_r_fast_04,34,M,185.0,81.19,23.72,111,1.11,105.15,98.88,42.46,90.95,0.72,1.43,83.92,6.14,37.76,12.02
17,json_r_fast_05,34,M,185.0,81.19,23.72,111,1.11,104.51,100.73,50.78,98.56,0.73,1.45,82.76,3.68,45.52,8.62
17,json_r_fast_06,34,M,185.0,81.19,23.72,110,1.1,102.62,99.89,46.6,98.49,0.54,1.08,111.11,2.7,25.35,11.96
17,json_r_fast_07,34,M,185.0,81.19,23.72,111,1.11,103.08,101.49,48.76,97.85,0.69,1.38,86.96,1.56,43.48,11.97
17,json_r_fast_08,34,M,185.0,81.19,23.72,111,1.11,101.95,102.17,49.27,94.11,0.57,1.14,105.26,0.21,0.0,7.06
17,json_r_fast_09,34,M,185.0,81.19,23.72,111,1.11,101.74,100.51,45.23,99.82,0.5,1.0,120.0,1.21,25.35,10.32
17,json_r_fast_10,34,M,185.0,81.19,23.72,110,1.1,102.57,100.86,43.04,95.62,0.57,1.14,105.26,1.69,25.35,10.03
17,json_r_slow_01,34,M,185.0,81.19,23.72,127,1.27,99.67,107.13,45.66,87.79,0.48,0.95,126.32,7.22,18.95,5.8
17,json_r_slow_02,34,M,185.0,81.19,23.72,129,1.29,102.43,109.93,47.33,85.04,0.39,0.78,153.85,7.07,52.38,4.91
17,json_r_slow_03,34,M,185.0,81.19,23.72,130,1.3,105.44,102.83,45.77,93.59,0.57,1.14,105.26,2.51,0.0,6.46
17,json_r_slow_04,34,M,185.0,81.19,23.72,122,1.22,97.61,96.56,55.87,86.74,0.3,0.6,200.0,1.08,25.35,12.04
17,json_r_slow_05,34,M,185.0,81.19,23.72,120,1.2,100.55,57.58,53.41,74.9,0.5,1.0,120.0,54.35,25.35,5.78
17,json_r_slow_06,34,M,185.0,81.19,23.72,122,1.22,97.83,56.69,42.99,80.48,0.55,1.1,109.09,53.26,3.64,5.92
17,json_r_slow_07,34,M,185.0,81.19,23.72,122,1.22,99.59,98.84,78.53,59.33,0.57,1.14,105.26,0.75,0.0,4.15
17,json_r_slow_08,34,M,185.0,81.19,23.72,120,1.2,82.48,95.11,70.68,77.96,0.53,1.06,113.21,14.23,2.87,6.65
17,json_r_slow_09,34,M,185.0,81.19,23.72,118,1.18,56.6,75.2,71.87,89.87,0.44,0.87,137.93,28.23,48.28,4.23
17,json_r_slow_10,34,M,185.0,81.19,23.72,120,1.2,163.52,87.37,76.73,75.52,0.35,0.7,171.43,60.7,40.49,5.61
16,json_l_comf_01,45,F,174.0,70.47,23.28,107,1.07,81.5,53.12,59.68,83.06,0.46,0.91,131.87,42.16,25.0,12.36
16,json_l_comf_02,45,F,174.0,70.47,23.28,107,1.07,82.21,60.18,57.42,82.44,0.46,0.91,131.87,30.93,25.0,12.32
16,json_l_comf_03,45,F,174.0,70.47,23.28,108,1.08,83.66,60.36,61.37,81.76,0.46,0.91,131.87,32.36,25.0,10.65
16,json_l_comf_04,45,F,174.0,70.47,23.28,106,1.06,82.84,56.87,60.98,80.99,0.46,0.91,131.87,37.18,25.0,10.64
16,json_l_comf_05,45,F,174.0,70.47,23.28,107,1.07,82.91,55.05,67.64,80.96,0.46,0.91,131.87,40.38,25.0,10.97
16,json_l_comf_06,45,F,174.0,70.47,23.28,108,1.08,88.61,62.94,68.77,82.33,0.46,0.91,131.87,33.88,25.0,12.3
16,json_l_comf_07,45,F,174.0,70.47,23.28,107,1.07,91.51,66.64,72.96,77.99,0.46,0.91,131.87,31.45,25.0,12.77
16,json_l_comf_08,45,F,174.0,70.47,23.28,101,1.01,94.87,73.73,69.32,77.51,0.46,0.91,131.87,25.08,25.0,12.57
16,json_l_comf_09,45,F,174.0,70.47,23.28,104,1.04,97.38,72.03,61.24,74.22,0.46,0.91,131.87,29.93,25.0,11.38
16,json_l_comf_10,45,F,174.0,70.47,23.28,107,1.07,99.16,60.41,68.72,76.33,0.46,0.91,131.87,48.58,25.0,12.71
16,json_l_comf_11,45,F,174.0,70.47,23.28,106,1.06,95.96,65.66,59.86,75.53,0.46,0.91,131.87,37.5,25.0,13.07
16,json_l_comf_12,45,F,174.0,70.47,23.28,107,1.07,61.02,86.85,86.8,112.63,0.34,0.68,176.47,34.94,21.05,1.74
16,json_l_fast_01,45,F,174.0,70.47,23.28,103,1.03,81.94,87.11,92.89,102.81,0.53,1.06,113.21,6.12,18.87,6.23
16,json_l_fast_02,45,F,174.0,70.47,23.28,97,0.97,82.73,80.6,100.27,117.95,0.3,0.6,200.0,2.61,0.0,6.15
16,json_l_fast_03,45,F,174.0,70.47,23.28,97,0.97,87.3,81.9,97.05,131.84,0.38,0.77,155.84,6.38,33.77,4.37
16,json_l_fast_04,45,F,174.0,70.47,23.28,102,1.02,97.23,57.46,104.69,104.96,0.38,0.76,157.89,51.42,36.69,3.73
16,json_l_fast_05,45,F,174.0,70.47,23.28,103,1.03,87.98,58.11,92.77,116.21,0.54,1.07,112.15,40.89,46.73,3.87
16,json_l_fast_06,45,F,174.0,70.47,23.28,103,1.03,85.29,57.75,71.27,95.9,0.52,1.04,115.38,38.5,19.23,5.65
16,json_l_fast_07,45,F,174.0,70.47,23.28,104,1.04,71.41,55.39,85.54,123.42,0.62,1.24,96.77,25.26,19.35,3.39
16,json_l_fast_08,45,F,174.0,70.47,23.28,101,1.01,69.56,55.78,76.34,117.1,0.49,0.98,122.45,22.0,24.49,4.2
16,json_l_fast_09,45,F,174.0,70.47,23.28,102,1.02,71.05,57.58,97.07,125.32,0.36,0.72,166.67,20.96,11.43,3.83
16,json_l_fast_10,45,F,174.0,70.47,23.28,102,1.02,78.82,57.83,102.41,123.31,0.46,0.93,129.03,30.72,23.66,3.52
16,json_l_fast_11,45,F,174.0,70.47,23.28,102,1.02,70.88,57.08,80.77,119.28,0.33,0.66,181.82,21.58,33.11,2.15
16,json_l_slow_01,45,F,174.0,70.47,23.28,113,1.13,80.56,76.32,114.22,130.12,0.34,0.68,176.47,5.41,14.97,8.51
16,json_l_slow_02,45,F,174.0,70.47,23.28,114,1.14,76.34,84.36,76.98,88.04,0.59,1.18,101.69,9.98,3.39,10.54
16,json_l_slow_03,45,F,174.0,70.47,23.28,112,1.12,73.63,76.7,70.83,82.65,0.46,0.91,131.87,4.07,25.0,14.57
16,json_l_slow_04,45,F,174.0,70.47,23.28,110,1.1,77.75,82.67,73.89,90.56,0.59,1.18,101.69,6.14,0.0,15.08
16,json_l_slow_05,45,F,174.0,70.47,23.28,111,1.11,75.51,84.76,79.56,91.32,0.46,0.91,131.87,11.55,25.0,16.98
16,json_l_slow_06,45,F,174.0,70.47,23.28,111,1.11,76.23,81.84,67.11,84.46,0.46,0.91,131.87,7.1,25.0,17.03
16,json_l_slow_07,45,F,174.0,70.47,23.28,111,1.11,75.07,84.5,72.39,89.47,0.45,0.91,131.87,11.82,19.78,17.03
16,json_l_slow_08,45,F,174.0,70.47,23.28,113,1.13,75.3,81.2,79.17,80.42,0.46,0.91,131.87,7.55,25.0,16.98
16,json_l_slow_09,45,F,174.0,70.47,23.28,112,1.12,76.37,87.41,116.08,117.03,0.53,1.07,112.15,13.48,20.56,3.55
16,json_l_slow_10,45,F,174.0,70.47,23.28,110,1.1,77.02,80.89,82.44,84.79,0.37,0.74,162.16,4.9,25.0,17.01
16,json_r_comf_01,45,F,174.0,70.47,23.28,108,1.08,87.56,84.02,76.63,107.48,0.33,0.66,181.82,4.13,23.78,1.73
16,json_r_comf_02,45,F,174.0,70.47,23.28,94,0.94,85.09,79.43,74.75,109.29,0.46,0.91,131.87,6.88,25.0,0.05
16,json_r_comf_03,45,F,174.0,70.47,23.28,108,1.08,86.17,80.79,74.58,109.82,0.54,1.07,112.15,6.44,50.47,1.84
16,json_r_comf_04,45,F,174.0,70.47,23.28,108,1.08,83.81,88.14,64.47,113.79,0.47,0.94,127.66,5.03,25.0,10.89
16,json_r_comf_05,45,F,174.0,70.47,23.28,109,1.09,77.33,66.01,75.78,110.99,0.46,0.91,131.87,15.8,24.18,3.51
16,json_r_comf_06,45,F,174.0,70.47,23.28,109,1.09,70.04,67.27,77.67,102.56,0.54,1.08,111.11,4.03,40.74,6.02
16,json_r_comf_07,45,F,174.0,70.47,23.28,109,1.09,68.52,67.78,78.27,101.26,0.6,1.19,100.84,1.09,5.04,9.84
16,json_r_comf_08,45,F,174.0,70.47,23.28,107,1.07,74.32,66.48,86.49,113.58,0.48,0.96,125.0,11.13,37.5,11.77
16,json_r_comf_09,45,F,174.0,70.47,23.28,107,1.07,77.52,90.38,89.02,90.27,0.6,1.2,100.0,15.31,33.18,2.65
16,json_r_comf_10,45,F,174.0,70.47,23.28,108,1.08,77.69,89.35,80.29,107.57,0.68,1.36,88.24,13.96,41.18,5.53
16,json_r_comf_11,45,F,174.0,70.47,23.28,109,1.09,79.18,84.93,72.76,98.17,0.41,0.82,146.34,7.0,38.2,14.01
16,json_r_fast_01,45,F,174.0,70.47,23.28,102,1.02,65.87,99.56,81.39,137.81,0.48,0.97,123.71,40.73,55.67,9.45
16,json_r_fast_02,45,F,174.0,70.47,23.28,102,1.02,64.89,92.56,78.07,122.76,0.4,0.8,150.0,35.14,25.0,11.7
16,json_r_fast_03,45,F,174.0,70.47,23.28,101,1.01,70.24,94.02,81.18,115.42,0.46,0.91,131.87,28.94,25.0,11.73
16,json_r_fast_04,45,F,174.0,70.47,23.28,102,1.02,67.14,88.95,76.76,120.45,0.4,0.79,151.9,27.94,37.97,11.66
16,json_r_fast_05,45,F,174.0,70.47,23.28,101,1.01,52.57,87.96,84.41,116.0,0.46,0.91,131.87,50.37,25.0,11.63
16,json_r_fast_06,45,F,174.0,70.47,23.28,102,1.02,55.57,91.47,80.68,128.37,0.45,0.9,133.33,48.84,53.33,12.1
16,json_r_fast_07,45,F,174.0,70.47,23.28,101,1.01,54.79,87.54,72.88,123.29,0.35,0.7,171.43,46.03,25.0,12.18
16,json_r_fast_08,45,F,174.0,70.47,23.28,104,1.04,66.94,90.56,81.0,121.99,0.42,0.84,142.86,29.99,38.1,12.62
16,json_r_fast_09,45,F,174.0,70.47,23.28,103,1.03,66.53,92.04,80.92,135.5,0.38,0.77,155.84,32.18,28.57,14.58
16,json_r_fast_10,45,F,174.0,70.47,23.28,103,1.03,66.11,88.1,85.1,133.02,0.43,0.86,139.53,28.52,46.51,14.86
16,json_r_slow_01,45,F,174.0,70.47,23.28,117,1.17,81.27,85.06,78.83,93.13,0.37,0.74,162.16,4.56,25.0,1.9
16,json_r_slow_02,45,F,174.0,70.47,23.28,118,1.18,76.7,78.58,79.1,95.28,0.57,1.14,105.26,2.42,17.54,1.98
16,json_r_slow_03,45,F,174.0,70.47,23.28,119,1.19,71.05,96.86,84.26,121.74,0.43,0.87,137.93,30.74,62.07,2.63
16,json_r_slow_04,45,F,174.0,70.47,23.28,119,1.19,71.86,96.1,94.56,108.88,0.56,1.12,107.14,28.86,0.0,4.24
16,json_r_slow_05,45,F,174.0,70.47,23.28,119,1.19,70.01,91.67,92.73,117.74,0.46,0.91,131.87,26.8,25.0,5.73
16,json_r_slow_06,45,F,174.0,70.47,23.28,117,1.17,68.97,89.39,87.94,106.07,0.45,0.9,133.33,25.78,33.51,2.62
16,json_r_slow_07,45,F,174.0,70.47,23.28,117,1.17,71.2,91.58,91.27,112.76,0.4,0.8,150.0,25.04,5.0,3.55
16,json_r_slow_08,45,F,174.0,70.47,23.28,116,1.16,80.57,96.4,91.97,115.3,0.53,1.06,113.21,17.89,51.43,3.51
16,json_r_slow_09,45,F,174.0,70.47,23.28,116,1.16,68.79,90.92,84.81,111.28,0.54,1.08,111.11,27.71,25.0,3.43
16,json_r_slow_10,45,F,174.0,70.47,23.28,115,1.15,66.65,94.03,90.56,115.27,0.46,0.91,131.87,34.09,25.0,4.15
15,json_l_comf_01,26,F,166.7,62.86,22.62,121,1.21,82.38,48.18,73.97,55.02,0.69,1.38,86.96,52.39,26.09,4.72
15,json_l_comf_02,26,F,166.7,62.86,22.62,117,1.17,89.07,48.43,80.34,86.83,0.55,1.11,108.11,59.12,16.22,7.6
15,json_l_comf_03,26,F,166.7,62.86,22.62,117,1.17,103.44,65.48,67.17,82.26,0.7,1.4,85.71,44.94,8.57,5.94
15,json_l_comf_04,26,F,166.7,62.86,22.62,115,1.15,102.26,68.65,57.47,79.37,0.3,0.6,200.0,39.32,18.05,7.9
15,json_l_comf_05,26,F,166.7,62.86,22.62,117,1.17,94.48,76.21,84.4,94.99,0.64,1.29,93.02,21.41,13.95,9.51
15,json_l_comf_06,26,F,166.7,62.86,22.62,116,1.16,91.41,70.9,97.65,99.83,0.57,1.13,106.19,25.27,40.71,6.06
15,json_l_comf_07,26,F,166.7,62.86,22.62,113,1.13,92.77,85.61,93.63,109.71,0.6,1.2,100.0,8.03,6.67,7.97
15,json_l_comf_08,26,F,166.7,62.86,22.62,114,1.14,100.02,76.56,77.25,104.6,0.59,1.18,101.69,26.57,3.39,6.76
15,json_l_comf_09,26,F,166.7,62.86,22.62,114,1.14,99.2,66.22,80.95,81.66,0.61,1.22,98.36,39.88,29.51,9.89
15,json_l_comf_10,26,F,166.7,62.86,22.62,114,1.14,84.06,63.72,77.61,82.56,0.41,0.82,146.34,27.53,4.88,17.07
15,json_l_comf_11,26,F,166.7,62.86,22.62,116,1.16,90.15,66.46,65.19,89.4,0.56,1.12,107.62,30.25,18.05,13.57
15,json_l_fast_01,26,F,166.7,62.86,22.62,111,1.11,108.97,108.05,67.01,125.79,0.52,1.05,114.29,0.85,24.76,1.82
15,json_l_fast_02,26,F,166.7,62.86,22.62,114,1.14,104.18,104.87,58.28,119.77,0.54,1.08,111.11,0.66,18.05,0.92
15,json_l_fast_03,26,F,166.7,62.86,22.62,111,1.11,95.17,63.07,70.43,117.26,0.71,1.42,84.51,40.57,18.05,1.85
15,json_l_fast_04,26,F,166.7,62.86,22.62,112,1.12,93.26,62.76,72.9,129.17,0.47,0.94,127.66,39.1,42.55,1.78
15,json_l_fast_05,26,F,166.7,62.86,22.62,111,1.11,93.7,83.92,70.3,116.29,0.48,0.95,126.32,11.01,61.05,2.76
15,json_l_fast_06,26,F,166.7,62.86,22.62,112,1.12,100.0,86.81,82.07,129.34,0.45,0.9,133.33,14.12,57.78,2.63
15,json_l_fast_07,26,F,166.7,62.86,22.62,111,1.11,94.78,83.67,69.37,87.34,0.45,0.9,133.33,12.45,0.0,11.01
15,json_l_fast_08,26,F,166.7,62.86,22.62,112,1.12,93.37,78.55,72.76,78.95,0.56,1.12,107.62,17.24,18.05,11.0
15,json_l_fast_09,26,F,166.7,62.86,22.62,110,1.1,95.49,82.8,58.07,82.46,0.56,1.12,107.62,14.23,18.05,10.62
15,json_l_fast_10,26,F,166.7,62.86,22.62,113,1.13,90.56,67.29,75.54,100.94,0.62,1.24,96.77,29.49,6.45,12.31
15,json_l_fast_11,26,F,166.7,62.86,22.62,112,1.12,93.09,65.05,51.78,86.34,0.56,1.12,107.62,35.47,18.05,12.29
15,json_l_fast_12,26,F,166.7,62.86,22.62,113,1.13,39.0,90.8,77.64,111.71,0.35,0.7,171.43,79.8,50.0,11.91
15,json_l_slow_01,26,F,166.7,62.86,22.62,127,1.27,79.38,57.68,115.06,129.9,0.48,0.97,123.71,31.67,6.19,0.99
15,json_l_slow_02,26,F,166.7,62.86,22.62,122,1.22,98.21,58.43,106.13,109.67,0.46,0.93,129.03,50.79,2.15,1.72
15,json_l_slow_03,26,F,166.7,62.86,22.62,124,1.24,59.31,123.44,92.25,101.75,0.49,0.98,122.45,70.19,4.08,1.73
15,json_l_slow_04,26,F,166.7,62.86,22.62,124,1.24,61.65,55.29,56.58,41.16,0.57,1.15,104.35,10.89,26.09,0.93
15,json_l_slow_05,26,F,166.7,62.86,22.62,120,1.2,104.23,54.55,108.4,105.41,0.57,1.14,105.26,62.58,31.58,1.87
15,json_l_slow_06,26,F,166.7,62.86,22.62,122,1.22,101.36,53.44,94.28,111.37,0.45,0.91,131.87,61.92,59.34,1.73
15,json_l_slow_07,26,F,166.7,62.86,22.62,122,1.22,103.82,59.67,105.7,96.88,0.44,0.88,136.36,54.01,9.09,1.76
15,json_l_slow_08,26,F,166.7,62.86,22.62,125,1.25,90.0,89.28,100.95,98.58,0.58,1.16,103.45,0.79,31.03,1.8
15,json_l_slow_09,26,F,166.7,62.86,22.62,122,1.22,100.61,83.59,83.15,93.74,0.56,1.12,107.62,18.48,18.05,7.91
15,json_l_slow_10,26,F,166.7,62.86,22.62,125,1.25,72.82,75.63,87.97,79.43,0.34,0.68,176.47,3.79,18.05,8.87
15,json_r_comf_01,26,F,166.7,62.86,22.62,118,1.18,95.18,89.7,81.52,111.73,0.6,1.19,100.84,5.93,21.85,4.84
15,json_r_comf_02,26,F,166.7,62.86,22.62,116,1.16,96.95,96.4,91.64,135.03,0.41,0.82,146.34,0.57,15.03,2.72
15,json_r_comf_03,26,F,166.7,62.86,22.62,117,1.17,86.08,89.96,96.06,135.47,0.36,0.72,166.67,4.41,14.77,4.74
15,json_r_comf_04,26,F,166.7,62.86,22.62,116,1.16,90.09,83.52,82.98,117.3,0.64,1.28,93.75,7.57,18.75,5.43
15,json_r_comf_05,26,F,166.7,62.86,22.62,117,1.17,88.71,82.34,83.87,125.79,0.74,1.49,80.54,7.45,14.77,3.82
15,json_r_comf_06,26,F,166.7,62.86,22.62,116,1.16,82.09,82.11,97.81,112.56,0.59,1.18,101.69,0.03,38.96,2.85
15,json_r_comf_07,26,F,166.7,62.86,22.62,116,1.16,94.57,86.27,88.76,117.78,0.58,1.17,102.56,9.18,5.13,1.87
15,json_r_comf_08,26,F,166.7,62.86,22.62,116,1.16,101.98,88.8,105.22,162.57,0.57,1.14,105.26,13.81,39.29,3.22
15,json_r_comf_09,26,F,166.7,62.86,22.62,117,1.17,104.29,86.85,84.2,141.73,0.51,1.02,117.65,18.26,54.9,3.63
15,json_r_comf_10,26,F,166.7,62.86,22.62,116,1.16,99.19,86.21,77.41,149.17,0.42,0.84,142.86,14.0,17.34,3.8
15,json_r_fast_01,26,F,166.7,62.86,22.62,114,1.14,108.59,73.88,91.22,151.0,0.47,0.94,127.66,38.05,35.53,3.8
15,json_r_fast_02,26,F,166.7,62.86,22.62,113,1.13,109.32,70.0,96.82,122.02,0.45,0.9,133.33,43.86,44.56,4.41
15,json_r_fast_03,26,F,166.7,62.86,22.62,113,1.13,102.13,69.98,102.4,114.64,0.34,0.68,176.47,37.35,56.52,3.75
15,json_r_fast_04,26,F,166.7,62.86,22.62,112,1.12,108.57,114.82,97.56,109.92,0.5,1.01,118.81,5.6,5.94,3.66
15,json_r_fast_05,26,F,166.7,62.86,22.62,112,1.12,111.08,110.43,92.44,147.02,0.58,1.16,103.45,0.59,10.34,1.82
15,json_r_fast_06,26,F,166.7,62.86,22.62,113,1.13,64.13,56.69,109.72,148.72,0.56,1.12,107.14,12.32,33.79,1.91
15,json_r_fast_07,26,F,166.7,62.86,22.62,113,1.13,97.22,107.41,100.82,132.06,0.62,1.25,96.0,9.97,78.4,1.8
15,json_r_fast_08,26,F,166.7,62.86,22.62,111,1.11,99.81,87.93,79.49,107.86,0.58,1.16,103.45,12.66,0.0,7.77
15,json_r_fast_09,26,F,166.7,62.86,22.62,125,1.25,90.64,96.87,96.13,108.86,0.56,1.12,107.62,6.64,18.05,3.67
15,json_r_fast_10,26,F,166.7,62.86,22.62,111,1.11,102.46,105.12,103.26,158.57,0.59,1.18,101.69,2.56,18.05,2.77
15,json_r_fast_11,26,F,166.7,62.86,22.62,112,1.12,103.67,102.28,80.81,143.92,0.4,0.8,150.0,1.34,15.0,3.63
15,json_r_slow_01,26,F,166.7,62.86,22.62,125,1.25,95.59,101.88,94.89,140.69,0.74,1.48,81.08,6.37,0.0,3.33
15,json_r_slow_02,26,F,166.7,62.86,22.62,124,1.24,67.07,63.56,93.07,130.13,0.72,1.44,83.33,5.37,30.4,0.96
15,json_r_slow_03,26,F,166.7,62.86,22.62,130,1.3,62.44,57.85,87.02,89.82,0.76,1.51,79.47,7.63,3.97,1.8
15,json_r_slow_04,26,F,166.7,62.86,22.62,128,1.28,86.73,99.66,83.65,127.25,0.44,0.89,134.83,13.88,11.24,3.67
15,json_r_slow_05,26,F,166.7,62.86,22.62,124,1.24,76.41,98.25,98.75,150.19,0.53,1.06,113.21,25.01,22.64,1.85
15,json_r_slow_06,26,F,166.7,62.86,22.62,124,1.24,66.46,61.09,87.66,138.72,0.57,1.14,105.26,8.42,18.05,1.88
15,json_r_slow_07,26,F,166.7,62.86,22.62,123,1.23,92.03,94.02,96.04,131.01,0.48,0.95,126.32,2.14,18.95,2.7
15,json_r_slow_08,26,F,166.7,62.86,22.62,123,1.23,89.53,97.67,89.32,127.28,0.58,1.17,102.56,8.69,5.13,3.67
15,json_r_slow_09,26,F,166.7,62.86,22.62,123,1.23,91.08,95.64,67.65,136.46,0.55,1.11,108.11,4.89,12.61,4.55
15,json_r_slow_10,26,F,166.7,62.86,22.62,124,1.24,84.68,98.2,84.71,139.52,0.7,1.41,85.11,14.78,21.28,2.75
13,json_l_comf_01,25,F,178.0,73.15,23.09,117,1.17,57.31,65.08,70.92,76.57,0.51,1.02,117.65,12.7,23.53,9.15
13,json_l_comf_02,25,F,178.0,73.15,23.09,118,1.18,57.89,62.67,67.78,77.52,0.51,1.02,117.65,7.92,23.53,7.42
13,json_l_comf_03,25,F,178.0,73.15,23.09,118,1.18,60.34,64.02,77.91,85.63,0.47,0.94,127.66,5.92,42.55,7.36
13,json_l_comf_04,25,F,178.0,73.15,23.09,119,1.19,46.84,61.51,68.34,79.92,0.64,1.28,93.75,27.08,23.53,7.39
13,json_l_comf_05,25,F,178.0,73.15,23.09,116,1.16,77.83,57.64,95.95,98.55,0.5,1.0,120.0,29.81,4.0,12.71
13,json_l_comf_06,25,F,178.0,73.15,23.09,118,1.18,31.08,75.38,34.19,90.88,0.59,1.18,101.69,83.21,23.73,3.73
13,json_l_comf_07,25,F,178.0,73.15,23.09,118,1.18,81.35,72.31,93.47,88.98,0.51,1.02,117.65,11.77,23.53,5.66
13,json_l_comf_08,25,F,178.0,73.15,23.09,118,1.18,86.83,65.94,101.35,94.55,0.59,1.18,101.69,27.34,23.53,7.66
13,json_l_comf_09,25,F,178.0,73.15,23.09,118,1.18,85.29,63.84,97.57,92.74,0.6,1.21,99.17,28.77,11.57,7.67
13,json_l_comf_10,25,F,178.0,73.15,23.09,117,1.17,97.34,67.3,97.47,99.75,0.53,1.06,113.21,36.49,3.77,5.8
13,json_l_fast_01,25,F,178.0,73.15,23.09,111,1.11,93.08,87.3,82.86,115.26,0.48,0.96,125.0,6.41,50.0,12.45
13,json_l_fast_02,25,F,178.0,73.15,23.09,113,1.13,93.5,87.29,87.79,114.51,0.48,0.96,125.0,6.87,35.53,6.53
13,json_l_fast_03,25,F,178.0,73.15,23.09,114,1.14,97.25,86.45,74.83,112.99,0.44,0.88,136.36,11.77,45.45,12.4
13,json_l_fast_04,25,F,178.0,73.15,23.09,113,1.13,63.02,66.31,77.99,104.7,0.48,0.95,126.32,5.09,48.42,13.64
13,json_l_fast_05,25,F,178.0,73.15,23.09,112,1.12,74.85,82.15,81.7,84.11,0.4,0.8,150.0,9.3,23.53,14.45
13,json_l_fast_06,25,F,178.0,73.15,23.09,112,1.12,74.74,86.55,81.45,92.99,0.48,0.96,125.0,14.64,23.53,13.26
13,json_l_fast_07,25,F,178.0,73.15,23.09,112,1.12,79.26,83.37,68.55,85.18,0.43,0.86,139.53,5.05,37.21,12.04
13,json_l_fast_08,25,F,178.0,73.15,23.09,112,1.12,75.77,82.45,68.91,80.51,0.63,1.26,95.24,8.44,23.53,12.25
13,json_l_fast_09,25,F,178.0,73.15,23.09,113,1.13,63.88,55.56,85.91,104.06,0.5,1.0,120.0,13.94,56.0,4.92
13,json_l_fast_10,25,F,178.0,73.15,23.09,114,1.14,75.25,61.9,97.72,107.57,0.45,0.9,133.33,19.48,54.55,3.51
13,json_l_slow_01,25,F,178.0,73.15,23.09,118,1.18,88.21,85.21,90.51,113.11,0.44,0.87,137.93,3.46,25.29,7.57
13,json_l_slow_02,25,F,178.0,73.15,23.09,118,1.18,87.67,93.5,88.6,109.55,0.34,0.67,179.1,6.43,2.99,10.99
13,json_l_slow_03,25,F,178.0,73.15,23.09,120,1.2,90.45,86.44,80.46,109.3,0.41,0.82,146.34,4.53,14.63,6.2
13,json_l_slow_04,25,F,178.0,73.15,23.09,118,1.18,114.3,113.4,68.84,103.53,0.6,1.2,100.0,0.78,13.33,14.06
13,json_l_slow_05,25,F,178.0,73.15,23.09,120,1.2,118.9,112.06,90.86,126.77,0.59,1.18,101.69,5.93,44.07,7.78
13,json_l_slow_06,25,F,178.0,73.15,23.09,119,1.19,67.79,112.07,78.18,103.31,0.42,0.84,142.86,49.23,14.29,12.78
13,json_l_slow_07,25,F,178.0,73.15,23.09,118,1.18,106.4,108.9,77.72,101.98,0.5,0.99,121.21,2.32,10.1,8.51
13,json_l_slow_08,25,F,178.0,73.15,23.09,117,1.17,71.27,115.19,74.03,111.59,0.46,0.92,130.43,47.11,26.09,17.89
13,json_l_slow_09,25,F,178.0,73.15,23.09,119,1.19,116.87,125.97,101.89,119.54,0.51,1.02,117.65,7.49,21.99,4.53
13,json_l_slow_10,25,F,178.0,73.15,23.09,120,1.2,122.73,118.02,88.2,96.58,0.44,0.87,137.93,3.91,29.89,11.35
13,json_r_comf_01,25,F,178.0,73.15,23.09,119,1.19,81.14,82.4,85.02,92.4,0.54,1.08,111.11,1.55,11.11,5.66
13,json_r_comf_02,25,F,178.0,73.15,23.09,117,1.17,78.2,58.51,74.92,84.59,0.6,1.19,100.84,28.82,1.68,6.8
13,json_r_comf_03,25,F,178.0,73.15,23.09,118,1.18,81.13,62.93,83.08,86.27,0.6,1.2,100.0,25.27,13.33,7.94
13,json_r_comf_04,25,F,178.0,73.15,23.09,118,1.18,85.15,61.36,84.83,92.09,0.52,1.03,116.5,32.48,17.48,7.59
13,json_r_comf_05,25,F,178.0,73.15,23.09,117,1.17,85.05,56.63,80.52,85.57,0.61,1.22,98.36,40.13,9.84,10.18
13,json_r_comf_06,25,F,178.0,73.15,23.09,120,1.2,91.96,80.36,81.19,103.53,0.64,1.28,93.75,13.46,18.75,9.46
13,json_r_comf_07,25,F,178.0,73.15,23.09,119,1.19,89.99,77.41,78.74,99.96,0.52,1.04,115.38,15.04,26.92,9.53
13,json_r_comf_08,25,F,178.0,73.15,23.09,119,1.19,95.94,73.42,80.81,106.4,0.6,1.2,100.0,26.6,23.33,7.64
13,json_r_comf_09,25,F,178.0,73.15,23.09,119,1.19,99.7,66.52,83.11,87.59,0.52,1.04,115.38,39.92,30.7,7.67
13,json_r_comf_10,25,F,178.0,73.15,23.09,117,1.17,102.45,70.79,86.99,88.63,0.62,1.23,97.56,36.54,11.38,7.99
13,json_r_fast_01,25,F,178.0,73.15,23.09,111,1.11,82.14,90.1,96.04,102.74,0.51,1.02,117.65,9.25,56.54,3.22
13,json_r_fast_02,25,F,178.0,73.15,23.09,109,1.09,87.48,91.23,96.92,83.06,0.52,1.04,115.38,4.19,46.15,7.92
13,json_r_fast_03,25,F,178.0,73.15,23.09,112,1.12,85.67,93.45,81.17,97.91,0.52,1.04,115.38,8.68,29.74,6.43
13,json_r_fast_04,25,F,178.0,73.15,23.09,111,1.11,87.51,91.19,98.33,102.22,0.62,1.24,96.77,4.12,38.71,7.75
13,json_r_fast_05,25,F,178.0,73.15,23.09,110,1.1,87.51,88.03,93.74,100.43,0.51,1.02,117.65,0.59,43.14,10.63
13,json_r_fast_06,25,F,178.0,73.15,23.09,110,1.1,90.52,85.95,93.14,84.12,0.51,1.02,117.65,5.18,47.06,9.14
13,json_r_fast_07,25,F,178.0,73.15,23.09,111,1.11,89.92,83.56,91.82,100.04,0.6,1.21,99.17,7.33,41.32,10.94
13,json_r_fast_08,25,F,178.0,73.15,23.09,111,1.11,85.91,86.28,92.46,90.02,0.6,1.19,100.84,0.44,25.21,10.97
13,json_r_fast_09,25,F,178.0,73.15,23.09,109,1.09,89.29,81.89,92.57,94.78,0.5,1.0,120.0,8.65,48.0,10.92
13,json_r_fast_10,25,F,178.0,73.15,23.09,110,1.1,88.78,84.74,91.6,96.09,0.56,1.13,106.19,4.65,47.79,8.59
13,json_r_slow_01,25,F,178.0,73.15,23.09,119,1.19,50.47,44.98,82.09,78.86,0.56,1.13,106.19,11.5,5.31,6.27
13,json_r_slow_02,25,F,178.0,73.15,23.09,120,1.2,51.64,48.42,90.48,89.63,0.46,0.92,130.43,6.43,3.31,6.72
13,json_r_slow_03,25,F,178.0,73.15,23.09,121,1.21,83.26,84.66,90.79,100.07,0.48,0.95,126.32,1.67,6.32,6.44
13,json_r_slow_04,25,F,178.0,73.15,23.09,120,1.2,81.23,77.87,90.59,91.22,0.5,1.0,120.0,4.23,6.19,6.37
13,json_r_slow_05,25,F,178.0,73.15,23.09,119,1.19,82.19,82.0,93.37,93.62,0.4,0.79,151.9,0.23,12.66,6.42
13,json_r_slow_06,25,F,178.0,73.15,23.09,120,1.2,111.22,105.9,100.77,111.06,0.48,0.97,123.71,4.91,2.06,5.71
13,json_r_slow_07,25,F,178.0,73.15,23.09,119,1.19,111.52,106.9,88.75,102.25,0.43,0.86,139.53,4.23,4.65,8.04
13,json_r_slow_08,25,F,178.0,73.15,23.09,119,1.19,111.41,101.2,99.31,99.17,0.43,0.86,139.53,9.61,14.21,6.43
13,json_r_slow_09,25,F,178.0,73.15,23.09,120,1.2,95.49,92.84,78.09,84.55,0.46,0.93,129.03,2.8,2.15,6.53
13,json_r_slow_10,25,F,178.0,73.15,23.09,118,1.18,81.95,59.18,88.17,86.94,0.49,0.98,122.45,32.26,48.98,6.53
12,json_l_comf_01,39,M,185.6,89.77,26.06,112,1.12,77.76,100.02,68.58,95.92,0.57,1.14,105.26,25.04,11.46,15.37
12,json_l_comf_02,39,M,185.6,89.77,26.06,115,1.15,78.06,102.01,69.69,114.29,0.4,0.8,150.0,26.6,2.47,12.64
12,json_l_comf_03,39,M,185.6,89.77,26.06,117,1.17,79.53,101.15,74.45,120.55,0.55,1.09,110.09,23.93,42.2,5.04
12,json_l_comf_04,39,M,185.6,89.77,26.06,115,1.15,80.29,100.65,81.77,124.73,0.62,1.25,96.0,22.5,17.6,5.06
12,json_l_comf_05,39,M,185.6,89.77,26.06,116,1.16,60.72,66.94,61.94,54.23,0.54,1.07,112.15,9.74,1.87,1.5
12,json_l_comf_06,39,M,185.6,89.77,26.06,117,1.17,91.08,93.4,90.7,154.9,0.58,1.17,102.56,2.52,8.55,1.54
12,json_l_comf_07,39,M,185.6,89.77,26.06,114,1.14,89.18,94.41,96.73,121.47,0.52,1.05,114.29,5.69,13.33,1.56
12,json_l_comf_08,39,M,185.6,89.77,26.06,115,1.15,61.81,60.05,54.14,47.02,0.57,1.14,105.26,2.89,3.51,1.5
12,json_l_comf_09,39,M,185.6,89.77,26.06,115,1.15,74.49,96.28,74.43,119.74,0.3,0.61,196.72,25.53,11.46,2.24
12,json_l_comf_10,39,M,185.6,89.77,26.06,116,1.16,69.45,102.34,62.83,99.12,0.34,0.68,176.47,38.28,11.46,15.43
12,json_l_fast_01,39,M,185.6,89.77,26.06,106,1.06,76.74,81.98,59.63,103.88,0.57,1.14,105.26,6.6,11.46,14.96
12,json_l_fast_02,39,M,185.6,89.77,26.06,106,1.06,81.17,75.62,71.73,98.77,0.57,1.14,105.26,7.09,11.46,14.54
12,json_l_fast_03,39,M,185.6,89.77,26.06,106,1.06,84.41,72.79,73.42,98.84,0.82,1.63,73.62,14.79,8.59,14.93
12,json_l_fast_04,39,M,185.6,89.77,26.06,106,1.06,94.11,76.37,79.16,101.98,0.57,1.14,105.26,20.82,11.46,14.95
12,json_l_fast_05,39,M,185.6,89.77,26.06,107,1.07,87.76,77.63,75.3,103.89,0.58,1.16,103.45,12.25,11.46,14.52
12,json_l_fast_06,39,M,185.6,89.77,26.06,108,1.08,86.61,92.13,66.49,106.8,0.5,1.0,120.0,6.18,20.0,15.83
12,json_l_fast_07,39,M,185.6,89.77,26.06,106,1.06,87.25,102.06,76.72,106.93,0.57,1.14,105.26,15.64,11.46,14.48
12,json_l_fast_08,39,M,185.6,89.77,26.06,107,1.07,83.77,73.27,64.64,102.56,0.57,1.14,105.26,13.37,11.46,14.51
12,json_l_fast_09,39,M,185.6,89.77,26.06,108,1.08,80.99,72.12,75.35,106.29,0.85,1.7,70.59,11.58,11.46,14.93
12,json_l_fast_10,39,M,185.6,89.77,26.06,106,1.06,89.42,68.99,77.53,100.31,0.57,1.14,105.26,25.79,11.46,10.7
12,json_l_slow_01,39,M,185.6,89.77,26.06,125,1.25,80.14,105.0,63.91,100.3,0.65,1.3,92.31,26.86,0.0,16.12
12,json_l_slow_02,39,M,185.6,89.77,26.06,125,1.25,74.41,94.21,69.09,96.5,0.5,1.01,118.81,23.49,1.98,15.73
12,json_l_slow_03,39,M,185.6,89.77,26.06,119,1.19,62.79,93.65,93.73,122.34,0.64,1.29,93.02,39.45,4.65,1.58
12,json_l_slow_04,39,M,185.6,89.77,26.06,127,1.27,69.78,87.5,86.54,119.88,0.6,1.19,100.84,22.52,42.02,3.09
12,json_l_slow_05,39,M,185.6,89.77,26.06,127,1.27,65.45,88.96,108.02,142.66,0.44,0.87,137.93,30.46,11.49,1.53
12,json_l_slow_06,39,M,185.6,89.77,26.06,131,1.31,67.83,88.91,85.88,127.66,0.43,0.86,139.53,26.91,74.48,2.3
12,json_l_slow_07,39,M,185.6,89.77,26.06,128,1.28,65.39,87.23,79.98,120.79,0.3,0.6,200.0,28.63,0.0,1.54
12,json_l_slow_08,39,M,185.6,89.77,26.06,125,1.25,72.37,90.28,96.93,131.48,0.4,0.79,151.9,22.02,11.46,4.37
12,json_l_slow_09,39,M,185.6,89.77,26.06,126,1.26,67.89,90.89,84.09,124.09,0.33,0.66,181.82,28.97,49.14,2.14
12,json_l_slow_10,39,M,185.6,89.77,26.06,125,1.25,76.34,90.49,79.26,101.14,0.39,0.78,153.85,16.96,0.0,14.08
12,json_r_comf_01,39,M,185.6,89.77,26.06,117,1.17,67.66,111.82,60.05,112.41,0.52,1.04,115.38,49.21,11.54,3.53
12,json_r_comf_02,39,M,185.6,89.77,26.06,124,1.24,65.39,113.28,80.67,110.49,0.62,1.23,97.56,53.61,1.63,3.51
12,json_r_comf_03,39,M,185.6,89.77,26.06,121,1.21,58.52,112.6,63.0,111.45,0.69,1.38,86.96,63.21,23.19,5.15
12,json_r_comf_04,39,M,185.6,89.77,26.06,121,1.21,60.51,91.92,83.16,106.94,0.69,1.38,86.96,41.21,8.7,3.82
12,json_r_comf_05,39,M,185.6,89.77,26.06,120,1.2,62.29,92.59,75.24,111.67,0.67,1.34,89.55,39.14,37.4,3.09
12,json_r_comf_06,39,M,185.6,89.77,26.06,118,1.18,68.77,88.84,92.35,88.72,0.69,1.38,86.96,25.47,0.0,5.11
12,json_r_comf_07,39,M,185.6,89.77,26.06,118,1.18,100.91,110.32,91.17,102.16,0.63,1.26,95.24,8.91,3.17,3.33
12,json_r_comf_08,39,M,185.6,89.77,26.06,116,1.16,93.13,110.83,95.25,100.45,0.48,0.96,125.0,17.35,44.33,3.89
12,json_r_comf_09,39,M,185.6,89.77,26.06,118,1.18,67.89,56.39,90.56,59.65,0.63,1.26,95.24,18.51,6.35,3.83
12,json_r_comf_10,39,M,185.6,89.77,26.06,118,1.18,68.31,61.56,91.04,65.2,0.62,1.23,97.56,10.4,4.88,3.18
12,json_r_fast_01,39,M,185.6,89.77,26.06,109,1.09,85.5,66.21,71.48,110.26,0.57,1.14,105.26,25.43,11.46,7.88
12,json_r_fast_02,39,M,185.6,89.77,26.06,108,1.08,88.34,72.64,74.55,109.38,0.57,1.14,105.26,19.49,11.46,14.51
12,json_r_fast_03,39,M,185.6,89.77,26.06,108,1.08,85.1,70.36,74.04,107.36,0.34,0.68,176.47,18.97,0.0,8.68
12,json_r_fast_04,39,M,185.6,89.77,26.06,109,1.09,78.67,72.83,61.54,106.62,0.57,1.14,105.26,7.71,11.46,14.51
12,json_r_fast_05,39,M,185.6,89.77,26.06,108,1.08,84.73,69.07,72.17,104.69,0.66,1.32,90.91,20.36,30.57,13.16
12,json_r_fast_06,39,M,185.6,89.77,26.06,108,1.08,81.36,67.57,75.3,108.7,0.63,1.26,95.24,18.51,27.03,6.73
12,json_r_fast_07,39,M,185.6,89.77,26.06,108,1.08,83.38,65.17,84.7,108.27,0.39,0.78,153.85,24.53,11.46,7.42
12,json_r_fast_08,39,M,185.6,89.77,26.06,108,1.08,77.78,62.07,73.86,109.09,0.64,1.28,93.75,22.46,29.6,14.72
12,json_r_fast_09,39,M,185.6,89.77,26.06,110,1.1,83.89,76.37,71.75,104.81,0.3,0.6,200.0,9.38,12.5,14.74
12,json_r_fast_10,39,M,185.6,89.77,26.06,110,1.1,85.47,64.2,62.59,105.89,0.67,1.34,89.55,28.42,28.09,6.03
12,json_r_slow_01,39,M,185.6,89.77,26.06,132,1.32,84.63,91.26,84.23,90.92,0.46,0.92,130.43,7.53,13.33,3.89
12,json_r_slow_02,39,M,185.6,89.77,26.06,129,1.29,85.76,90.78,81.12,94.12,0.37,0.74,162.16,5.69,48.59,4.31
12,json_r_slow_03,39,M,185.6,89.77,26.06,132,1.32,89.39,89.47,87.48,92.1,0.58,1.16,103.45,0.08,27.59,4.45
12,json_r_slow_04,39,M,185.6,89.77,26.06,128,1.28,80.08,77.71,77.76,89.37,0.35,0.7,171.43,3.0,11.43,3.03
12,json_r_slow_05,39,M,185.6,89.77,26.06,131,1.31,89.18,89.67,79.31,110.62,0.41,0.82,146.34,0.55,34.48,3.87
12,json_r_slow_06,39,M,185.6,89.77,26.06,131,1.31,93.71,101.92,65.33,97.36,0.74,1.48,81.08,8.39,18.92,4.7
12,json_r_slow_07,39,M,185.6,89.77,26.06,131,1.31,89.11,102.46,61.94,101.53,0.57,1.14,105.26,13.94,7.02,3.92
12,json_r_slow_08,39,M,185.6,89.77,26.06,135,1.35,87.42,31.55,78.35,76.42,0.34,0.69,173.91,93.92,6.99,5.47
12,json_r_slow_09,39,M,185.6,89.77,26.06,128,1.28,92.56,35.02,93.57,87.28,0.69,1.38,86.96,90.19,2.9,4.36
12,json_r_slow_10,39,M,185.6,89.77,26.06,131,1.31,90.74,44.22,77.52,83.19,0.75,1.5,80.0,68.94,0.0,3.18
10,json_l_comf_01,25,M,170.5,57.27,19.7,110,1.1,58.19,87.54,65.25,97.6,0.61,1.22,98.36,40.28,39.65,7.33
10,json_l_comf_02,25,M,170.5,57.27,19.7,108,1.08,57.88,81.87,51.03,100.62,0.4,0.8,150.0,34.33,44.44,0.83
10,json_l_comf_03,25,M,170.5,57.27,19.7,110,1.1,39.17,77.39,56.63,84.52,0.58,1.16,103.45,65.58,25.29,5.73
10,json_l_comf_04,25,M,170.5,57.27,19.7,110,1.1,62.26,79.43,65.48,110.67,0.38,0.75,160.0,24.24,24.56,3.95
10,json_l_comf_05,25,M,170.5,57.27,19.7,109,1.09,63.69,79.08,64.49,106.05,0.44,0.88,136.36,21.55,40.86,3.95
10,json_l_comf_06,25,M,170.5,57.27,19.7,108,1.08,68.93,83.77,64.11,104.99,0.64,1.28,93.75,19.44,21.88,6.11
10,json_l_comf_07,25,M,170.5,57.27,19.7,109,1.09,92.62,65.04,79.48,98.92,0.38,0.76,157.89,34.99,42.11,12.5
10,json_l_comf_08,25,M,170.5,57.27,19.7,110,1.1,68.9,75.58,102.46,119.2,0.33,0.66,181.82,9.25,36.48,3.52
10,json_l_comf_09,25,M,170.5,57.27,19.7,110,1.1,58.34,75.19,59.78,127.16,0.36,0.72,166.67,25.25,52.63,5.09
10,json_l_comf_10,25,M,170.5,57.27,19.7,110,1.1,68.97,76.62,92.07,115.81,0.49,0.98,122.45,10.5,8.16,9.44
10,json_l_fast_01,25,M,170.5,57.27,19.7,100,1.0,57.33,60.1,82.09,79.35,0.52,1.04,115.38,4.71,25.29,5.94
10,json_l_fast_02,25,M,170.5,57.27,19.7,102,1.02,85.7,60.27,77.31,102.07,0.64,1.28,93.75,34.84,43.75,7.1
10,json_l_fast_03,25,M,170.5,57.27,19.7,102,1.02,84.33,57.44,83.89,97.45,0.44,0.87,137.93,37.92,57.47,7.75
10,json_l_fast_04,25,M,170.5,57.27,19.7,100,1.0,79.69,63.59,72.88,92.99,0.6,1.2,100.0,22.48,25.29,8.55
10,json_l_fast_05,25,M,170.5,57.27,19.7,99,0.99,81.47,65.07,56.58,91.09,0.5,0.98,121.83,22.38,25.29,6.65
10,json_l_fast_06,25,M,170.5,57.27,19.7,98,0.98,92.95,62.4,70.94,124.49,0.44,0.87,137.93,39.33,29.89,9.41
10,json_l_fast_07,25,M,170.5,57.27,19.7,98,0.98,89.48,66.94,74.62,102.23,0.54,1.08,111.11,28.82,0.0,11.11
10,json_l_fast_08,25,M,170.5,57.27,19.7,98,0.98,88.09,67.71,80.28,118.47,0.41,0.82,146.34,26.16,46.49,9.9
10,json_l_fast_09,25,M,170.5,57.27,19.7,99,0.99,91.1,63.56,57.21,102.86,0.4,0.8,150.0,35.61,25.29,11.38
10,json_l_fast_10,25,M,170.5,57.27,19.7,102,1.02,88.64,64.26,69.78,103.92,0.6,1.19,100.84,31.9,18.49,8.94
10,json_l_fast_11,25,M,170.5,57.27,19.7,100,1.0,89.95,66.94,71.89,105.98,0.33,0.66,181.82,29.34,25.29,7.35
10,json_l_slow_01,25,M,170.5,57.27,19.7,118,1.18,75.64,89.38,71.92,93.38,0.5,0.98,121.83,16.65,25.29,2.09
10,json_l_slow_02,25,M,170.5,57.27,19.7,118,1.18,82.41,87.93,67.85,107.59,0.5,0.98,121.83,6.48,25.29,5.51
10,json_l_slow_03,25,M,170.5,57.27,19.7,115,1.15,80.12,85.38,75.56,99.31,0.5,0.98,121.83,6.36,25.29,8.87
10,json_l_slow_04,25,M,170.5,57.27,19.7,117,1.17,74.77,67.92,85.73,87.4,0.55,1.11,108.11,9.61,19.82,15.88
10,json_l_slow_05,25,M,170.5,57.27,19.7,117,1.17,87.44,87.09,93.44,112.89,0.53,1.06,113.21,0.4,18.56,3.45
10,json_l_slow_06,25,M,170.5,57.27,19.7,117,1.17,84.65,87.22,85.18,112.24,0.39,0.78,153.85,2.98,65.4,3.94
10,json_l_slow_07,25,M,170.5,57.27,19.7,117,1.17,56.19,84.25,71.5,74.41,0.69,1.38,86.96,39.96,20.29,2.01
10,json_l_slow_08,25,M,170.5,57.27,19.7,114,1.14,70.02,77.05,77.08,92.53,0.33,0.66,181.82,9.56,41.98,2.02
10,json_l_slow_09,25,M,170.5,57.27,19.7,116,1.16,50.09,72.42,37.12,94.84,0.54,1.08,111.11,36.44,22.22,3.99
10,json_l_slow_10,25,M,170.5,57.27,19.7,119,1.19,56.33,72.44,60.92,107.5,0.5,1.0,120.0,25.02,52.1,2.23
10,json_l_slow_11,25,M,170.5,57.27,19.7,115,1.15,51.15,69.57,42.26,90.72,0.5,0.98,121.83,30.52,25.29,4.12
10,json_l_slow_12,25,M,170.5,57.27,19.7,118,1.18,50.96,72.26,40.27,95.87,0.54,1.08,111.11,34.58,25.93,4.12
10,json_r_comf_01,25,M,170.5,57.27,19.7,116,1.16,101.61,87.77,77.91,78.78,0.71,1.42,84.51,14.62,2.82,5.34
10,json_r_comf_02,25,M,170.5,57.27,19.7,115,1.15,106.18,85.77,79.8,99.67,0.38,0.76,157.89,21.27,30.17,2.78
10,json_r_comf_03,25,M,170.5,57.27,19.7,114,1.14,59.76,87.07,77.55,109.78,0.7,1.41,85.11,37.19,29.79,2.45
10,json_r_comf_04,25,M,170.5,57.27,19.7,114,1.14,53.25,51.82,73.32,79.82,0.45,0.9,133.33,2.72,48.28,1.79
10,json_r_comf_05,25,M,170.5,57.27,19.7,115,1.15,104.11,55.92,85.44,91.16,0.41,0.82,146.34,60.22,79.22,1.73
10,json_r_comf_06,25,M,170.5,57.27,19.7,110,1.1,49.47,87.37,71.5,112.59,0.56,1.12,107.14,55.39,0.0,4.2
10,json_r_comf_07,25,M,170.5,57.27,19.7,110,1.1,51.24,89.83,67.4,101.15,0.4,0.8,150.0,54.71,84.3,3.39
10,json_r_comf_08,25,M,170.5,57.27,19.7,111,1.11,51.58,95.9,78.82,108.17,0.52,1.04,115.38,60.11,11.54,3.35
10,json_r_comf_09,25,M,170.5,57.27,19.7,110,1.1,51.93,55.68,75.4,93.62,0.41,0.82,146.34,6.95,25.29,2.15
10,json_r_comf_10,25,M,170.5,57.27,19.7,112,1.12,130.83,105.82,72.0,103.52,0.57,1.14,105.26,21.14,7.02,2.74
10,json_r_fast_01,25,M,170.5,57.27,19.7,96,0.96,91.23,80.71,89.05,93.44,0.56,1.12,107.14,12.24,32.14,6.13
10,json_r_fast_02,25,M,170.5,57.27,19.7,99,0.99,80.48,74.98,66.9,95.75,0.42,0.84,142.86,7.08,9.88,5.22
10,json_r_fast_03,25,M,170.5,57.27,19.7,99,0.99,85.65,75.47,99.02,88.53,0.32,0.64,187.5,12.64,25.29,3.83
10,json_r_fast_04,25,M,170.5,57.27,19.7,100,1.0,86.26,76.17,104.59,95.33,0.44,0.87,137.93,12.42,25.29,4.92
10,json_r_fast_05,25,M,170.5,57.27,19.7,101,1.01,68.7,74.1,85.27,88.9,0.46,0.92,130.43,7.56,25.29,3.72
10,json_r_fast_06,25,M,170.5,57.27,19.7,98,0.98,93.71,67.06,47.63,87.35,0.42,0.84,142.86,33.15,0.0,1.61
10,json_r_fast_07,25,M,170.5,57.27,19.7,101,1.01,84.92,50.79,52.79,65.55,0.5,0.98,121.83,50.3,25.29,8.31
10,json_r_fast_08,25,M,170.5,57.27,19.7,101,1.01,90.73,57.85,54.37,71.18,0.5,0.98,121.83,44.25,25.29,5.23
10,json_r_fast_09,25,M,170.5,57.27,19.7,101,1.01,73.82,77.37,77.21,91.95,0.38,0.76,157.89,4.7,12.35,3.63
10,json_r_fast_10,25,M,170.5,57.27,19.7,98,0.98,70.24,86.88,92.09,86.3,0.58,1.16,103.45,21.18,6.9,5.45
10,json_r_slow_01,25,M,170.5,57.27,19.7,120,1.2,72.93,52.45,83.11,82.87,0.68,1.36,88.24,32.67,29.41,10.49
10,json_r_slow_02,25,M,170.5,57.27,19.7,120,1.2,65.55,60.22,69.98,75.1,0.61,1.22,98.36,8.47,0.0,12.5
10,json_r_slow_03,25,M,170.5,57.27,19.7,117,1.17,70.77,74.01,71.54,102.84,0.59,1.18,101.69,4.47,0.0,3.41
10,json_r_slow_04,25,M,170.5,57.27,19.7,119,1.19,70.64,68.58,73.48,93.4,0.5,0.99,121.21,2.96,50.51,1.75
10,json_r_slow_05,25,M,170.5,57.27,19.7,121,1.21,78.92,75.62,75.63,96.28,0.34,0.68,176.47,4.28,25.29,2.58
10,json_r_slow_06,25,M,170.5,57.27,19.7,119,1.19,81.47,72.94,66.78,88.9,0.53,1.06,113.21,11.06,10.91,2.64
10,json_r_slow_07,25,M,170.5,57.27,19.7,118,1.18,79.13,76.17,72.89,92.44,0.55,1.11,108.11,3.81,5.41,3.55
10,json_r_slow_08,25,M,170.5,57.27,19.7,115,1.15,76.58,71.09,68.8,70.53,0.36,0.71,169.01,7.43,0.0,5.62
10,json_r_slow_09,25,M,170.5,57.27,19.7,117,1.17,87.62,80.85,66.97,98.08,0.35,0.7,171.43,8.04,59.57,1.94
10,json_r_slow_10,25,M,170.5,57.27,19.7,116,1.16,88.14,77.28,67.37,96.53,0.64,1.27,94.49,13.13,14.17,3.81
10,json_r_slow_11,25,M,170.5,57.27,19.7,117,1.17,87.87,80.06,72.18,90.25,0.5,0.98,121.83,9.29,25.29,2.68
9,json_l_comf_01,24,M,188.8,76.36,21.42,122,1.22,62.91,63.21,81.46,100.71,0.48,0.96,125.0,0.48,2.06,3.15
9,json_l_comf_02,24,M,188.8,76.36,21.42,122,1.22,91.34,63.0,108.77,97.06,0.43,0.86,139.53,36.73,21.74,3.1
9,json_l_comf_03,24,M,188.8,76.36,21.42,122,1.22,101.82,62.31,108.43,103.27,0.44,0.88,136.36,48.15,21.71,3.73
9,json_l_comf_04,24,M,188.8,76.36,21.42,124,1.24,103.71,54.12,93.19,81.35,0.46,0.92,130.43,62.83,20.77,4.4
9,json_l_comf_05,24,M,188.8,76.36,21.42,121,1.21,110.66,64.34,103.46,96.69,0.38,0.77,155.84,52.93,3.82,4.31
9,json_l_comf_06,24,M,188.8,76.36,21.42,124,1.24,154.51,76.36,53.26,106.08,0.37,0.74,162.16,67.71,6.54,4.53
9,json_l_comf_07,24,M,188.8,76.36,21.42,122,1.22,106.05,59.62,106.24,83.99,0.47,0.94,127.66,56.06,8.89,2.31
9,json_l_comf_08,24,M,188.8,76.36,21.42,122,1.22,95.01,66.75,95.59,99.55,0.36,0.72,166.67,34.95,16.22,4.37
9,json_l_comf_09,24,M,188.8,76.36,21.42,120,1.2,52.0,46.73,51.84,27.24,0.39,0.78,153.85,10.68,13.17,2.17
9,json_l_comf_10,24,M,188.8,76.36,21.42,122,1.22,42.41,58.69,56.1,32.27,0.46,0.92,130.43,32.22,2.2,0.74
9,json_l_fast_01,24,M,188.8,76.36,21.42,118,1.18,113.76,109.95,62.42,99.18,0.44,0.89,134.83,3.4,2.27,11.06
9,json_l_fast_02,24,M,188.8,76.36,21.42,115,1.15,117.76,113.11,66.75,96.1,0.52,1.04,115.38,4.03,13.17,12.89
9,json_l_fast_03,24,M,188.8,76.36,21.42,117,1.17,120.36,114.51,51.03,85.92,0.43,0.86,139.53,4.98,13.17,11.32
9,json_l_fast_04,24,M,188.8,76.36,21.42,116,1.16,99.02,111.61,66.09,105.97,0.51,1.02,117.65,11.96,50.0,8.1
9,json_l_fast_05,24,M,188.8,76.36,21.42,118,1.18,112.3,111.75,70.5,102.11,0.35,0.7,171.43,0.49,15.6,5.4
9,json_l_fast_06,24,M,188.8,76.36,21.42,116,1.16,100.57,112.37,61.27,103.62,0.42,0.84,142.86,11.08,6.98,11.66
9,json_l_fast_07,24,M,188.8,76.36,21.42,117,1.17,100.86,111.41,58.33,92.47,0.71,1.42,84.51,9.94,5.63,11.68
9,json_l_fast_08,24,M,188.8,76.36,21.42,119,1.19,101.48,114.09,63.48,94.28,0.32,0.65,184.62,11.7,12.95,11.66
9,json_l_fast_09,24,M,188.8,76.36,21.42,118,1.18,106.57,111.15,54.76,84.38,0.51,1.02,117.65,4.21,66.67,11.71
9,json_l_fast_10,24,M,188.8,76.36,21.42,117,1.17,68.78,113.54,57.31,107.55,0.45,0.9,133.33,49.09,45.85,10.74
9,json_l_slow_01,24,M,188.8,76.36,21.42,130,1.3,56.66,82.91,59.18,90.7,0.44,0.89,134.83,37.61,9.3,4.42
9,json_l_slow_02,24,M,188.8,76.36,21.42,128,1.28,58.17,84.08,61.19,92.15,0.42,0.85,141.18,36.43,13.17,4.34
9,json_l_slow_03,24,M,188.8,76.36,21.42,128,1.28,64.95,53.46,78.55,94.19,0.36,0.71,169.01,19.4,22.82,5.12
9,json_l_slow_04,24,M,188.8,76.36,21.42,125,1.25,68.58,54.09,71.56,95.29,0.45,0.91,131.87,23.62,18.99,4.68
9,json_l_slow_05,24,M,188.8,76.36,21.42,129,1.29,75.05,77.69,71.16,99.87,0.38,0.76,157.89,3.47,16.56,5.15
9,json_l_slow_06,24,M,188.8,76.36,21.42,127,1.27,71.83,74.11,79.89,83.06,0.45,0.9,133.33,3.12,9.63,5.41
9,json_l_slow_07,24,M,188.8,76.36,21.42,127,1.27,71.51,52.02,95.49,86.74,0.33,0.66,181.82,31.56,14.08,1.91
9,json_l_slow_08,24,M,188.8,76.36,21.42,127,1.27,61.25,80.21,43.86,108.84,0.33,0.66,181.82,26.8,21.58,5.25
9,json_l_slow_09,24,M,188.8,76.36,21.42,127,1.27,49.62,53.34,42.25,112.39,0.6,1.2,100.0,7.23,13.17,8.09
9,json_l_slow_10,24,M,188.8,76.36,21.42,126,1.26,56.1,49.75,55.67,118.26,0.51,1.02,117.65,11.99,7.84,6.05
9,json_r_comf_01,24,M,188.8,76.36,21.42,125,1.25,59.86,52.56,84.16,82.49,0.39,0.78,153.85,12.98,33.13,4.36
9,json_r_comf_02,24,M,188.8,76.36,21.42,123,1.23,57.91,49.3,76.34,85.04,0.47,0.94,127.66,16.07,2.15,3.74
9,json_r_comf_03,24,M,188.8,76.36,21.42,123,1.23,60.35,49.33,67.36,113.35,0.44,0.88,136.36,20.09,50.0,5.08
9,json_r_comf_04,24,M,188.8,76.36,21.42,121,1.21,56.03,55.12,63.65,109.11,0.48,0.96,125.0,1.63,13.17,5.36
9,json_r_comf_05,24,M,188.8,76.36,21.42,124,1.24,55.57,56.02,84.14,111.77,0.34,0.68,176.47,0.8,0.0,5.39
9,json_r_comf_06,24,M,188.8,76.36,21.42,121,1.21,63.35,53.06,75.05,111.89,0.6,1.2,100.0,17.67,0.0,3.77
9,json_r_comf_07,24,M,188.8,76.36,21.42,124,1.24,57.7,53.96,84.74,121.02,0.34,0.69,173.91,6.69,5.63,3.16
9,json_r_comf_08,24,M,188.8,76.36,21.42,121,1.21,57.79,51.69,72.18,111.57,0.32,0.64,187.5,11.14,0.0,3.15
9,json_r_comf_09,24,M,188.8,76.36,21.42,122,1.22,59.54,55.11,88.07,124.61,0.36,0.72,166.67,7.72,0.0,3.66
9,json_r_comf_10,24,M,188.8,76.36,21.42,125,1.25,56.47,58.06,71.41,126.06,0.64,1.27,94.49,2.78,1.57,3.74
9,json_r_fast_01,24,M,188.8,76.36,21.42,117,1.17,70.25,48.85,99.97,110.16,0.43,0.86,139.53,35.93,13.17,3.88
9,json_r_fast_02,24,M,188.8,76.36,21.42,118,1.18,69.32,53.45,98.54,113.39,0.37,0.74,162.16,25.85,3.97,4.02
9,json_r_fast_03,24,M,188.8,76.36,21.42,118,1.18,70.69,50.32,92.67,108.94,0.41,0.82,146.34,33.67,53.47,4.42
9,json_r_fast_04,24,M,188.8,76.36,21.42,117,1.17,82.85,77.73,81.35,99.8,0.6,1.2,100.0,6.37,13.17,6.0
9,json_r_fast_05,24,M,188.8,76.36,21.42,118,1.18,84.52,79.28,69.63,93.2,0.43,0.86,139.53,6.4,50.69,8.04
9,json_r_fast_06,24,M,188.8,76.36,21.42,117,1.17,84.43,77.81,78.43,92.92,0.33,0.66,181.82,8.15,7.3,10.71
9,json_r_fast_07,24,M,188.8,76.36,21.42,118,1.18,81.38,84.59,87.62,110.53,0.4,0.8,150.0,3.87,48.0,6.26
9,json_r_fast_08,24,M,188.8,76.36,21.42,115,1.15,61.0,81.89,95.33,89.88,0.36,0.71,169.01,29.25,5.56,5.96
9,json_r_fast_09,24,M,188.8,76.36,21.42,119,1.19,57.7,82.13,88.65,88.55,0.33,0.66,181.82,34.94,0.0,5.47
9,json_r_fast_10,24,M,188.8,76.36,21.42,119,1.19,58.29,89.41,91.0,87.76,0.31,0.62,193.55,42.13,0.0,7.8
9,json_r_slow_01,24,M,188.8,76.36,21.42,131,1.31,105.61,49.52,84.04,88.03,0.3,0.6,200.0,72.31,62.07,6.82
9,json_r_slow_02,24,M,188.8,76.36,21.42,129,1.29,109.27,71.19,74.89,93.6,0.42,0.85,141.18,42.21,0.0,8.74
9,json_r_slow_03,24,M,188.8,76.36,21.42,130,1.3,54.19,58.14,76.32,81.73,0.44,0.89,134.83,7.05,18.18,6.84
9,json_r_slow_04,24,M,188.8,76.36,21.42,130,1.3,79.17,62.63,61.23,81.33,0.68,1.36,88.24,23.32,31.49,7.85
9,json_r_slow_05,24,M,188.8,76.36,21.42,128,1.28,78.95,64.29,88.14,107.47,0.4,0.8,150.0,20.47,61.54,5.36
9,json_r_slow_06,24,M,188.8,76.36,21.42,129,1.29,62.92,55.76,69.38,91.29,0.48,0.96,125.0,12.07,66.67,4.7
9,json_r_slow_07,24,M,188.8,76.36,21.42,129,1.29,70.08,89.24,75.97,81.53,0.53,1.06,113.21,24.06,20.83,5.82
9,json_r_slow_08,24,M,188.8,76.36,21.42,128,1.28,69.47,87.94,77.53,75.55,0.41,0.82,146.34,23.47,2.41,5.37
9,json_r_slow_09,24,M,188.8,76.36,21.42,128,1.28,72.18,89.0,65.48,114.89,0.49,0.98,122.45,20.87,21.47,4.74
9,json_r_slow_10,24,M,188.8,76.36,21.42,129,1.29,68.47,87.44,67.24,89.5,0.59,1.18,101.69,24.35,31.58,5.51
8,json_l_comf_01,28,F,171.6,75.61,25.68,127,1.27,43.39,21.89,34.51,38.92,0.64,1.27,94.49,65.88,4.72,7.68
8,json_l_comf_02,28,F,171.6,75.61,25.68,128,1.28,67.79,89.26,56.58,73.99,0.68,1.36,88.24,27.35,6.4,12.71
8,json_l_comf_03,28,F,171.6,75.61,25.68,129,1.29,67.47,91.72,56.52,68.17,0.72,1.44,83.33,30.46,6.4,14.42
8,json_l_comf_04,28,F,171.6,75.61,25.68,132,1.32,67.94,88.2,66.24,68.26,0.55,1.11,108.11,25.95,6.4,14.47
8,json_l_comf_05,28,F,171.6,75.61,25.68,129,1.29,105.6,101.89,92.11,70.4,0.55,1.11,108.11,3.57,6.4,14.0
8,json_l_comf_06,28,F,171.6,75.61,25.68,130,1.3,90.43,50.95,69.04,89.93,0.39,0.78,153.85,55.85,35.9,12.17
8,json_l_comf_07,28,F,171.6,75.61,25.68,130,1.3,90.39,52.75,90.05,87.62,0.34,0.68,176.47,52.59,6.4,13.84
8,json_l_comf_08,28,F,171.6,75.61,25.68,129,1.29,97.23,53.04,78.54,100.19,0.79,1.58,75.95,58.8,15.19,12.18
8,json_l_comf_09,28,F,171.6,75.61,25.68,133,1.33,96.67,52.27,80.53,95.65,0.55,1.11,108.11,59.62,6.4,12.27
8,json_l_comf_10,28,F,171.6,75.61,25.68,131,1.31,98.55,52.92,68.52,93.76,0.55,1.11,108.11,60.25,6.4,13.67
8,json_l_fast_01,28,F,171.6,75.61,25.68,114,1.14,84.88,89.0,60.82,108.06,0.76,1.52,78.95,4.74,6.4,1.98
8,json_l_fast_02,28,F,171.6,75.61,25.68,114,1.14,84.86,90.12,62.85,111.02,0.32,0.64,187.5,6.02,6.4,1.84
8,json_l_fast_03,28,F,171.6,75.61,25.68,113,1.13,84.46,86.65,62.96,107.79,0.55,1.11,108.11,2.56,6.4,3.69
8,json_l_fast_04,28,F,171.6,75.61,25.68,116,1.16,102.0,83.09,64.51,109.19,0.55,1.11,108.11,20.44,6.4,0.05
8,json_l_fast_05,28,F,171.6,75.61,25.68,114,1.14,123.35,88.82,84.46,112.65,0.55,1.11,108.11,32.55,9.01,5.45
8,json_l_fast_06,28,F,171.6,75.61,25.68,116,1.16,120.77,88.89,57.89,109.26,0.55,1.11,108.11,30.41,6.4,7.31
8,json_l_fast_07,28,F,171.6,75.61,25.68,115,1.15,94.22,85.43,71.91,105.31,0.55,1.11,108.11,9.78,6.4,3.79
8,json_l_fast_08,28,F,171.6,75.61,25.68,118,1.18,166.28,71.91,57.55,89.96,0.55,1.11,108.11,79.24,6.4,10.88
8,json_l_fast_09,28,F,171.6,75.61,25.68,118,1.18,160.97,71.62,58.61,95.11,0.55,1.11,108.11,76.83,6.4,9.09
8,json_l_fast_10,28,F,171.6,75.61,25.68,115,1.15,75.94,64.63,66.21,100.93,0.4,0.8,150.0,16.09,45.16,5.74
8,json_l_slow_01,28,F,171.6,75.61,25.68,146,1.46,44.25,65.24,68.63,89.01,0.4,0.8,150.0,38.35,8.7,25.1
8,json_l_slow_02,28,F,171.6,75.61,25.68,150,1.5,45.97,74.78,84.4,92.04,0.39,0.78,153.85,47.73,15.38,16.87
8,json_l_slow_03,28,F,171.6,75.61,25.68,147,1.47,92.87,67.76,73.81,93.99,0.45,0.9,133.33,31.26,2.25,7.57
8,json_l_slow_04,28,F,171.6,75.61,25.68,149,1.49,57.17,53.98,75.01,75.39,0.82,1.64,73.17,5.75,6.4,17.29
8,json_l_slow_05,28,F,171.6,75.61,25.68,151,1.51,58.4,45.1,71.11,81.63,0.82,1.63,73.62,25.71,6.13,17.38
8,json_l_slow_06,28,F,171.6,75.61,25.68,148,1.48,57.69,45.65,69.78,84.9,0.77,1.54,77.92,23.29,2.6,18.89
8,json_l_slow_07,28,F,171.6,75.61,25.68,140,1.4,57.52,44.16,76.77,74.89,0.74,1.49,80.54,26.27,6.71,20.54
8,json_l_slow_08,28,F,171.6,75.61,25.68,141,1.41,95.23,40.2,57.55,70.87,0.64,1.28,93.75,81.28,34.06,17.45
8,json_l_slow_09,28,F,171.6,75.61,25.68,143,1.43,93.11,46.15,68.17,78.29,0.68,1.37,87.59,67.44,18.98,17.43
8,json_l_slow_10,28,F,171.6,75.61,25.68,145,1.45,108.06,57.14,73.48,92.49,0.72,1.44,83.33,61.65,6.4,17.32
8,json_r_comf_01,28,F,171.6,75.61,25.68,128,1.28,105.55,67.7,97.48,94.93,0.55,1.1,109.09,43.69,55.6,14.04
8,json_r_comf_02,28,F,171.6,75.61,25.68,126,1.26,113.36,71.2,90.85,96.15,0.62,1.25,96.0,45.68,4.8,5.27
8,json_r_comf_03,28,F,171.6,75.61,25.68,129,1.29,75.31,71.68,81.49,96.11,0.3,0.6,200.0,4.93,6.4,14.44
8,json_r_comf_04,28,F,171.6,75.61,25.68,131,1.31,65.73,43.69,94.19,79.77,0.32,0.64,187.5,40.29,6.4,16.74
8,json_r_comf_05,28,F,171.6,75.61,25.68,129,1.29,64.63,45.2,85.61,77.89,0.6,1.19,100.84,35.38,1.68,14.49
8,json_r_comf_06,28,F,171.6,75.61,25.68,133,1.33,83.18,72.4,82.17,87.87,0.33,0.66,181.82,13.86,6.06,14.83
8,json_r_comf_07,28,F,171.6,75.61,25.68,127,1.27,86.77,67.53,92.19,89.49,0.34,0.68,176.47,24.94,17.65,14.86
8,json_r_comf_08,28,F,171.6,75.61,25.68,134,1.34,82.33,71.07,77.59,90.13,0.38,0.76,157.89,14.69,6.4,14.87
8,json_r_comf_09,28,F,171.6,75.61,25.68,133,1.33,85.61,70.14,77.37,107.35,0.36,0.72,166.67,19.87,6.4,13.12
8,json_r_comf_10,28,F,171.6,75.61,25.68,131,1.31,86.34,68.98,76.5,90.86,0.55,1.11,108.11,22.36,6.4,14.49
8,json_r_fast_01,28,F,171.6,75.61,25.68,118,1.18,74.35,78.22,87.27,105.11,0.55,1.11,108.11,5.07,6.4,11.03
8,json_r_fast_02,28,F,171.6,75.61,25.68,119,1.19,71.51,85.61,80.8,115.32,0.74,1.48,81.08,17.95,0.0,10.96
8,json_r_fast_03,28,F,171.6,75.61,25.68,118,1.18,70.45,80.31,80.66,106.86,0.73,1.46,82.19,13.08,0.0,9.13
8,json_r_fast_04,28,F,171.6,75.61,25.68,120,1.2,74.79,86.61,73.34,120.26,0.63,1.26,95.24,14.64,3.17,9.7
8,json_r_fast_05,28,F,171.6,75.61,25.68,116,1.16,60.39,69.59,70.2,106.65,0.55,1.11,108.11,14.16,6.4,14.91
8,json_r_fast_06,28,F,171.6,75.61,25.68,118,1.18,75.21,66.7,93.47,97.81,0.55,1.11,108.11,11.99,6.4,16.69
8,json_r_fast_07,28,F,171.6,75.61,25.68,116,1.16,64.33,82.68,75.29,112.21,0.59,1.18,101.69,24.98,0.0,7.43
8,json_r_fast_08,28,F,171.6,75.61,25.68,119,1.19,51.74,64.8,73.21,98.96,0.6,1.2,100.0,22.4,6.67,14.93
8,json_r_fast_09,28,F,171.6,75.61,25.68,117,1.17,59.68,58.69,78.02,102.7,0.66,1.33,90.23,1.68,4.51,14.99
8,json_r_fast_10,28,F,171.6,75.61,25.68,120,1.2,80.96,70.84,86.2,91.92,0.56,1.12,107.14,13.34,6.4,21.73
8,json_r_slow_01,28,F,171.6,75.61,25.68,145,1.45,59.58,56.86,57.21,88.2,0.38,0.76,157.89,4.68,9.66,11.33
8,json_r_slow_02,28,F,171.6,75.61,25.68,148,1.48,64.72,59.19,71.97,81.47,0.39,0.78,153.85,8.93,6.4,11.32
8,json_r_slow_03,28,F,171.6,75.61,25.68,148,1.48,64.98,65.84,81.79,84.99,0.31,0.62,193.55,1.31,17.65,13.11
8,json_r_slow_04,28,F,171.6,75.61,25.68,144,1.44,65.87,63.13,68.54,85.26,0.55,1.11,108.11,4.25,6.4,14.92
8,json_r_slow_05,28,F,171.6,75.61,25.68,148,1.48,85.62,72.16,73.77,94.06,0.65,1.3,92.31,17.05,3.08,13.11
8,json_r_slow_06,28,F,171.6,75.61,25.68,142,1.42,52.08,54.15,65.12,79.9,0.38,0.76,157.89,3.9,1.32,10.68
8,json_r_slow_07,28,F,171.6,75.61,25.68,156,1.56,53.96,55.2,74.86,83.34,0.34,0.69,173.91,2.27,4.38,7.35
8,json_r_slow_08,28,F,171.6,75.61,25.68,149,1.49,59.75,60.09,63.93,83.2,0.5,1.01,118.81,0.56,25.74,10.94
8,json_r_slow_09,28,F,171.6,75.61,25.68,145,1.45,85.78,76.95,80.4,86.14,0.33,0.66,181.82,10.85,0.0,12.11
8,json_r_slow_10,28,F,171.6,75.61,25.68,145,1.45,93.25,90.06,76.66,75.47,0.43,0.86,139.53,3.48,18.6,5.28
7,json_l_comf_01,25,M,185.4,90.78,26.41,121,1.21,53.06,73.6,30.68,94.5,0.6,1.2,100.0,32.43,6.67,8.64
7,json_l_comf_02,25,M,185.4,90.78,26.41,123,1.23,78.52,75.45,83.55,105.67,0.69,1.38,86.96,3.99,20.29,3.66
7,json_l_comf_03,25,M,185.4,90.78,26.41,123,1.23,112.13,80.26,107.88,115.59,0.51,1.02,117.65,33.13,17.93,1.94
7,json_l_comf_04,25,M,185.4,90.78,26.41,121,1.21,105.07,79.42,103.96,113.76,0.37,0.74,162.16,27.8,30.87,3.74
7,json_l_comf_05,25,M,185.4,90.78,26.41,121,1.21,76.99,37.06,78.05,73.03,0.69,1.38,86.96,70.02,28.99,12.43
7,json_l_comf_06,25,M,185.4,90.78,26.41,124,1.24,83.3,45.46,86.57,84.64,0.76,1.52,78.95,58.78,39.47,3.14
7,json_l_comf_07,25,M,185.4,90.78,26.41,121,1.21,79.89,53.1,77.91,83.51,0.7,1.39,86.33,40.3,41.73,4.51
7,json_l_comf_08,25,M,185.4,90.78,26.41,123,1.23,52.11,45.53,64.73,70.36,0.73,1.45,82.76,13.49,17.93,13.12
7,json_l_comf_09,25,M,185.4,90.78,26.41,118,1.18,75.58,58.83,87.81,104.08,0.48,0.96,125.0,24.93,17.93,1.61
7,json_l_comf_10,25,M,185.4,90.78,26.41,120,1.2,72.34,57.8,82.69,109.85,0.5,1.01,118.81,22.35,0.99,3.1
7,json_l_comf_11,25,M,185.4,90.78,26.41,121,1.21,51.16,53.37,57.49,118.53,0.66,1.32,90.91,4.24,21.21,7.14
7,json_l_comf_12,25,M,185.4,90.78,26.41,124,1.24,55.22,58.68,49.57,120.58,0.66,1.31,91.6,6.07,19.85,8.66
7,json_l_fast_01,25,M,185.4,90.78,26.41,117,1.17,60.75,51.76,56.58,73.71,0.62,1.23,97.56,15.97,37.4,4.37
7,json_l_fast_02,25,M,185.4,90.78,26.41,119,1.19,62.36,59.93,71.32,83.51,0.54,1.08,111.11,3.99,24.63,1.61
7,json_l_fast_03,25,M,185.4,90.78,26.41,118,1.18,52.11,54.73,35.01,129.96,0.8,1.6,75.0,4.91,12.5,2.35
7,json_l_fast_04,25,M,185.4,90.78,26.41,121,1.21,69.2,82.69,68.14,68.76,0.44,0.88,136.36,17.76,19.78,3.74
7,json_l_fast_05,25,M,185.4,90.78,26.41,119,1.19,83.88,85.24,94.31,49.6,0.48,0.96,125.0,1.61,45.83,3.56
7,json_l_fast_06,25,M,185.4,90.78,26.41,121,1.21,82.93,84.08,89.86,76.65,0.68,1.36,88.24,1.37,17.93,2.45
7,json_l_fast_07,25,M,185.4,90.78,26.41,120,1.2,81.58,84.77,92.01,74.68,0.59,1.18,101.69,3.84,20.34,3.08
7,json_l_fast_08,25,M,185.4,90.78,26.41,120,1.2,82.1,82.06,98.71,74.24,0.61,1.22,98.36,0.05,13.11,5.32
7,json_l_fast_09,25,M,185.4,90.78,26.41,117,1.17,46.82,75.8,40.15,100.89,0.61,1.22,98.36,47.28,19.67,7.59
7,json_l_fast_10,25,M,185.4,90.78,26.41,119,1.19,24.24,82.02,39.91,86.26,0.41,0.82,146.34,108.74,3.73,10.09
7,json_l_slow_01,25,M,185.4,90.78,26.41,125,1.25,63.39,91.15,86.62,88.9,0.46,0.93,129.03,35.93,15.05,1.57
7,json_l_slow_02,25,M,185.4,90.78,26.41,127,1.27,61.75,80.87,66.11,110.31,0.4,0.8,150.0,26.81,17.93,3.95
7,json_l_slow_03,25,M,185.4,90.78,26.41,129,1.29,58.36,83.43,56.04,95.25,0.67,1.34,89.55,35.36,32.84,4.52
7,json_l_slow_04,25,M,185.4,90.78,26.41,127,1.27,59.76,82.43,61.9,98.18,0.31,0.62,193.55,31.87,26.57,2.39
7,json_l_slow_05,25,M,185.4,90.78,26.41,123,1.23,60.04,80.15,75.35,107.84,0.48,0.96,125.0,28.69,17.93,2.32
7,json_l_slow_06,25,M,185.4,90.78,26.41,129,1.29,60.91,83.71,62.28,104.82,0.66,1.31,91.6,31.53,38.17,3.87
7,json_l_slow_07,25,M,185.4,90.78,26.41,129,1.29,58.25,68.67,54.61,86.32,0.64,1.27,94.49,16.42,17.32,16.74
7,json_l_slow_08,25,M,185.4,90.78,26.41,128,1.28,58.48,72.0,55.75,93.91,0.63,1.26,95.24,20.72,25.4,4.72
7,json_l_slow_09,25,M,185.4,90.78,26.41,125,1.25,59.78,71.04,66.37,95.64,0.65,1.3,92.31,17.22,12.31,3.93
7,json_l_slow_10,25,M,185.4,90.78,26.41,127,1.27,104.38,56.02,74.88,84.17,0.65,1.3,92.31,60.3,58.46,2.87
7,json_r_comf_01,25,M,185.4,90.78,26.41,120,1.2,72.12,56.88,55.31,98.62,0.36,0.72,166.67,23.63,2.82,5.33
7,json_r_comf_02,25,M,185.4,90.78,26.41,121,1.21,63.03,51.14,63.79,102.15,0.36,0.73,164.38,20.82,5.33,4.81
7,json_r_comf_03,25,M,185.4,90.78,26.41,122,1.22,61.53,51.47,88.81,109.23,0.38,0.76,157.89,17.81,0.0,3.21
7,json_r_comf_04,25,M,185.4,90.78,26.41,122,1.22,56.8,51.78,63.26,106.72,0.36,0.72,166.67,9.25,0.0,4.16
7,json_r_comf_05,25,M,185.4,90.78,26.41,122,1.22,64.0,55.91,84.21,113.22,0.35,0.7,171.43,13.5,0.0,4.03
7,json_r_comf_06,25,M,185.4,90.78,26.41,121,1.21,61.01,55.42,60.59,110.03,0.34,0.69,173.91,9.6,0.0,4.79
7,json_r_comf_07,25,M,185.4,90.78,26.41,120,1.2,79.45,57.61,91.79,89.96,0.38,0.76,157.89,31.87,8.22,7.15
7,json_r_comf_08,25,M,185.4,90.78,26.41,119,1.19,62.76,58.12,64.89,91.18,0.36,0.71,169.01,7.66,0.0,4.33
7,json_r_comf_09,25,M,185.4,90.78,26.41,122,1.22,58.87,57.13,79.32,99.95,0.42,0.84,142.86,3.01,34.64,3.64
7,json_r_comf_10,25,M,185.4,90.78,26.41,121,1.21,71.23,61.66,68.1,76.44,0.38,0.75,160.0,14.39,6.45,9.55
7,json_r_fast_01,25,M,185.4,90.78,26.41,118,1.18,175.0,61.45,103.27,98.03,0.68,1.36,88.24,96.05,40.96,2.37
7,json_r_fast_02,25,M,185.4,90.78,26.41,121,1.21,60.58,49.82,95.23,104.16,0.76,1.52,78.95,19.51,55.26,2.36
7,json_r_fast_03,25,M,185.4,90.78,26.41,122,1.22,66.49,56.3,97.44,93.35,0.55,1.11,108.11,16.59,5.41,1.62
7,json_r_fast_04,25,M,185.4,90.78,26.41,119,1.19,97.21,81.9,100.97,106.48,0.32,0.65,184.62,17.09,0.0,3.34
7,json_r_fast_05,25,M,185.4,90.78,26.41,120,1.2,101.58,78.81,94.23,92.83,0.34,0.68,176.47,25.25,9.93,4.79
7,json_r_fast_06,25,M,185.4,90.78,26.41,120,1.2,93.36,82.14,86.62,110.55,0.62,1.24,96.77,12.79,17.54,5.03
7,json_r_fast_07,25,M,185.4,90.78,26.41,119,1.19,78.42,49.05,72.62,104.64,0.34,0.68,176.47,46.08,0.0,3.38
7,json_r_fast_08,25,M,185.4,90.78,26.41,121,1.21,63.26,77.11,91.68,98.34,0.34,0.68,176.47,19.74,0.0,2.46
7,json_r_fast_09,25,M,185.4,90.78,26.41,120,1.2,62.62,71.65,81.84,77.32,0.37,0.74,162.16,13.44,66.67,4.16
7,json_r_fast_10,25,M,185.4,90.78,26.41,119,1.19,65.15,71.16,82.79,90.1,0.36,0.72,166.67,8.81,1.4,4.13
7,json_r_slow_01,25,M,185.4,90.78,26.41,127,1.27,61.99,69.51,95.68,87.96,0.58,1.16,103.45,11.43,6.9,1.63
7,json_r_slow_02,25,M,185.4,90.78,26.41,125,1.25,55.16,78.16,77.39,110.48,0.49,0.98,122.45,34.52,57.14,0.85
7,json_r_slow_03,25,M,185.4,90.78,26.41,125,1.25,102.88,83.48,103.22,112.68,0.41,0.82,146.34,20.81,30.59,1.64
7,json_r_slow_04,25,M,185.4,90.78,26.41,125,1.25,95.38,74.69,78.72,78.55,0.37,0.74,162.16,24.33,55.32,1.6
7,json_r_slow_05,25,M,185.4,90.78,26.41,125,1.25,95.77,76.71,75.57,85.38,0.35,0.7,171.43,22.09,18.18,1.71
7,json_r_slow_06,25,M,185.4,90.78,26.41,121,1.21,94.29,77.48,76.71,88.2,0.42,0.85,141.18,19.57,38.67,2.54
7,json_r_slow_07,25,M,185.4,90.78,26.41,130,1.3,97.75,42.16,56.9,71.22,0.38,0.77,155.84,79.46,0.0,2.43
7,json_r_slow_08,25,M,185.4,90.78,26.41,127,1.27,97.2,38.41,52.18,58.72,0.38,0.76,157.89,86.71,11.11,2.58
7,json_r_slow_09,25,M,185.4,90.78,26.41,125,1.25,98.88,51.97,53.69,50.18,0.7,1.39,86.33,62.2,4.32,2.5
7,json_r_slow_10,25,M,185.4,90.78,26.41,125,1.25,78.3,40.34,61.64,67.78,0.36,0.72,166.67,63.98,50.0,2.57
6,json_l_comf_01,24,M,167.5,70.55,25.15,119,1.19,56.33,35.01,54.24,39.27,0.91,1.82,65.93,46.68,6.06,10.01
6,json_l_comf_02,24,M,167.5,70.55,25.15,106,1.06,54.9,52.51,65.86,34.22,0.56,1.12,107.14,4.44,14.29,5.8
6,json_l_comf_03,24,M,167.5,70.55,25.15,116,1.16,28.48,56.4,22.91,109.25,0.42,0.85,141.18,65.77,6.06,7.5
6,json_l_comf_04,24,M,167.5,70.55,25.15,117,1.17,74.44,60.14,83.65,101.69,0.72,1.43,83.92,21.25,9.79,0.08
6,json_l_comf_05,24,M,167.5,70.55,25.15,121,1.21,42.25,65.27,58.19,155.71,0.33,0.66,181.82,42.81,6.06,7.33
6,json_l_comf_06,24,M,167.5,70.55,25.15,116,1.16,45.47,27.94,43.0,22.08,0.74,1.49,80.54,47.78,1.34,0.06
6,json_l_comf_07,24,M,167.5,70.55,25.15,118,1.18,177.97,57.56,90.39,70.58,0.35,0.7,171.43,102.25,20.51,1.9
6,json_l_comf_08,24,M,167.5,70.55,25.15,119,1.19,176.35,32.23,80.99,52.82,0.75,1.5,80.0,138.19,10.67,0.03
6,json_l_comf_09,24,M,167.5,70.55,25.15,117,1.17,175.68,61.21,86.35,76.89,0.42,0.85,141.18,96.64,6.06,0.16
6,json_l_comf_10,24,M,167.5,70.55,25.15,118,1.18,98.8,65.05,99.24,80.38,0.32,0.63,190.48,41.19,0.0,0.1
6,json_l_comf_11,24,M,167.5,70.55,25.15,117,1.17,100.21,66.64,93.91,88.53,0.42,0.85,141.18,40.24,0.0,0.17
6,json_l_comf_12,24,M,167.5,70.55,25.15,119,1.19,83.01,95.06,99.19,149.62,0.57,1.14,105.26,13.53,0.0,1.79
6,json_l_comf_13,24,M,167.5,70.55,25.15,118,1.18,50.18,42.77,45.02,19.05,0.3,0.6,200.0,15.95,6.06,1.78
6,json_l_fast_01,24,M,167.5,70.55,25.15,111,1.11,97.12,75.01,71.3,87.1,0.42,0.85,141.18,25.69,6.06,5.77
6,json_l_fast_02,24,M,167.5,70.55,25.15,110,1.1,96.56,76.4,81.55,96.88,0.41,0.82,146.34,23.31,6.06,7.35
6,json_l_fast_03,24,M,167.5,70.55,25.15,112,1.12,96.96,72.64,77.92,91.86,0.33,0.66,181.82,28.68,6.06,5.75
6,json_l_fast_04,24,M,167.5,70.55,25.15,110,1.1,97.0,75.04,86.05,96.83,0.51,1.02,117.65,25.53,37.74,5.75
6,json_l_fast_05,24,M,167.5,70.55,25.15,106,1.06,97.4,73.69,76.77,95.52,0.48,0.95,126.32,27.72,12.9,5.76
6,json_l_fast_06,24,M,167.5,70.55,25.15,110,1.1,113.13,81.1,81.42,94.53,0.3,0.6,200.0,32.98,6.06,13.12
6,json_l_fast_07,24,M,167.5,70.55,25.15,113,1.13,111.59,79.65,82.46,92.79,0.35,0.7,171.43,33.41,6.06,12.13
6,json_l_fast_08,24,M,167.5,70.55,25.15,112,1.12,111.85,76.46,91.3,89.07,0.45,0.9,133.33,37.59,6.06,7.68
6,json_l_fast_09,24,M,167.5,70.55,25.15,111,1.11,111.24,76.17,81.76,88.56,0.4,0.8,150.0,37.43,6.06,5.79
6,json_l_fast_10,24,M,167.5,70.55,25.15,112,1.12,114.5,74.94,82.89,84.57,0.37,0.74,162.16,41.77,6.06,5.97
6,json_l_fast_11,24,M,167.5,70.55,25.15,110,1.1,108.41,74.8,79.44,80.88,0.4,0.81,148.15,36.68,6.06,12.09
6,json_l_slow_01,24,M,167.5,70.55,25.15,120,1.2,128.44,77.15,105.33,133.97,0.38,0.77,155.84,49.89,2.63,0.89
6,json_l_slow_02,24,M,167.5,70.55,25.15,125,1.25,113.47,73.98,104.97,129.92,0.43,0.86,139.53,42.14,11.76,1.7
6,json_l_slow_03,24,M,167.5,70.55,25.15,121,1.21,165.26,68.66,110.03,117.53,0.38,0.76,157.89,82.59,28.97,1.77
6,json_l_slow_04,24,M,167.5,70.55,25.15,121,1.21,169.32,58.18,94.54,90.27,0.5,1.0,120.0,97.71,20.0,3.25
6,json_l_slow_05,24,M,167.5,70.55,25.15,121,1.21,167.86,60.28,74.51,71.26,0.31,0.62,193.55,94.32,17.65,6.05
6,json_l_slow_06,24,M,167.5,70.55,25.15,121,1.21,116.25,81.54,89.94,94.6,0.38,0.75,160.0,35.1,0.0,14.63
6,json_l_slow_07,24,M,167.5,70.55,25.15,120,1.2,108.08,87.83,85.37,100.87,0.36,0.72,166.67,20.68,0.0,14.47
6,json_l_slow_08,24,M,167.5,70.55,25.15,121,1.21,113.56,81.45,89.27,100.7,0.37,0.74,162.16,32.93,0.0,16.4
6,json_l_slow_09,24,M,167.5,70.55,25.15,122,1.22,112.7,87.07,103.13,107.31,0.47,0.94,127.66,25.66,58.52,14.44
6,json_l_slow_10,24,M,167.5,70.55,25.15,121,1.21,108.13,88.78,84.05,89.32,0.57,1.15,104.35,19.65,5.22,14.51
6,json_r_comf_01,24,M,167.5,70.55,25.15,122,1.22,96.14,92.43,89.33,88.04,0.43,0.86,139.53,3.94,0.0,3.59
6,json_r_comf_02,24,M,167.5,70.55,25.15,121,1.21,93.87,94.89,56.55,88.73,0.32,0.64,187.5,1.08,12.5,3.46
6,json_r_comf_03,24,M,167.5,70.55,25.15,119,1.19,91.37,94.35,75.26,81.29,0.6,1.2,100.0,3.2,6.67,3.48
6,json_r_comf_04,24,M,167.5,70.55,25.15,118,1.18,80.64,87.82,81.84,64.75,0.39,0.78,153.85,8.52,19.88,1.92
6,json_r_comf_05,24,M,167.5,70.55,25.15,119,1.19,88.34,94.15,57.43,90.11,0.42,0.85,141.18,6.37,6.06,12.42
6,json_r_comf_06,24,M,167.5,70.55,25.15,119,1.19,93.71,91.69,62.48,99.98,0.42,0.85,141.18,2.19,6.06,5.08
6,json_r_comf_07,24,M,167.5,70.55,25.15,118,1.18,93.2,92.64,78.29,97.28,0.33,0.67,179.1,0.6,8.96,2.7
6,json_r_comf_08,24,M,167.5,70.55,25.15,116,1.16,89.42,94.52,74.15,100.85,0.35,0.7,171.43,5.54,0.0,2.66
6,json_r_comf_09,24,M,167.5,70.55,25.15,117,1.17,91.67,91.64,76.95,86.94,0.4,0.8,150.0,0.03,6.45,2.62
6,json_r_comf_10,24,M,167.5,70.55,25.15,119,1.19,93.38,93.97,69.68,87.85,0.46,0.92,130.43,0.64,26.09,3.48
6,json_r_fast_01,24,M,167.5,70.55,25.15,111,1.11,98.59,92.26,78.12,111.2,0.69,1.38,86.96,6.64,37.68,9.8
6,json_r_fast_02,24,M,167.5,70.55,25.15,112,1.12,95.41,75.96,76.13,105.28,0.33,0.66,181.82,22.7,6.06,7.35
6,json_r_fast_03,24,M,167.5,70.55,25.15,113,1.13,95.1,74.8,77.42,99.43,0.55,1.1,109.09,23.9,0.0,8.84
6,json_r_fast_04,24,M,167.5,70.55,25.15,113,1.13,90.06,82.47,84.29,131.16,0.55,1.1,109.09,8.79,0.0,8.85
6,json_r_fast_05,24,M,167.5,70.55,25.15,112,1.12,97.21,81.97,76.35,108.46,0.52,1.04,115.38,17.0,18.95,5.3
6,json_r_fast_06,24,M,167.5,70.55,25.15,113,1.13,94.11,78.15,85.63,99.97,0.53,1.06,113.21,18.54,0.0,5.64
6,json_r_fast_07,24,M,167.5,70.55,25.15,113,1.13,94.22,75.68,96.87,94.84,0.52,1.04,115.38,21.82,0.0,6.15
6,json_r_fast_08,24,M,167.5,70.55,25.15,112,1.12,81.77,79.72,69.1,114.93,0.38,0.76,157.89,2.54,42.11,9.1
6,json_r_fast_09,24,M,167.5,70.55,25.15,111,1.11,92.37,74.69,75.65,102.67,0.52,1.04,115.38,21.17,0.0,7.12
6,json_r_fast_10,24,M,167.5,70.55,25.15,110,1.1,90.85,77.71,66.88,100.3,0.43,0.86,139.53,15.58,0.0,8.42
6,json_r_slow_01,24,M,167.5,70.55,25.15,123,1.23,54.98,55.94,57.83,126.09,0.42,0.85,141.18,1.74,6.06,4.19
6,json_r_slow_02,24,M,167.5,70.55,25.15,125,1.25,56.4,65.8,76.24,108.74,0.43,0.86,139.53,15.38,0.0,10.18
6,json_r_slow_03,24,M,167.5,70.55,25.15,119,1.19,26.91,25.79,29.41,86.27,0.51,1.02,117.65,4.25,0.0,8.11
6,json_r_slow_04,24,M,167.5,70.55,25.15,121,1.21,53.81,60.82,45.34,103.62,0.39,0.78,153.85,12.25,6.06,10.14
6,json_r_slow_05,24,M,167.5,70.55,25.15,120,1.2,54.59,57.52,54.11,104.75,0.5,1.0,120.0,5.23,66.67,6.34
6,json_r_slow_06,24,M,167.5,70.55,25.15,120,1.2,51.1,52.49,44.19,130.82,0.42,0.85,141.18,2.69,6.06,6.61
6,json_r_slow_07,24,M,167.5,70.55,25.15,121,1.21,49.83,51.81,47.89,102.76,0.3,0.6,200.0,3.89,0.0,11.3
6,json_r_slow_08,24,M,167.5,70.55,25.15,121,1.21,87.8,89.26,86.26,115.96,0.71,1.42,84.51,1.64,0.0,2.07
6,json_r_slow_09,24,M,167.5,70.55,25.15,120,1.2,58.86,34.18,71.11,76.07,0.42,0.85,141.18,53.05,6.06,12.43
6,json_r_slow_10,24,M,167.5,70.55,25.15,121,1.21,55.79,36.73,69.86,66.01,0.37,0.74,162.16,41.2,6.06,14.48
6,json_r_slow_11,24,M,167.5,70.55,25.15,121,1.21,51.14,33.96,76.05,75.94,0.42,0.85,141.18,40.38,6.06,14.0
6,json_r_slow_12,24,M,167.5,70.55,25.15,99,0.99,37.88,48.06,68.33,51.36,0.42,0.85,141.18,23.7,6.06,14.09
6,json_r_slow_13,24,M,167.5,70.55,25.15,120,1.2,55.56,46.8,83.03,93.24,0.33,0.66,181.82,17.1,6.06,3.61
5,json_l_comf_01,23,M,182.6,95.03,28.5,115,1.15,73.7,72.85,74.98,64.5,0.61,1.22,98.36,1.16,39.34,12.05
5,json_l_comf_02,23,M,182.6,95.03,28.5,112,1.12,69.88,55.24,79.45,68.2,0.7,1.39,86.33,23.4,12.95,12.67
5,json_l_comf_03,23,M,182.6,95.03,28.5,116,1.16,98.23,115.7,67.1,85.49,0.66,1.32,90.91,16.33,6.06,8.19
5,json_l_comf_04,23,M,182.6,95.03,28.5,115,1.15,99.13,106.01,80.65,100.46,0.83,1.66,72.29,6.71,18.66,9.51
5,json_l_comf_05,23,M,182.6,95.03,28.5,115,1.15,98.03,48.93,90.51,107.96,0.35,0.7,171.43,66.82,18.66,16.92
5,json_l_comf_06,23,M,182.6,95.03,28.5,115,1.15,54.25,46.84,64.86,75.63,0.71,1.42,84.51,14.67,22.54,6.21
5,json_l_comf_07,23,M,182.6,95.03,28.5,115,1.15,80.75,51.87,101.61,84.76,0.4,0.81,148.15,43.56,12.35,11.95
5,json_l_comf_08,23,M,182.6,95.03,28.5,115,1.15,81.61,54.63,85.68,88.46,0.61,1.22,98.36,39.6,68.85,10.66
5,json_l_comf_09,23,M,182.6,95.03,28.5,115,1.15,77.5,52.53,98.94,88.03,0.64,1.28,93.75,38.4,28.12,5.49
5,json_l_comf_10,23,M,182.6,95.03,28.5,117,1.17,81.16,52.76,117.41,87.59,0.82,1.63,73.62,42.41,1.23,4.59
5,json_l_comf_11,23,M,182.6,95.03,28.5,118,1.18,81.56,65.59,102.29,88.51,0.54,1.07,112.15,21.71,84.11,4.45
5,json_l_fast_01,23,M,182.6,95.03,28.5,115,1.15,31.95,46.95,42.8,29.69,0.48,0.95,126.33,38.02,18.66,15.01
5,json_l_fast_02,23,M,182.6,95.03,28.5,115,1.15,52.7,51.63,88.05,52.8,0.46,0.92,130.43,2.05,18.66,15.46
5,json_l_fast_03,23,M,182.6,95.03,28.5,114,1.14,43.21,49.86,54.47,45.52,0.41,0.82,146.34,14.29,53.66,10.84
5,json_l_fast_04,23,M,182.6,95.03,28.5,114,1.14,39.85,46.07,46.07,45.07,0.4,0.8,150.0,14.49,40.0,15.98
5,json_l_fast_05,23,M,182.6,95.03,28.5,115,1.15,31.63,54.49,32.71,34.89,0.48,0.95,126.33,53.1,18.66,16.5
5,json_l_fast_06,23,M,182.6,95.03,28.5,114,1.14,33.9,50.17,49.96,40.09,0.4,0.8,150.0,38.71,18.66,14.57
5,json_l_fast_07,23,M,182.6,95.03,28.5,114,1.14,36.19,53.12,48.93,42.78,0.42,0.83,144.58,37.93,45.78,14.09
5,json_l_fast_08,23,M,182.6,95.03,28.5,114,1.14,52.45,51.71,66.1,37.9,0.44,0.88,136.36,1.41,37.84,5.52
5,json_l_fast_09,23,M,182.6,95.03,28.5,115,1.15,54.86,45.06,71.39,36.24,0.64,1.29,93.02,19.61,17.05,14.59
5,json_l_fast_10,23,M,182.6,95.03,28.5,116,1.16,54.32,55.7,80.23,60.15,0.42,0.84,142.86,2.51,72.57,3.62
5,json_l_slow_01,23,M,182.6,95.03,28.5,126,1.26,159.44,77.63,120.06,108.42,0.43,0.86,139.53,69.01,8.89,3.17
5,json_l_slow_02,23,M,182.6,95.03,28.5,123,1.23,171.75,71.7,87.12,93.54,0.55,1.1,109.09,82.19,65.45,3.16
5,json_l_slow_03,23,M,182.6,95.03,28.5,124,1.24,172.0,69.76,89.75,92.01,0.62,1.23,97.56,84.57,40.65,4.07
5,json_l_slow_04,23,M,182.6,95.03,28.5,126,1.26,168.69,75.37,86.52,107.87,0.37,0.74,162.16,76.47,29.89,3.19
5,json_l_slow_05,23,M,182.6,95.03,28.5,123,1.23,170.48,69.11,81.6,89.77,0.62,1.23,97.56,84.62,8.13,4.21
5,json_l_slow_06,23,M,182.6,95.03,28.5,125,1.25,170.92,66.8,86.63,92.34,0.44,0.89,134.83,87.6,15.73,4.2
5,json_l_slow_07,23,M,182.6,95.03,28.5,125,1.25,167.1,69.86,85.82,95.89,0.54,1.07,112.15,82.07,5.61,6.09
5,json_l_slow_08,23,M,182.6,95.03,28.5,128,1.28,168.55,63.09,95.28,90.45,0.5,1.0,120.0,91.06,24.0,6.1
5,json_l_slow_09,23,M,182.6,95.03,28.5,127,1.27,174.95,77.66,98.78,118.5,0.57,1.15,104.35,77.03,33.04,4.06
5,json_l_slow_10,23,M,182.6,95.03,28.5,129,1.29,108.06,76.57,83.15,76.13,0.5,1.0,120.0,34.11,0.0,4.23
5,json_l_slow_11,23,M,182.6,95.03,28.5,126,1.26,157.98,79.64,122.05,111.54,0.46,0.93,129.03,65.94,14.69,3.81
5,json_r_comf_01,23,M,182.6,95.03,28.5,128,1.28,94.95,93.56,82.3,80.46,0.78,1.55,77.42,1.47,3.87,4.89
5,json_r_comf_02,23,M,182.6,95.03,28.5,122,1.22,101.58,84.75,86.85,87.22,0.53,1.06,113.21,18.06,11.32,4.12
5,json_r_comf_03,23,M,182.6,95.03,28.5,121,1.21,77.15,77.69,90.37,81.16,0.47,0.94,127.66,0.7,11.24,4.31
5,json_r_comf_04,23,M,182.6,95.03,28.5,119,1.19,55.55,81.69,76.91,80.38,0.54,1.08,111.11,38.1,7.41,5.71
5,json_r_comf_05,23,M,182.6,95.03,28.5,117,1.17,52.16,81.66,85.62,75.57,0.46,0.92,130.43,44.08,29.21,5.24
5,json_r_comf_06,23,M,182.6,95.03,28.5,119,1.19,56.76,73.62,91.89,90.42,0.36,0.71,169.01,25.85,17.22,2.64
5,json_r_comf_07,23,M,182.6,95.03,28.5,118,1.18,82.57,68.82,83.97,78.64,0.48,0.97,123.71,18.16,15.22,4.98
5,json_r_comf_08,23,M,182.6,95.03,28.5,120,1.2,83.59,68.54,88.96,77.93,0.44,0.88,136.36,19.79,1.13,4.99
5,json_r_comf_09,23,M,182.6,95.03,28.5,119,1.19,168.84,71.66,97.06,83.88,0.54,1.09,110.09,80.82,3.64,5.63
5,json_r_comf_10,23,M,182.6,95.03,28.5,117,1.17,169.88,65.83,92.58,89.75,0.43,0.86,139.53,88.28,50.75,5.5
5,json_r_fast_01,23,M,182.6,95.03,28.5,115,1.15,112.12,78.26,100.76,85.54,0.55,1.1,109.09,35.57,3.64,5.87
5,json_r_fast_02,23,M,182.6,95.03,28.5,115,1.15,99.4,80.33,90.93,102.22,0.44,0.88,136.36,21.21,7.06,5.55
5,json_r_fast_03,23,M,182.6,95.03,28.5,115,1.15,97.96,78.75,88.97,82.11,0.48,0.95,126.33,21.74,18.66,5.8
5,json_r_fast_04,23,M,182.6,95.03,28.5,114,1.14,97.29,81.54,94.85,79.64,0.46,0.93,129.03,17.62,10.75,3.82
5,json_r_fast_05,23,M,182.6,95.03,28.5,116,1.16,99.71,83.74,94.83,125.72,0.45,0.9,133.33,17.41,33.85,3.91
5,json_r_fast_06,23,M,182.6,95.03,28.5,115,1.15,96.94,79.7,96.87,85.98,0.47,0.94,127.66,19.52,20.11,4.9
5,json_r_fast_07,23,M,182.6,95.03,28.5,117,1.17,96.44,77.74,95.05,81.53,0.48,0.96,125.0,21.47,24.72,5.69
5,json_r_fast_08,23,M,182.6,95.03,28.5,116,1.16,107.81,82.51,97.6,97.18,0.48,0.95,126.33,26.58,18.66,5.72
5,json_r_fast_09,23,M,182.6,95.03,28.5,116,1.16,100.2,78.65,87.94,95.68,0.5,0.99,121.21,24.09,2.02,5.28
5,json_r_fast_10,23,M,182.6,95.03,28.5,116,1.16,98.79,81.58,95.94,92.81,0.51,1.02,117.65,19.09,59.74,5.31
5,json_r_slow_01,23,M,182.6,95.03,28.5,124,1.24,52.0,55.22,61.05,95.93,0.48,0.96,125.0,6.01,36.89,5.36
5,json_r_slow_02,23,M,182.6,95.03,28.5,125,1.25,52.23,54.62,60.66,95.03,0.44,0.89,134.83,4.47,65.17,10.05
5,json_r_slow_03,23,M,182.6,95.03,28.5,128,1.28,45.67,46.67,47.1,89.61,0.33,0.66,181.82,2.17,42.42,8.52
5,json_r_slow_04,23,M,182.6,95.03,28.5,126,1.26,50.33,55.12,50.61,96.8,0.34,0.69,173.91,9.09,47.85,5.11
5,json_r_slow_05,23,M,182.6,95.03,28.5,126,1.26,56.74,56.41,86.34,108.55,0.34,0.69,173.91,0.57,51.16,3.47
5,json_r_slow_06,23,M,182.6,95.03,28.5,125,1.25,54.67,54.83,80.81,112.64,0.4,0.8,150.0,0.3,0.0,3.53
5,json_r_slow_07,23,M,182.6,95.03,28.5,126,1.26,60.61,56.05,83.14,112.39,0.77,1.54,77.92,7.82,5.19,4.96
5,json_r_slow_08,23,M,182.6,95.03,28.5,127,1.27,67.68,49.38,79.73,92.72,0.52,1.05,114.29,31.26,9.52,4.33
5,json_r_slow_09,23,M,182.6,95.03,28.5,125,1.25,70.35,55.62,92.42,87.33,0.38,0.76,157.89,23.38,4.03,4.17
5,json_r_slow_10,23,M,182.6,95.03,28.5,127,1.27,69.59,56.26,88.7,98.2,0.42,0.83,144.58,21.18,49.44,4.2
4,json_l_comf_01,35,M,183.5,68.75,20.42,113,1.13,93.75,83.34,59.39,66.51,0.43,0.86,139.53,11.77,3.55,11.67
4,json_l_comf_02,35,M,183.5,68.75,20.42,113,1.13,95.38,88.76,44.44,66.27,0.35,0.7,171.43,7.19,12.08,11.37
4,json_l_comf_03,35,M,183.5,68.75,20.42,112,1.12,91.82,90.45,62.73,74.88,0.79,1.58,75.95,1.51,0.0,13.08
4,json_l_comf_04,35,M,183.5,68.75,20.42,113,1.13,92.61,92.88,49.15,78.72,0.44,0.88,136.36,0.29,15.57,13.03
4,json_l_comf_05,35,M,183.5,68.75,20.42,113,1.13,57.89,56.74,70.56,69.21,0.37,0.74,162.16,2.01,17.93,5.26
4,json_l_comf_06,35,M,183.5,68.75,20.42,112,1.12,60.27,61.78,93.39,84.44,0.39,0.78,153.85,2.46,15.38,2.62
4,json_l_comf_07,35,M,183.5,68.75,20.42,113,1.13,49.75,54.3,57.6,80.72,0.4,0.8,150.0,8.75,8.48,4.44
4,json_l_comf_08,35,M,183.5,68.75,20.42,113,1.13,53.01,59.53,60.6,63.28,0.38,0.76,157.89,11.58,21.38,4.37
4,json_l_comf_09,35,M,183.5,68.75,20.42,112,1.12,60.16,60.63,99.46,89.2,0.38,0.76,157.89,0.77,12.08,3.1
4,json_l_comf_10,35,M,183.5,68.75,20.42,113,1.13,57.21,57.43,69.86,78.19,0.35,0.7,171.43,0.39,0.0,4.38
4,json_l_fast_01,35,M,183.5,68.75,20.42,110,1.1,57.99,65.68,73.31,118.67,0.33,0.66,181.82,12.45,21.62,3.17
4,json_l_fast_02,35,M,183.5,68.75,20.42,111,1.11,55.95,63.13,70.49,100.85,0.42,0.84,142.86,12.06,14.63,2.15
4,json_l_fast_03,35,M,183.5,68.75,20.42,112,1.12,58.73,64.78,70.36,125.87,0.49,0.98,122.45,9.8,12.24,2.29
4,json_l_fast_04,35,M,183.5,68.75,20.42,111,1.11,60.82,62.95,76.79,61.44,0.47,0.94,127.66,3.43,34.04,1.58
4,json_l_fast_05,35,M,183.5,68.75,20.42,111,1.11,60.4,67.43,72.94,61.98,0.44,0.88,136.36,10.99,45.45,1.62
4,json_l_fast_06,35,M,183.5,68.75,20.42,111,1.11,59.99,65.82,70.11,62.35,0.46,0.92,130.43,9.27,0.0,1.53
4,json_l_fast_07,35,M,183.5,68.75,20.42,112,1.12,59.13,65.86,62.16,54.54,0.42,0.84,142.86,10.76,6.13,2.19
4,json_l_fast_08,35,M,183.5,68.75,20.42,110,1.1,57.99,66.2,79.29,60.95,0.42,0.83,144.58,13.23,50.6,1.57
4,json_l_fast_09,35,M,183.5,68.75,20.42,111,1.11,58.35,65.31,64.75,53.18,0.5,0.99,121.21,11.26,2.02,1.65
4,json_l_fast_10,35,M,183.5,68.75,20.42,112,1.12,57.25,64.94,71.49,81.51,0.42,0.85,141.18,12.59,30.59,2.18
4,json_l_slow_01,35,M,183.5,68.75,20.42,120,1.2,33.98,48.38,30.7,125.09,0.46,0.92,130.43,34.96,0.0,2.39
4,json_l_slow_02,35,M,183.5,68.75,20.42,119,1.19,38.31,58.35,32.14,112.47,0.45,0.9,133.33,41.47,4.44,2.13
4,json_l_slow_03,35,M,183.5,68.75,20.42,119,1.19,52.3,61.35,51.05,132.67,0.35,0.7,171.43,15.93,22.86,3.89
4,json_l_slow_04,35,M,183.5,68.75,20.42,120,1.2,44.59,48.15,55.62,113.65,0.38,0.76,157.89,7.67,0.0,5.67
4,json_l_slow_05,35,M,183.5,68.75,20.42,119,1.19,62.5,50.86,65.14,74.11,0.63,1.26,95.24,20.52,25.4,14.93
4,json_l_slow_06,35,M,183.5,68.75,20.42,119,1.19,69.46,53.31,73.44,70.26,0.58,1.17,102.56,26.31,56.41,4.44
4,json_l_slow_07,35,M,183.5,68.75,20.42,118,1.18,48.28,47.86,52.29,79.19,0.41,0.82,146.34,0.87,50.47,13.63
4,json_l_slow_08,35,M,183.5,68.75,20.42,119,1.19,53.21,59.42,63.29,114.21,0.65,1.3,92.31,11.03,43.08,2.32
4,json_l_slow_09,35,M,183.5,68.75,20.42,119,1.19,59.66,78.87,66.65,131.29,0.44,0.87,137.93,27.74,0.0,3.11
4,json_l_slow_10,35,M,183.5,68.75,20.42,115,1.15,56.72,77.02,60.59,133.94,0.33,0.66,181.82,30.35,19.18,2.1
4,json_l_slow_11,35,M,183.5,68.75,20.42,120,1.2,83.43,51.58,64.31,76.68,0.66,1.31,91.6,47.18,1.53,14.47
4,json_r_comf_01,35,M,183.5,68.75,20.42,113,1.13,103.96,79.73,92.52,93.57,0.6,1.19,100.84,26.38,1.68,1.96
4,json_r_comf_02,35,M,183.5,68.75,20.42,114,1.14,102.01,102.16,61.8,77.02,0.31,0.62,193.55,0.14,0.0,3.34
4,json_r_comf_03,35,M,183.5,68.75,20.42,114,1.14,102.94,108.74,76.1,98.59,0.57,1.14,105.26,5.48,0.0,2.45
4,json_r_comf_04,35,M,183.5,68.75,20.42,114,1.14,107.69,84.56,68.82,82.6,0.34,0.68,176.47,24.06,0.0,4.95
4,json_r_comf_05,35,M,183.5,68.75,20.42,114,1.14,90.41,82.91,68.91,79.23,0.32,0.64,187.5,8.66,1.55,5.11
4,json_r_comf_06,35,M,183.5,68.75,20.42,114,1.14,94.58,67.03,71.93,79.41,0.34,0.68,176.47,34.09,80.37,4.98
4,json_r_comf_07,35,M,183.5,68.75,20.42,115,1.15,93.19,67.93,71.59,82.25,0.46,0.92,130.43,31.36,0.0,5.03
4,json_r_comf_08,35,M,183.5,68.75,20.42,115,1.15,93.33,75.81,61.72,74.18,0.38,0.76,157.89,20.72,11.92,4.71
4,json_r_comf_09,35,M,183.5,68.75,20.42,113,1.13,92.98,71.03,66.67,72.78,0.33,0.66,181.82,26.77,12.08,5.55
4,json_r_comf_10,35,M,183.5,68.75,20.42,114,1.14,87.07,66.34,68.47,74.45,0.45,0.9,133.33,27.03,12.08,9.24
4,json_r_fast_01,35,M,183.5,68.75,20.42,111,1.11,85.3,93.84,60.28,85.08,0.49,0.98,122.45,9.54,12.24,8.0
4,json_r_fast_02,35,M,183.5,68.75,20.42,111,1.11,60.7,58.97,97.34,84.82,0.55,1.1,109.09,2.89,10.91,3.26
4,json_r_fast_03,35,M,183.5,68.75,20.42,111,1.11,54.61,56.12,94.64,84.82,0.62,1.24,96.77,2.73,32.26,1.65
4,json_r_fast_04,35,M,183.5,68.75,20.42,112,1.12,60.01,64.3,98.58,83.84,0.54,1.08,111.11,6.9,27.49,2.39
4,json_r_fast_05,35,M,183.5,68.75,20.42,111,1.11,57.47,56.71,99.67,75.59,0.56,1.12,107.14,1.34,10.71,2.35
4,json_r_fast_06,35,M,183.5,68.75,20.42,113,1.13,58.11,64.4,93.37,86.57,0.38,0.76,157.89,10.27,23.26,1.73
4,json_r_fast_07,35,M,183.5,68.75,20.42,112,1.12,54.57,60.73,95.04,87.35,0.51,1.02,117.65,10.69,54.9,1.75
4,json_r_fast_08,35,M,183.5,68.75,20.42,112,1.12,60.27,61.84,96.66,118.68,0.55,1.1,109.09,2.57,0.0,1.61
4,json_r_fast_09,35,M,183.5,68.75,20.42,113,1.13,54.99,59.4,95.7,84.84,0.46,0.93,129.03,7.71,23.66,1.7
4,json_r_fast_10,35,M,183.5,68.75,20.42,112,1.12,57.96,62.06,91.26,85.38,0.55,1.1,109.09,6.83,21.11,1.78
4,json_r_slow_01,35,M,183.5,68.75,20.42,118,1.18,80.09,99.65,51.15,92.47,0.53,1.06,113.21,21.77,0.0,5.22
4,json_r_slow_02,35,M,183.5,68.75,20.42,118,1.18,54.91,45.46,77.54,113.94,0.48,0.96,125.0,18.82,0.0,2.16
4,json_r_slow_03,35,M,183.5,68.75,20.42,120,1.2,55.74,49.54,95.02,110.45,0.45,0.9,133.33,11.79,12.08,4.0
4,json_r_slow_04,35,M,183.5,68.75,20.42,120,1.2,53.51,50.11,84.31,109.09,0.35,0.7,171.43,6.56,19.18,2.11
4,json_r_slow_05,35,M,183.5,68.75,20.42,118,1.18,74.4,60.17,97.73,79.77,0.6,1.2,100.0,21.14,0.0,1.66
4,json_r_slow_06,35,M,183.5,68.75,20.42,120,1.2,75.27,58.22,91.68,76.53,0.53,1.06,113.21,25.55,0.0,1.28
4,json_r_slow_07,35,M,183.5,68.75,20.42,118,1.18,58.85,67.87,77.22,99.44,0.5,0.99,121.21,14.24,14.14,3.38
4,json_r_slow_08,35,M,183.5,68.75,20.42,120,1.2,57.7,72.27,82.77,105.98,0.54,1.07,112.15,22.42,1.87,4.1
4,json_r_slow_09,35,M,183.5,68.75,20.42,120,1.2,55.36,68.53,67.31,108.21,0.56,1.12,107.14,21.26,0.0,5.0
4,json_r_slow_10,35,M,183.5,68.75,20.42,119,1.19,50.84,53.27,53.19,112.26,0.31,0.62,193.55,4.67,65.22,2.12
3,json_l_comf_01,26,M,180.0,90.18,27.83,122,1.22,111.79,76.32,89.58,136.19,0.64,1.28,93.75,37.71,9.05,4.91
3,json_l_comf_02,26,M,180.0,90.18,27.83,119,1.19,162.91,82.49,61.96,131.67,0.49,0.98,122.5,65.54,9.05,5.87
3,json_l_comf_03,26,M,180.0,90.18,27.83,119,1.19,166.95,76.56,85.27,130.84,0.62,1.24,96.77,74.24,9.05,6.3
3,json_l_comf_04,26,M,180.0,90.18,27.83,119,1.19,160.35,72.26,79.14,131.43,0.62,1.24,96.77,75.74,9.05,8.35
3,json_l_comf_05,26,M,180.0,90.18,27.83,118,1.18,99.9,65.11,109.15,126.91,0.48,0.96,125.0,42.17,33.33,1.62
3,json_l_comf_06,26,M,180.0,90.18,27.83,118,1.18,102.67,84.39,94.22,123.77,0.49,0.98,122.5,19.55,9.05,0.14
3,json_l_comf_07,26,M,180.0,90.18,27.83,118,1.18,55.25,67.89,89.87,131.07,0.56,1.12,107.14,20.54,9.05,6.27
3,json_l_comf_08,26,M,180.0,90.18,27.83,118,1.18,165.3,74.54,103.72,135.44,0.39,0.78,153.85,75.68,51.78,4.17
3,json_l_comf_11,26,M,180.0,90.18,27.83,120,1.2,115.36,80.43,92.92,137.78,0.49,0.98,122.5,35.68,9.05,4.11
3,json_l_fast_01,26,M,180.0,90.18,27.83,112,1.12,56.18,74.48,53.36,61.94,0.6,1.2,100.0,28.0,9.05,10.86
3,json_l_fast_02,26,M,180.0,90.18,27.83,112,1.12,44.67,70.49,25.0,76.47,0.5,1.01,118.81,44.85,9.9,10.86
3,json_l_fast_03,26,M,180.0,90.18,27.83,112,1.12,38.89,67.95,26.04,78.83,0.62,1.23,97.56,54.39,8.13,9.44
3,json_l_fast_04,26,M,180.0,90.18,27.83,111,1.11,44.62,62.88,35.06,83.42,0.55,1.09,110.09,33.97,1.83,9.75
3,json_l_fast_05,26,M,180.0,90.18,27.83,111,1.11,41.25,75.51,48.17,78.95,0.56,1.13,106.19,58.68,5.31,9.48
3,json_l_fast_06,26,M,180.0,90.18,27.83,111,1.11,170.63,56.99,57.62,65.89,0.3,0.6,200.0,99.85,9.05,4.38
3,json_l_fast_07,26,M,180.0,90.18,27.83,108,1.08,155.84,49.31,41.09,68.4,0.57,1.14,105.26,103.85,9.05,5.92
3,json_l_fast_08,26,M,180.0,90.18,27.83,112,1.12,170.73,58.93,57.69,72.3,0.62,1.24,96.77,97.36,9.05,4.36
3,json_l_fast_09,26,M,180.0,90.18,27.83,113,1.13,165.62,53.19,50.26,65.55,0.6,1.2,100.0,102.76,13.33,4.31
3,json_l_fast_10,26,M,180.0,90.18,27.83,112,1.12,159.34,55.69,68.27,94.86,0.63,1.26,95.24,96.4,3.17,4.12
3,json_l_slow_01,26,M,180.0,90.18,27.83,131,1.31,51.93,64.57,44.39,88.24,0.36,0.73,164.38,21.71,5.63,4.48
3,json_l_slow_02,26,M,180.0,90.18,27.83,130,1.3,113.2,62.1,83.36,83.01,0.73,1.46,82.19,58.29,13.7,4.64
3,json_l_slow_03,26,M,180.0,90.18,27.83,131,1.31,59.35,68.75,65.92,97.11,0.52,1.03,116.5,14.67,17.48,4.34
3,json_l_slow_04,26,M,180.0,90.18,27.83,130,1.3,112.04,62.04,97.18,82.28,0.77,1.54,77.92,57.45,0.0,11.43
3,json_l_slow_05,26,M,180.0,90.18,27.83,129,1.29,121.27,73.41,82.77,77.65,0.74,1.48,81.08,49.16,9.05,14.08
3,json_l_slow_06,26,M,180.0,90.18,27.83,124,1.24,123.36,74.06,89.37,80.38,0.4,0.81,148.15,49.94,7.41,12.62
3,json_l_slow_07,26,M,180.0,90.18,27.83,129,1.29,116.82,74.4,83.58,77.26,0.72,1.44,83.33,44.36,9.05,10.91
3,json_l_slow_09,26,M,180.0,90.18,27.83,130,1.3,66.47,71.39,74.31,113.38,0.43,0.86,139.53,7.14,0.0,1.79
3,json_l_slow_10,26,M,180.0,90.18,27.83,127,1.27,163.32,70.98,120.28,120.9,0.45,0.9,133.33,78.82,19.78,3.19
3,json_l_slow_11,26,M,180.0,90.18,27.83,130,1.3,70.9,72.96,65.96,111.54,0.44,0.88,136.36,2.86,9.52,2.45
3,json_l_slow_12,26,M,180.0,90.18,27.83,129,1.29,114.43,83.02,85.61,107.12,0.44,0.88,136.36,31.82,20.36,8.81
3,json_r_comf_01,26,M,180.0,90.18,27.83,122,1.22,60.39,70.84,61.1,93.88,0.4,0.79,151.9,15.92,43.04,1.73
3,json_r_comf_02,26,M,180.0,90.18,27.83,122,1.22,57.17,76.17,72.07,91.02,0.57,1.14,105.26,28.5,0.0,5.93
3,json_r_comf_03,26,M,180.0,90.18,27.83,121,1.21,58.42,68.45,72.31,91.44,0.49,0.98,122.5,15.81,9.05,7.81
3,json_r_comf_04,26,M,180.0,90.18,27.83,122,1.22,59.11,64.73,73.46,93.12,0.36,0.72,166.67,9.07,22.22,3.22
3,json_r_comf_05,26,M,180.0,90.18,27.83,121,1.21,80.93,68.24,64.04,62.92,0.7,1.39,86.33,17.01,1.44,10.93
3,json_r_comf_06,26,M,180.0,90.18,27.83,121,1.21,95.92,76.64,71.62,70.04,0.38,0.77,155.84,22.35,65.38,1.75
3,json_r_comf_07,26,M,180.0,90.18,27.83,122,1.22,98.02,76.1,57.12,70.03,0.36,0.73,164.38,25.18,5.56,6.13
3,json_r_comf_08,26,M,180.0,90.18,27.83,119,1.19,97.27,76.97,55.52,65.63,0.7,1.4,85.71,23.3,9.05,7.31
3,json_r_comf_09,26,M,180.0,90.18,27.83,121,1.21,99.6,75.27,58.76,70.54,0.7,1.4,85.71,27.83,0.0,4.22
3,json_r_comf_10,26,M,180.0,90.18,27.83,121,1.21,96.37,78.94,70.57,75.77,0.35,0.7,171.43,19.88,14.57,3.41
3,json_r_fast_01,26,M,180.0,90.18,27.83,112,1.12,50.73,62.31,47.75,87.1,0.42,0.84,142.86,20.49,0.0,4.49
3,json_r_fast_02,26,M,180.0,90.18,27.83,111,1.11,169.88,75.47,103.68,101.31,0.53,1.06,113.21,76.96,3.77,1.65
3,json_r_fast_03,26,M,180.0,90.18,27.83,112,1.12,61.71,45.99,64.47,65.77,0.36,0.72,166.67,29.18,9.05,14.33
3,json_r_fast_04,26,M,180.0,90.18,27.83,113,1.13,58.62,51.06,73.13,60.91,0.52,1.04,115.38,13.78,9.05,2.61
3,json_r_fast_05,26,M,180.0,90.18,27.83,112,1.12,96.52,71.43,68.92,62.31,0.4,0.79,151.9,29.88,24.2,3.65
3,json_r_fast_06,26,M,180.0,90.18,27.83,110,1.1,97.59,69.52,54.97,67.09,0.31,0.62,193.55,33.6,0.0,2.52
3,json_r_fast_07,26,M,180.0,90.18,27.83,111,1.11,54.94,51.13,62.96,80.91,0.41,0.82,146.34,7.18,9.05,2.55
3,json_r_fast_08,26,M,180.0,90.18,27.83,112,1.12,53.77,53.55,78.21,69.64,0.54,1.07,112.15,0.41,1.87,1.73
3,json_r_fast_09,26,M,180.0,90.18,27.83,110,1.1,59.44,57.05,51.46,70.65,0.51,1.02,117.65,4.11,9.05,3.5
3,json_r_fast_10,26,M,180.0,90.18,27.83,109,1.09,54.7,55.71,69.23,81.99,0.62,1.24,96.77,1.83,19.35,4.34
3,json_r_slow_01,26,M,180.0,90.18,27.83,127,1.27,48.63,52.7,92.06,55.74,0.38,0.76,157.89,8.04,22.22,2.63
3,json_r_slow_02,26,M,180.0,90.18,27.83,128,1.28,62.71,93.12,77.85,112.71,0.47,0.94,127.66,39.03,68.09,2.13
3,json_r_slow_03,26,M,180.0,90.18,27.83,128,1.28,158.16,70.93,86.71,79.41,0.5,1.0,120.0,76.15,8.16,7.73
3,json_r_slow_04,26,M,180.0,90.18,27.83,132,1.32,155.41,78.44,84.38,94.79,0.44,0.89,134.83,65.83,13.19,3.41
3,json_r_slow_05,26,M,180.0,90.18,27.83,131,1.31,163.3,72.44,82.58,88.48,0.38,0.76,157.89,77.09,0.0,3.51
3,json_r_slow_06,26,M,180.0,90.18,27.83,129,1.29,161.16,67.69,71.96,79.28,0.38,0.76,157.89,81.69,7.79,2.55
3,json_r_slow_07,26,M,180.0,90.18,27.83,130,1.3,150.56,71.77,86.92,82.39,0.35,0.7,171.43,70.88,66.67,2.5
3,json_r_slow_08,26,M,180.0,90.18,27.83,131,1.31,160.38,67.88,69.95,68.32,0.4,0.79,151.9,81.05,7.59,2.52
3,json_r_slow_09,26,M,180.0,90.18,27.83,128,1.28,54.65,78.08,67.15,94.31,0.38,0.75,160.0,35.31,29.33,0.87
3,json_r_slow_10,26,M,180.0,90.18,27.83,130,1.3,50.32,80.33,59.24,103.88,0.3,0.6,200.0,45.94,9.05,1.68
2,json_l_comf_01,38,F,165.0,75.22,27.63,107,1.07,120.2,108.14,115.49,119.29,0.38,0.76,157.89,10.56,9.27,0.84
2,json_l_comf_02,38,F,165.0,75.22,27.63,108,1.08,178.23,69.76,69.58,100.43,0.54,1.08,111.11,87.48,1.9,10.11
2,json_l_comf_04,38,F,165.0,75.22,27.63,107,1.07,84.23,55.42,73.27,82.54,0.59,1.18,101.69,41.26,1.9,3.63
2,json_l_comf_05,38,F,165.0,75.22,27.63,108,1.08,67.68,63.13,75.89,76.35,0.59,1.18,101.69,6.96,1.9,0.9
2,json_l_comf_06,38,F,165.0,75.22,27.63,109,1.09,79.56,83.56,86.9,71.65,0.59,1.18,101.69,4.91,1.9,1.79
2,json_l_comf_07,38,F,165.0,75.22,27.63,110,1.1,53.52,103.05,62.0,62.39,0.74,1.48,81.08,63.27,1.9,0.06
2,json_l_comf_08,38,F,165.0,75.22,27.63,108,1.08,63.73,70.34,73.19,83.92,0.59,1.18,101.69,9.86,1.9,3.91
2,json_l_comf_09,38,F,165.0,75.22,27.63,109,1.09,91.47,68.35,90.84,79.58,0.56,1.12,107.14,28.94,1.9,1.97
2,json_l_comf_10,38,F,165.0,75.22,27.63,109,1.09,76.93,64.86,78.39,91.32,0.59,1.18,101.69,17.04,1.9,2.14
2,json_l_comf_11,38,F,165.0,75.22,27.63,110,1.1,74.5,64.61,89.63,87.52,0.6,1.19,100.84,14.21,8.4,0.87
2,json_l_fast_01,38,F,165.0,75.22,27.63,103,1.03,63.14,29.64,56.3,70.45,0.57,1.14,105.26,72.2,1.9,9.44
2,json_l_fast_02,38,F,165.0,75.22,27.63,106,1.06,73.1,37.23,64.91,70.52,0.59,1.18,101.69,65.02,1.9,7.9
2,json_l_fast_03,38,F,165.0,75.22,27.63,105,1.05,59.13,11.55,52.23,43.01,0.59,1.18,101.69,134.64,1.9,8.36
2,json_l_fast_04,38,F,165.0,75.22,27.63,102,1.02,54.1,47.61,63.17,50.28,0.71,1.42,84.51,12.76,1.9,12.44
2,json_l_fast_05,38,F,165.0,75.22,27.63,104,1.04,54.75,29.86,57.52,57.06,0.72,1.44,83.33,58.84,1.9,10.53
2,json_l_fast_06,38,F,165.0,75.22,27.63,104,1.04,55.26,22.14,58.65,45.26,0.56,1.12,107.14,85.56,1.9,10.51
2,json_l_fast_07,38,F,165.0,75.22,27.63,103,1.03,54.05,12.83,52.08,47.34,0.59,1.18,101.69,123.26,1.9,10.48
2,json_l_fast_08,38,F,165.0,75.22,27.63,107,1.07,58.22,32.12,58.02,53.25,0.59,1.18,101.69,57.79,1.9,10.52
2,json_l_fast_09,38,F,165.0,75.22,27.63,96,0.96,61.19,58.91,81.28,51.98,0.59,1.18,101.69,3.79,1.9,10.51
2,json_l_fast_10,38,F,165.0,75.22,27.63,106,1.06,81.76,95.35,71.42,109.84,0.62,1.25,96.0,15.34,11.2,9.46
2,json_l_fast_11,38,F,165.0,75.22,27.63,104,1.04,87.92,85.91,79.92,108.28,0.49,0.98,122.45,2.31,0.0,11.3
2,json_l_slow_01,38,F,165.0,75.22,27.63,121,1.21,88.41,82.11,71.88,101.8,0.6,1.2,100.0,7.38,1.9,15.91
2,json_l_slow_02,38,F,165.0,75.22,27.63,117,1.17,99.2,90.43,104.16,115.84,0.48,0.95,126.32,9.25,10.53,2.53
2,json_l_slow_03,38,F,165.0,75.22,27.63,124,1.24,100.68,84.41,81.65,105.03,0.62,1.25,96.0,17.58,4.8,4.17
2,json_l_slow_04,38,F,165.0,75.22,27.63,121,1.21,43.18,73.74,75.61,95.86,0.74,1.47,81.63,52.27,12.24,4.25
2,json_l_slow_05,38,F,165.0,75.22,27.63,123,1.23,75.56,91.17,105.02,112.02,0.72,1.44,83.33,18.72,0.0,4.21
2,json_l_slow_06,38,F,165.0,75.22,27.63,123,1.23,78.12,87.16,86.59,105.49,0.66,1.33,90.23,10.94,7.52,4.18
2,json_l_slow_07,38,F,165.0,75.22,27.63,129,1.29,79.34,85.1,92.39,108.51,0.39,0.78,153.85,7.0,0.0,4.37
2,json_l_slow_08,38,F,165.0,75.22,27.63,125,1.25,79.68,86.49,78.8,99.43,0.68,1.37,87.59,8.2,1.46,4.38
2,json_l_slow_09,38,F,165.0,75.22,27.63,125,1.25,78.66,85.16,86.95,103.5,0.66,1.31,91.6,7.92,1.53,4.39
2,json_l_slow_10,38,F,165.0,75.22,27.63,125,1.25,95.74,39.23,90.69,79.53,0.59,1.18,101.69,83.74,1.9,4.06
2,json_r_comf_01,38,F,165.0,75.22,27.63,115,1.15,94.54,84.16,88.3,91.62,0.51,1.02,117.65,11.62,1.9,10.86
2,json_r_comf_02,38,F,165.0,75.22,27.63,104,1.04,98.47,24.57,67.88,37.6,0.52,1.05,114.29,120.12,1.9,1.9
2,json_r_comf_03,38,F,165.0,75.22,27.63,114,1.14,91.1,54.85,85.5,66.91,0.66,1.32,90.91,49.67,0.0,5.5
2,json_r_comf_06,38,F,165.0,75.22,27.63,110,1.1,81.91,99.0,68.49,76.28,0.51,1.02,117.65,18.89,0.0,6.11
2,json_r_comf_07,38,F,165.0,75.22,27.63,110,1.1,80.67,86.03,79.86,91.35,0.62,1.24,96.77,6.43,0.0,5.58
2,json_r_comf_08,38,F,165.0,75.22,27.63,112,1.12,159.66,63.08,83.06,84.79,0.6,1.2,100.0,86.72,0.0,3.11
2,json_r_comf_09,38,F,165.0,75.22,27.63,112,1.12,159.18,60.79,69.42,85.28,0.56,1.13,106.19,89.46,8.85,0.12
2,json_r_comf_10,38,F,165.0,75.22,27.63,112,1.12,46.69,67.15,51.66,80.93,0.4,0.8,150.0,35.94,3.68,1.93
2,json_r_comf_11,38,F,165.0,75.22,27.63,111,1.11,148.03,87.98,81.18,105.71,0.72,1.44,83.33,50.89,0.0,2.1
2,json_r_comf_12,38,F,165.0,75.22,27.63,112,1.12,54.22,105.44,100.02,93.64,0.38,0.75,160.0,64.17,13.66,2.1
2,json_r_fast_02,38,F,165.0,75.22,27.63,103,1.03,103.09,74.84,70.78,75.38,0.31,0.62,193.55,31.75,1.9,7.82
2,json_r_fast_03,38,F,165.0,75.22,27.63,105,1.05,110.05,86.55,67.25,86.39,0.59,1.18,101.69,23.9,1.9,2.2
2,json_r_fast_04,38,F,165.0,75.22,27.63,105,1.05,103.93,90.66,62.8,88.87,0.59,1.18,101.69,13.63,1.9,6.23
2,json_r_fast_05,38,F,165.0,75.22,27.63,105,1.05,103.53,85.41,63.52,95.64,0.59,1.18,101.69,19.19,1.9,6.0
2,json_r_fast_06,38,F,165.0,75.22,27.63,107,1.07,102.71,84.31,66.79,89.85,0.59,1.18,101.69,19.68,1.9,6.16
2,json_r_fast_07,38,F,165.0,75.22,27.63,105,1.05,89.92,64.22,62.16,81.76,0.59,1.18,101.69,33.35,1.9,9.85
2,json_r_fast_08,38,F,165.0,75.22,27.63,106,1.06,95.47,68.42,67.2,85.16,0.59,1.18,101.69,33.0,1.9,8.16
2,json_r_fast_09,38,F,165.0,75.22,27.63,105,1.05,102.53,67.26,70.43,85.29,0.63,1.26,95.24,41.55,0.0,8.16
2,json_r_fast_10,38,F,165.0,75.22,27.63,106,1.06,49.51,82.02,78.36,88.7,0.53,1.06,113.21,49.42,0.0,6.45
2,json_r_fast_11,38,F,165.0,75.22,27.63,106,1.06,50.45,79.85,85.99,88.1,0.64,1.28,93.75,45.13,0.0,8.4
2,json_r_fast_12,38,F,165.0,75.22,27.63,105,1.05,53.27,80.42,73.68,90.6,0.52,1.05,114.29,40.61,5.71,8.39
2,json_r_slow_01,38,F,165.0,75.22,27.63,120,1.2,86.31,85.42,69.14,85.66,0.75,1.5,80.0,1.03,0.0,7.88
2,json_r_slow_02,38,F,165.0,75.22,27.63,126,1.26,71.51,35.11,75.77,57.08,0.72,1.43,83.92,68.29,6.99,9.54
2,json_r_slow_03,38,F,165.0,75.22,27.63,120,1.2,88.51,73.1,103.37,101.01,0.32,0.64,187.5,19.07,70.71,6.44
2,json_r_slow_04,38,F,165.0,75.22,27.63,121,1.21,92.43,100.74,73.29,98.68,0.56,1.13,106.19,8.6,1.77,5.88
2,json_r_slow_05,38,F,165.0,75.22,27.63,127,1.27,83.86,101.03,80.14,97.33,0.7,1.41,85.11,18.57,4.26,5.88
2,json_r_slow_06,38,F,165.0,75.22,27.63,132,1.32,63.18,95.55,79.21,70.99,0.62,1.24,96.77,40.78,0.0,5.9
2,json_r_slow_07,38,F,165.0,75.22,27.63,123,1.23,59.85,90.63,81.49,93.89,0.44,0.88,136.36,40.91,13.64,6.14
2,json_r_slow_08,38,F,165.0,75.22,27.63,129,1.29,70.69,101.78,94.18,96.63,0.38,0.75,160.0,36.04,41.76,6.16
2,json_r_slow_09,38,F,165.0,75.22,27.63,122,1.22,92.81,73.27,100.06,105.44,0.43,0.86,139.53,23.53,0.0,7.37
2,json_r_slow_10,38,F,165.0,75.22,27.63,122,1.22,89.58,65.83,97.53,106.36,0.59,1.18,101.69,30.57,10.17,7.06
1,json_l_comf_01,38,M,175.0,75.53,24.66,104,1.04,69.0,59.34,41.28,87.32,0.5,1.01,118.81,15.05,17.82,2.06
1,json_l_comf_02,38,M,175.0,75.53,24.66,105,1.05,25.44,74.18,37.28,88.12,0.5,1.02,118.23,97.86,13.34,12.06
1,json_l_comf_03,38,M,175.0,75.53,24.66,105,1.05,59.21,66.43,57.71,91.11,0.32,0.64,187.5,11.49,57.78,0.05
1,json_l_comf_04,38,M,175.0,75.53,24.66,107,1.07,49.98,72.33,47.56,84.07,0.46,0.92,130.43,36.55,13.34,12.5
1,json_l_comf_05,38,M,175.0,75.53,24.66,107,1.07,9.69,73.1,17.46,80.63,0.44,0.88,136.36,153.19,5.85,12.46
1,json_l_comf_06,38,M,175.0,75.53,24.66,105,1.05,70.92,59.59,66.92,89.8,0.48,0.97,123.71,17.35,47.42,1.85
1,json_l_comf_07,38,M,175.0,75.53,24.66,106,1.06,68.65,59.49,58.11,88.27,0.34,0.69,173.91,14.3,14.49,1.86
1,json_l_comf_08,38,M,175.0,75.53,24.66,106,1.06,44.64,69.11,61.68,87.29,0.32,0.64,187.5,43.02,72.16,1.87
1,json_l_comf_09,38,M,175.0,75.53,24.66,105,1.05,64.71,46.45,57.62,64.94,0.56,1.11,108.11,32.86,34.23,1.89
1,json_l_comf_10,38,M,175.0,75.53,24.66,106,1.06,58.09,68.1,64.42,87.38,0.33,0.66,181.82,15.87,2.99,1.9
1,json_l_fast_01,38,M,175.0,75.53,24.66,102,1.02,58.54,72.28,48.58,95.02,0.5,1.02,118.23,21.0,13.34,4.16
1,json_l_fast_02,38,M,175.0,75.53,24.66,102,1.02,60.69,75.03,30.74,103.32,0.48,0.97,123.71,21.12,14.43,4.38
1,json_l_fast_03,38,M,175.0,75.53,24.66,102,1.02,69.55,78.08,41.06,106.43,0.44,0.89,134.83,11.56,2.25,3.83
1,json_l_fast_04,38,M,175.0,75.53,24.66,103,1.03,65.67,76.55,53.01,97.48,0.5,1.02,118.23,15.3,13.34,5.94
1,json_l_fast_05,38,M,175.0,75.53,24.66,103,1.03,150.59,64.17,62.44,110.59,0.48,0.96,125.0,80.48,66.67,5.62
1,json_l_fast_06,38,M,175.0,75.53,24.66,102,1.02,102.88,80.11,68.89,100.06,0.5,1.02,118.23,24.88,13.34,4.82
1,json_l_fast_07,38,M,175.0,75.53,24.66,102,1.02,98.11,30.51,88.57,74.58,0.51,1.02,117.65,105.11,23.53,2.39
1,json_l_fast_08,38,M,175.0,75.53,24.66,105,1.05,110.31,52.03,99.02,106.87,0.49,0.98,122.45,71.79,13.04,4.73
1,json_l_fast_09,38,M,175.0,75.53,24.66,104,1.04,103.65,66.2,98.4,129.68,0.52,1.05,114.29,44.1,5.71,4.56
1,json_l_fast_10,38,M,175.0,75.53,24.66,103,1.03,44.02,30.25,49.04,43.22,0.5,1.02,118.23,37.07,13.34,2.53
1,json_l_fast_11,38,M,175.0,75.53,24.66,102,1.02,69.6,71.04,76.15,87.42,0.66,1.31,91.6,2.05,19.85,6.77
1,json_l_fast_12,38,M,175.0,75.53,24.66,100,1.0,93.56,77.83,67.47,91.93,0.46,0.92,130.43,18.35,13.34,4.75
1,json_l_fast_13,38,M,175.0,75.53,24.66,103,1.03,94.28,95.15,73.05,100.93,0.57,1.14,105.26,0.92,0.0,5.95
1,json_l_fast_14,38,M,175.0,75.53,24.66,102,1.02,89.57,90.11,69.03,100.01,0.33,0.66,181.82,0.6,13.34,6.54
1,json_l_fast_15,38,M,175.0,75.53,24.66,102,1.02,48.88,67.27,57.64,89.14,0.62,1.24,96.77,31.68,13.34,11.32
1,json_l_slow_01,38,M,175.0,75.53,24.66,114,1.14,80.37,45.68,57.68,103.58,0.64,1.27,94.49,55.04,7.87,3.69
1,json_l_slow_02,38,M,175.0,75.53,24.66,112,1.12,7.3,21.32,17.6,46.32,0.31,0.62,193.55,97.95,13.34,3.69
1,json_l_slow_03,38,M,175.0,75.53,24.66,113,1.13,24.23,66.78,33.14,82.2,0.66,1.32,90.91,93.49,34.48,3.67
1,json_l_slow_04,38,M,175.0,75.53,24.66,114,1.14,15.08,23.71,32.72,24.8,0.58,1.16,103.45,44.51,0.0,1.98
1,json_l_slow_05,38,M,175.0,75.53,24.66,113,1.13,30.84,72.81,49.81,84.93,0.68,1.35,88.89,80.97,4.44,1.87
1,json_l_slow_06,38,M,175.0,75.53,24.66,111,1.11,26.0,70.14,45.9,88.13,0.62,1.23,97.56,91.84,11.38,3.59
1,json_l_slow_07,38,M,175.0,75.53,24.66,111,1.11,39.35,73.77,44.6,88.92,0.63,1.26,95.24,60.84,0.0,3.6
1,json_l_slow_08,38,M,175.0,75.53,24.66,110,1.1,29.66,30.54,18.7,30.09,0.63,1.26,95.24,2.91,13.34,1.91
1,json_l_slow_09,38,M,175.0,75.53,24.66,111,1.11,43.49,70.89,43.91,92.73,0.63,1.26,95.24,47.91,3.17,1.93
1,json_l_slow_10,38,M,175.0,75.53,24.66,112,1.12,71.77,70.93,66.98,104.04,0.56,1.13,106.19,1.17,5.31,5.65
1,json_r_comf_01,38,M,175.0,75.53,24.66,108,1.08,67.67,71.82,58.36,100.71,0.4,0.79,151.9,5.95,16.28,3.54
1,json_r_comf_02,38,M,175.0,75.53,24.66,106,1.06,106.12,72.09,60.74,97.81,0.53,1.06,113.21,38.19,15.09,22.22
1,json_r_comf_03,38,M,175.0,75.53,24.66,105,1.05,101.24,76.66,81.82,104.3,0.61,1.22,98.36,27.64,13.11,5.26
1,json_r_comf_04,38,M,175.0,75.53,24.66,105,1.05,118.75,77.21,69.61,103.08,0.49,0.98,122.45,42.4,34.55,5.75
1,json_r_comf_05,38,M,175.0,75.53,24.66,105,1.05,109.63,73.26,62.1,102.74,0.34,0.69,173.91,39.78,11.27,3.6
1,json_r_comf_06,38,M,175.0,75.53,24.66,105,1.05,93.67,73.82,71.51,108.38,0.66,1.32,90.91,23.71,6.06,5.29
1,json_r_comf_07,38,M,175.0,75.53,24.66,106,1.06,98.9,73.4,69.39,110.23,0.35,0.7,171.43,29.6,0.0,4.5
1,json_r_comf_08,38,M,175.0,75.53,24.66,107,1.07,100.4,74.42,72.92,100.32,0.42,0.84,142.86,29.72,46.81,6.68
1,json_r_comf_09,38,M,175.0,75.53,24.66,106,1.06,98.46,77.51,76.0,105.52,0.66,1.33,90.23,23.82,31.58,3.59
1,json_r_comf_10,38,M,175.0,75.53,24.66,106,1.06,104.19,74.44,65.86,108.53,0.59,1.18,101.69,33.31,13.56,5.29
1,json_r_fast_01,38,M,175.0,75.53,24.66,101,1.01,60.22,67.47,59.4,98.07,0.46,0.93,129.03,11.36,45.16,3.86
1,json_r_fast_02,38,M,175.0,75.53,24.66,100,1.0,44.8,69.08,60.18,92.38,0.66,1.33,90.23,42.64,4.51,1.94
1,json_r_fast_03,38,M,175.0,75.53,24.66,101,1.01,64.7,67.97,49.22,107.7,0.6,1.19,100.84,4.94,38.66,2.03
1,json_r_fast_04,38,M,175.0,75.53,24.66,100,1.0,57.2,72.31,57.74,98.64,0.7,1.39,86.33,23.34,4.32,2.05
1,json_r_fast_05,38,M,175.0,75.53,24.66,101,1.01,54.22,68.64,56.37,107.96,0.42,0.84,142.86,23.47,66.67,2.05
1,json_r_fast_06,38,M,175.0,75.53,24.66,101,1.01,60.37,70.49,72.35,104.16,0.61,1.22,98.36,15.47,3.28,2.05
1,json_r_fast_07,38,M,175.0,75.53,24.66,102,1.02,65.78,70.86,58.59,108.75,0.64,1.28,93.75,7.45,0.0,2.04
1,json_r_fast_08,38,M,175.0,75.53,24.66,102,1.02,69.92,72.65,62.73,102.68,0.63,1.26,95.24,3.82,12.7,3.61
1,json_r_fast_09,38,M,175.0,75.53,24.66,101,1.01,69.06,70.36,72.53,112.16,0.52,1.05,114.29,1.87,32.38,3.76
1,json_r_fast_10,38,M,175.0,75.53,24.66,103,1.03,68.58,71.89,67.5,108.68,0.39,0.78,153.85,4.72,14.01,3.64
1,json_r_slow_01,38,M,175.0,75.53,24.66,111,1.11,65.07,65.02,59.65,98.4,0.5,0.99,121.21,0.07,2.0,1.88
1,json_r_slow_02,38,M,175.0,75.53,24.66,111,1.11,91.76,74.12,56.65,92.78,0.41,0.82,146.34,21.26,4.76,6.22
1,json_r_slow_03,38,M,175.0,75.53,24.66,113,1.13,58.19,65.97,67.05,96.63,0.33,0.66,181.82,12.53,35.0,3.85
1,json_r_slow_04,38,M,175.0,75.53,24.66,113,1.13,65.27,66.69,49.81,96.26,0.48,0.96,125.0,2.15,15.73,3.82
1,json_r_slow_05,38,M,175.0,75.53,24.66,112,1.12,58.29,62.26,45.92,96.84,0.59,1.18,101.69,6.59,0.0,3.86
1,json_r_slow_06,38,M,175.0,75.53,24.66,109,1.09,62.39,53.21,56.26,93.75,0.42,0.84,142.86,15.89,66.67,3.86
1,json_r_slow_07,38,M,175.0,75.53,24.66,114,1.14,67.76,67.79,69.17,105.98,0.62,1.25,96.0,0.05,4.8,5.5
1,json_r_slow_08,38,M,175.0,75.53,24.66,111,1.11,121.96,63.29,65.74,97.93,0.48,0.97,123.71,63.34,7.49,4.97
1,json_r_slow_09,38,M,175.0,75.53,24.66,103,1.03,66.32,66.03,62.2,96.67,0.55,1.11,108.11,0.44,16.22,19.88
1,json_r_slow_10,38,M,175.0,75.53,24.66,113,1.13,66.96,60.28,56.54,88.26,0.34,0.68,176.47,10.5,25.17,15.72
